{"type":"FeatureCollection","crs":{"type":"name","properties":{"name":"urn:ogc:def:crs:OGC:1.3:CRS84"}},"features":[{"type":"Feature","properties":{"n":"ANTIOQUIA"},"geometry":{"type":"Polygon","coordinates":[[[-76.307,8.619],[-76.298,8.616],[-76.292,8.618],[-76.276,8.609],[-76.263,8.604],[-76.252,8.594],[-76.24,8.59],[-76.227,8.584],[-76.228,8.579],[-76.217,8.572],[-76.216,8.564],[-76.214,8.551],[-76.212,8.535],[-76.212,8.522],[-76.208,8.501],[-76.205,8.488],[-76.202,8.472],[-76.201,8.464],[-76.198,8.451],[-76.196,8.438],[-76.195,8.427],[-76.197,8.418],[-76.201,8.417],[-76.219,8.402],[-76.234,8.389],[-76.247,8.375],[-76.254,8.37],[-76.266,8.35],[-76.284,8.318],[-76.299,8.295],[-76.312,8.274],[-76.328,8.253],[-76.343,8.233],[-76.355,8.2],[-76.365,8.189],[-76.373,8.164],[-76.383,8.15],[-76.385,8.146],[-76.393,8.133],[-76.392,8.131],[-76.395,8.119],[-76.399,8.103],[-76.401,8.098],[-76.406,8.088],[-76.407,8.083],[-76.413,8.073],[-76.414,8.064],[-76.415,8.062],[-76.416,8.043],[-76.415,8.026],[-76.416,8.019],[-76.418,7.999],[-76.421,7.984],[-76.422,7.982],[-76.423,7.973],[-76.428,7.957],[-76.432,7.949],[-76.448,7.92],[-76.456,7.91],[-76.461,7.894],[-76.464,7.884],[-76.468,7.877],[-76.481,7.852],[-76.49,7.835],[-76.497,7.798],[-76.5,7.774],[-76.501,7.766],[-76.505,7.739],[-76.509,7.719],[-76.514,7.694],[-76.514,7.678],[-76.519,7.658],[-76.518,7.646],[-76.515,7.637],[-76.51,7.62],[-76.506,7.61],[-76.503,7.598],[-76.488,7.58],[-76.482,7.561],[-76.477,7.535],[-76.466,7.529],[-76.456,7.511],[-76.446,7.49],[-76.436,7.471],[-76.429,7.459],[-76.425,7.448],[-76.41,7.423],[-76.405,7.411],[-76.396,7.404],[-76.38,7.39],[-76.367,7.371],[-76.359,7.363],[-76.347,7.353],[-76.342,7.352],[-76.03,7.353],[-75.912,7.369],[-75.841,7.389],[-75.836,7.41],[-75.826,7.409],[-75.82,7.417],[-75.81,7.425],[-75.8,7.442],[-75.787,7.46],[-75.775,7.483],[-75.762,7.5],[-75.746,7.519],[-75.734,7.531],[-75.723,7.547],[-75.715,7.561],[-75.701,7.583],[-75.697,7.604],[-75.689,7.622],[-75.682,7.642],[-75.682,7.656],[-75.676,7.679],[-75.672,7.689],[-75.663,7.701],[-75.65,7.713],[-75.627,7.726],[-75.608,7.731],[-75.593,7.734],[-75.585,7.734],[-75.575,7.726],[-75.565,7.716],[-75.556,7.712],[-75.545,7.708],[-75.536,7.705],[-75.528,7.705],[-75.521,7.705],[-75.513,7.706],[-75.507,7.707],[-75.503,7.707],[-75.503,7.713],[-75.497,7.72],[-75.492,7.726],[-75.49,7.734],[-75.493,7.747],[-75.484,7.75],[-75.477,7.76],[-75.473,7.769],[-75.47,7.776],[-75.473,7.789],[-75.476,7.794],[-75.474,7.808],[-75.458,7.81],[-75.451,7.811],[-75.431,7.82],[-75.412,7.825],[-75.397,7.831],[-75.375,7.84],[-75.361,7.846],[-75.346,7.857],[-75.342,7.875],[-75.341,7.89],[-75.335,7.91],[-75.334,7.918],[-75.328,7.925],[-75.322,7.932],[-75.309,7.932],[-75.301,7.933],[-75.289,7.946],[-75.289,7.951],[-75.285,7.962],[-75.281,7.967],[-75.273,7.967],[-75.268,7.968],[-75.261,7.969],[-75.257,7.979],[-75.254,7.992],[-75.244,8.001],[-75.237,8.009],[-75.229,8.024],[-75.216,8.032],[-75.215,8.032],[-75.202,8.032],[-75.176,8.032],[-75.155,8.032],[-75.129,8.036],[-75.105,8.038],[-75.09,8.037],[-75.073,8.036],[-75.057,8.041],[-75.03,8.043],[-74.994,8.048],[-74.97,8.048],[-74.959,8.05],[-74.933,8.068],[-74.911,8.088],[-74.907,8.103],[-74.896,8.125],[-74.879,8.145],[-74.864,8.162],[-74.854,8.172],[-74.84,8.182],[-74.834,8.185],[-74.82,8.179],[-74.807,8.167],[-74.795,8.161],[-74.788,8.151],[-74.779,8.139],[-74.749,8.116],[-74.729,8.096],[-74.708,8.073],[-74.677,8.049],[-74.651,8.019],[-74.627,7.996],[-74.603,7.976],[-74.57,7.942],[-74.555,7.928],[-74.548,7.92],[-74.539,7.905],[-74.538,7.886],[-74.539,7.857],[-74.535,7.819],[-74.534,7.797],[-74.524,7.766],[-74.515,7.742],[-74.501,7.727],[-74.481,7.709],[-74.477,7.697],[-74.49,7.679],[-74.515,7.649],[-74.533,7.635],[-74.553,7.624],[-74.563,7.616],[-74.571,7.603],[-74.57,7.579],[-74.574,7.565],[-74.58,7.541],[-74.598,7.495],[-74.611,7.469],[-74.616,7.454],[-74.614,7.429],[-74.609,7.422],[-74.601,7.418],[-74.596,7.407],[-74.592,7.4],[-74.588,7.394],[-74.581,7.385],[-74.57,7.372],[-74.558,7.37],[-74.541,7.357],[-74.531,7.345],[-74.526,7.333],[-74.521,7.327],[-74.516,7.319],[-74.507,7.317],[-74.497,7.323],[-74.489,7.325],[-74.482,7.325],[-74.475,7.327],[-74.471,7.331],[-74.469,7.344],[-74.466,7.352],[-74.456,7.361],[-74.438,7.377],[-74.434,7.39],[-74.431,7.405],[-74.429,7.415],[-74.426,7.424],[-74.422,7.434],[-74.412,7.445],[-74.406,7.453],[-74.402,7.461],[-74.392,7.469],[-74.389,7.471],[-74.386,7.462],[-74.381,7.446],[-74.378,7.434],[-74.376,7.419],[-74.376,7.407],[-74.37,7.398],[-74.363,7.384],[-74.365,7.371],[-74.372,7.359],[-74.382,7.353],[-74.392,7.342],[-74.397,7.337],[-74.405,7.33],[-74.421,7.321],[-74.426,7.311],[-74.427,7.299],[-74.425,7.282],[-74.422,7.265],[-74.423,7.261],[-74.421,7.251],[-74.42,7.245],[-74.419,7.238],[-74.423,7.208],[-74.426,7.193],[-74.428,7.187],[-74.427,7.17],[-74.416,7.146],[-74.409,7.128],[-74.406,7.11],[-74.4,7.093],[-74.386,7.074],[-74.379,7.056],[-74.372,7.042],[-74.372,7.022],[-74.373,7.006],[-74.372,7.001],[-74.365,6.997],[-74.358,6.997],[-74.355,6.997],[-74.345,6.988],[-74.336,6.983],[-74.316,6.979],[-74.31,6.984],[-74.3,6.987],[-74.297,6.986],[-74.29,6.986],[-74.285,6.984],[-74.277,6.985],[-74.268,6.986],[-74.262,6.985],[-74.248,6.985],[-73.954,7.264],[-73.956,7.243],[-73.955,7.21],[-73.952,7.178],[-73.951,7.173],[-73.946,7.155],[-73.937,7.125],[-73.938,7.106],[-73.94,7.084],[-73.928,7.058],[-73.916,7.038],[-73.908,7.029],[-73.901,7.008],[-73.896,6.997],[-73.896,6.992],[-73.904,6.978],[-73.926,6.957],[-73.953,6.929],[-73.972,6.919],[-74.009,6.908],[-74.021,6.898],[-74.053,6.872],[-74.076,6.855],[-74.085,6.848],[-74.113,6.824],[-74.129,6.802],[-74.136,6.786],[-74.143,6.767],[-74.146,6.757],[-74.155,6.749],[-74.172,6.735],[-74.185,6.723],[-74.2,6.712],[-74.226,6.701],[-74.241,6.698],[-74.256,6.689],[-74.278,6.668],[-74.289,6.648],[-74.301,6.645],[-74.312,6.634],[-74.335,6.618],[-74.344,6.613],[-74.355,6.609],[-74.378,6.609],[-74.392,6.603],[-74.406,6.589],[-74.418,6.576],[-74.422,6.564],[-74.432,6.551],[-74.438,6.542],[-74.441,6.538],[-74.444,6.531],[-74.434,6.51],[-74.432,6.497],[-74.432,6.483],[-74.431,6.466],[-74.424,6.454],[-74.418,6.432],[-74.418,6.423],[-74.41,6.405],[-74.396,6.393],[-74.395,6.387],[-74.399,6.377],[-74.423,6.371],[-74.438,6.369],[-74.448,6.367],[-74.461,6.347],[-74.475,6.327],[-74.485,6.312],[-74.5,6.3],[-74.516,6.279],[-74.524,6.272],[-74.531,6.266],[-74.532,6.264],[-74.544,6.249],[-74.552,6.247],[-74.556,6.255],[-74.561,6.253],[-74.567,6.251],[-74.575,6.236],[-74.578,6.235],[-74.586,6.223],[-74.593,6.211],[-74.602,6.198],[-74.605,6.184],[-74.608,6.168],[-74.608,6.158],[-74.613,6.145],[-74.623,6.131],[-74.63,6.11],[-74.63,6.093],[-74.624,6.079],[-74.614,6.071],[-74.611,6.067],[-74.607,6.062],[-74.602,6.061],[-74.594,6.06],[-74.59,6.058],[-74.587,6.049],[-74.591,6.043],[-74.594,6.036],[-74.598,6.032],[-74.601,6.03],[-74.605,6.022],[-74.606,6.015],[-74.602,6.008],[-74.593,5.999],[-74.589,5.993],[-74.587,5.983],[-74.587,5.98],[-74.591,5.973],[-74.602,5.968],[-74.611,5.965],[-74.618,5.962],[-74.626,5.957],[-74.625,5.938],[-74.625,5.93],[-74.621,5.92],[-74.617,5.911],[-74.608,5.894],[-74.609,5.889],[-74.624,5.882],[-74.636,5.877],[-74.643,5.872],[-74.651,5.869],[-74.66,5.857],[-74.66,5.849],[-74.663,5.843],[-74.664,5.84],[-74.663,5.829],[-74.667,5.82],[-74.673,5.797],[-74.674,5.779],[-74.674,5.762],[-74.674,5.758],[-74.677,5.758],[-74.685,5.751],[-74.695,5.753],[-74.699,5.762],[-74.705,5.763],[-74.715,5.763],[-74.723,5.76],[-74.734,5.742],[-74.741,5.732],[-74.747,5.716],[-74.755,5.705],[-74.758,5.69],[-74.765,5.683],[-74.77,5.683],[-74.778,5.68],[-74.79,5.679],[-74.798,5.677],[-74.807,5.679],[-74.822,5.686],[-74.828,5.689],[-74.835,5.691],[-74.842,5.694],[-74.854,5.696],[-74.859,5.7],[-74.861,5.709],[-74.863,5.714],[-74.864,5.72],[-74.867,5.725],[-74.873,5.731],[-74.877,5.734],[-74.886,5.732],[-74.893,5.731],[-74.901,5.728],[-74.908,5.727],[-74.913,5.725],[-74.918,5.724],[-74.943,5.718],[-74.956,5.716],[-74.965,5.715],[-74.976,5.714],[-74.986,5.712],[-74.996,5.711],[-75.009,5.708],[-75.017,5.706],[-75.019,5.695],[-75.02,5.691],[-75.026,5.681],[-75.035,5.674],[-75.048,5.67],[-75.061,5.667],[-75.07,5.662],[-75.079,5.66],[-75.091,5.654],[-75.094,5.654],[-75.111,5.649],[-75.116,5.648],[-75.12,5.642],[-75.121,5.631],[-75.123,5.621],[-75.127,5.612],[-75.125,5.598],[-75.124,5.592],[-75.124,5.581],[-75.131,5.574],[-75.14,5.571],[-75.147,5.568],[-75.153,5.563],[-75.157,5.555],[-75.159,5.546],[-75.161,5.537],[-75.167,5.531],[-75.172,5.528],[-75.18,5.523],[-75.192,5.52],[-75.204,5.518],[-75.219,5.517],[-75.235,5.512],[-75.247,5.491],[-75.255,5.473],[-75.274,5.465],[-75.286,5.46],[-75.288,5.458],[-75.303,5.46],[-75.313,5.46],[-75.323,5.457],[-75.337,5.457],[-75.34,5.458],[-75.344,5.464],[-75.347,5.475],[-75.35,5.485],[-75.35,5.498],[-75.351,5.503],[-75.354,5.517],[-75.367,5.533],[-75.368,5.555],[-75.37,5.568],[-75.375,5.575],[-75.374,5.587],[-75.374,5.595],[-75.377,5.598],[-75.386,5.601],[-75.393,5.601],[-75.402,5.6],[-75.409,5.606],[-75.403,5.621],[-75.399,5.634],[-75.393,5.651],[-75.394,5.653],[-75.396,5.659],[-75.405,5.664],[-75.412,5.668],[-75.42,5.677],[-75.426,5.684],[-75.434,5.684],[-75.441,5.687],[-75.454,5.687],[-75.456,5.683],[-75.47,5.677],[-75.485,5.666],[-75.499,5.662],[-75.508,5.66],[-75.514,5.668],[-75.526,5.671],[-75.537,5.673],[-75.543,5.682],[-75.551,5.687],[-75.559,5.692],[-75.562,5.7],[-75.563,5.708],[-75.567,5.714],[-75.573,5.716],[-75.575,5.718],[-75.582,5.717],[-75.593,5.721],[-75.605,5.725],[-75.607,5.726],[-75.618,5.727],[-75.625,5.726],[-75.626,5.717],[-75.622,5.701],[-75.618,5.688],[-75.617,5.68],[-75.623,5.672],[-75.626,5.667],[-75.627,5.666],[-75.624,5.652],[-75.62,5.636],[-75.622,5.617],[-75.627,5.6],[-75.627,5.598],[-75.617,5.574],[-75.616,5.556],[-75.617,5.543],[-75.617,5.531],[-75.616,5.523],[-75.614,5.515],[-75.624,5.513],[-75.634,5.519],[-75.652,5.52],[-75.659,5.519],[-75.668,5.518],[-75.67,5.515],[-75.68,5.512],[-75.694,5.511],[-75.706,5.508],[-75.71,5.505],[-75.712,5.504],[-75.717,5.505],[-75.729,5.506],[-75.735,5.512],[-75.738,5.518],[-75.741,5.52],[-75.744,5.524],[-75.744,5.527],[-75.75,5.526],[-75.754,5.524],[-75.758,5.523],[-75.764,5.524],[-75.772,5.525],[-75.787,5.522],[-75.797,5.519],[-75.81,5.514],[-75.823,5.514],[-75.835,5.515],[-75.841,5.514],[-75.852,5.505],[-75.86,5.498],[-75.869,5.498],[-75.882,5.489],[-75.885,5.483],[-75.887,5.475],[-75.893,5.473],[-75.896,5.472],[-75.902,5.472],[-75.912,5.472],[-75.92,5.471],[-75.934,5.471],[-75.939,5.471],[-75.955,5.472],[-75.978,5.47],[-75.987,5.47],[-76.004,5.473],[-76.017,5.472],[-76.023,5.475],[-76.028,5.486],[-76.037,5.489],[-76.047,5.491],[-76.064,5.514],[-76.066,5.53],[-76.067,5.543],[-76.065,5.553],[-76.07,5.573],[-76.078,5.583],[-76.09,5.59],[-76.095,5.598],[-76.107,5.611],[-76.121,5.625],[-76.127,5.636],[-76.133,5.651],[-76.129,5.653],[-76.13,5.66],[-76.128,5.672],[-76.129,5.685],[-76.123,5.702],[-76.123,5.713],[-76.139,5.73],[-76.129,5.741],[-76.129,5.746],[-76.132,5.755],[-76.141,5.773],[-76.148,5.784],[-76.16,5.806],[-76.159,5.824],[-76.155,5.843],[-76.155,5.865],[-76.152,5.883],[-76.149,5.9],[-76.146,5.915],[-76.149,5.929],[-76.15,5.936],[-76.142,5.944],[-76.142,5.954],[-76.139,5.963],[-76.133,5.971],[-76.132,5.975],[-76.141,5.982],[-76.15,5.984],[-76.157,5.985],[-76.164,5.986],[-76.177,5.988],[-76.181,5.988],[-76.188,5.989],[-76.192,5.99],[-76.197,5.991],[-76.204,5.991],[-76.213,5.992],[-76.219,5.994],[-76.223,6.0],[-76.226,6.003],[-76.232,6.006],[-76.238,6.012],[-76.244,6.02],[-76.245,6.03],[-76.248,6.042],[-76.252,6.063],[-76.259,6.08],[-76.259,6.1],[-76.266,6.114],[-76.266,6.131],[-76.261,6.148],[-76.256,6.174],[-76.263,6.187],[-76.277,6.196],[-76.29,6.195],[-76.304,6.193],[-76.322,6.19],[-76.336,6.187],[-76.338,6.187],[-76.362,6.177],[-76.387,6.176],[-76.416,6.175],[-76.435,6.174],[-76.457,6.171],[-76.483,6.168],[-76.503,6.166],[-76.515,6.166],[-76.542,6.167],[-76.564,6.165],[-76.581,6.158],[-76.606,6.156],[-76.627,6.158],[-76.648,6.163],[-76.671,6.163],[-76.704,6.165],[-76.717,6.169],[-76.724,6.182],[-76.721,6.189],[-76.718,6.196],[-76.723,6.2],[-76.722,6.208],[-76.721,6.214],[-76.727,6.221],[-76.728,6.237],[-76.731,6.239],[-76.738,6.242],[-76.744,6.244],[-76.757,6.252],[-76.758,6.259],[-76.755,6.269],[-76.752,6.279],[-76.758,6.286],[-76.768,6.287],[-76.78,6.286],[-76.787,6.295],[-76.786,6.309],[-76.793,6.317],[-76.792,6.328],[-76.785,6.329],[-76.782,6.334],[-76.795,6.346],[-76.792,6.355],[-76.783,6.358],[-76.777,6.363],[-76.775,6.37],[-76.782,6.372],[-76.79,6.377],[-76.788,6.384],[-76.781,6.384],[-76.772,6.382],[-76.769,6.389],[-76.773,6.399],[-76.791,6.409],[-76.799,6.416],[-76.798,6.425],[-76.79,6.426],[-76.777,6.422],[-76.768,6.426],[-76.767,6.437],[-76.773,6.443],[-76.779,6.439],[-76.79,6.436],[-76.798,6.439],[-76.8,6.446],[-76.791,6.458],[-76.785,6.469],[-76.786,6.477],[-76.782,6.476],[-76.778,6.468],[-76.771,6.471],[-76.772,6.482],[-76.79,6.496],[-76.807,6.511],[-76.818,6.491],[-76.825,6.49],[-76.823,6.525],[-76.829,6.529],[-76.841,6.522],[-76.846,6.524],[-76.853,6.558],[-76.868,6.573],[-76.88,6.571],[-76.887,6.563],[-76.89,6.563],[-76.899,6.575],[-76.902,6.589],[-76.895,6.607],[-76.884,6.611],[-76.867,6.61],[-76.862,6.623],[-76.875,6.632],[-76.886,6.631],[-76.909,6.628],[-76.915,6.64],[-76.91,6.651],[-76.898,6.667],[-76.909,6.674],[-76.919,6.667],[-76.923,6.651],[-76.928,6.65],[-76.937,6.652],[-76.942,6.661],[-76.94,6.687],[-76.945,6.689],[-76.946,6.687],[-76.947,6.682],[-76.951,6.677],[-76.96,6.677],[-76.966,6.678],[-76.969,6.684],[-76.967,6.689],[-76.95,6.7],[-76.938,6.715],[-76.94,6.722],[-76.946,6.726],[-76.96,6.728],[-76.969,6.742],[-76.97,6.749],[-76.966,6.762],[-76.968,6.774],[-76.966,6.784],[-76.962,6.794],[-76.963,6.796],[-76.969,6.798],[-76.977,6.799],[-76.977,6.808],[-76.976,6.814],[-76.97,6.817],[-76.955,6.817],[-76.942,6.814],[-76.937,6.814],[-76.935,6.816],[-76.933,6.823],[-76.928,6.838],[-76.919,6.849],[-76.903,6.836],[-76.896,6.843],[-76.883,6.853],[-76.856,6.846],[-76.85,6.84],[-76.84,6.831],[-76.838,6.835],[-76.836,6.841],[-76.823,6.837],[-76.822,6.841],[-76.821,6.847],[-76.835,6.859],[-76.833,6.862],[-76.82,6.862],[-76.801,6.864],[-76.795,6.872],[-76.793,6.878],[-76.791,6.889],[-76.797,6.902],[-76.802,6.922],[-76.8,6.937],[-76.804,6.952],[-76.815,6.965],[-76.828,6.959],[-76.832,6.959],[-76.837,6.97],[-76.838,6.984],[-76.84,6.994],[-76.839,7.002],[-76.834,7.009],[-76.833,7.01],[-76.83,7.011],[-76.812,7.012],[-76.795,7.013],[-76.781,7.013],[-76.756,7.012],[-76.733,7.019],[-76.722,7.026],[-76.716,7.027],[-76.706,7.026],[-76.68,7.012],[-76.663,7.008],[-76.648,7.001],[-76.634,6.998],[-76.611,6.999],[-76.589,6.986],[-76.574,6.974],[-76.556,6.971],[-76.554,6.972],[-76.55,6.982],[-76.547,6.989],[-76.547,7.003],[-76.547,7.024],[-76.545,7.043],[-76.543,7.06],[-76.534,7.079],[-76.53,7.088],[-76.521,7.099],[-76.515,7.113],[-76.515,7.114],[-76.507,7.127],[-76.503,7.14],[-76.51,7.154],[-76.516,7.162],[-76.522,7.199],[-76.526,7.226],[-76.542,7.254],[-76.558,7.262],[-76.572,7.286],[-76.587,7.303],[-76.619,7.316],[-76.641,7.326],[-76.658,7.339],[-76.672,7.348],[-76.685,7.357],[-76.707,7.371],[-76.72,7.387],[-76.728,7.403],[-76.738,7.426],[-76.753,7.47],[-76.762,7.502],[-76.804,7.577],[-76.821,7.588],[-76.847,7.589],[-76.861,7.595],[-76.897,7.589],[-76.955,7.62],[-76.957,7.62],[-76.984,7.627],[-77.002,7.658],[-77.021,7.677],[-77.038,7.691],[-77.068,7.714],[-77.089,7.729],[-77.102,7.741],[-77.115,7.767],[-77.133,7.795],[-77.149,7.822],[-77.136,7.835],[-77.125,7.831],[-77.116,7.834],[-77.109,7.849],[-77.1,7.857],[-77.086,7.864],[-77.071,7.87],[-77.063,7.883],[-77.04,7.91],[-77.037,7.918],[-77.03,7.942],[-77.034,7.956],[-77.03,7.971],[-77.019,7.98],[-77.019,7.99],[-77.022,7.998],[-77.022,8.006],[-77.006,8.03],[-76.992,8.043],[-76.983,8.048],[-76.979,8.053],[-76.967,8.066],[-76.964,8.07],[-76.963,8.08],[-76.964,8.091],[-76.969,8.102],[-76.972,8.114],[-76.972,8.137],[-76.972,8.162],[-76.974,8.179],[-76.976,8.183],[-76.985,8.204],[-76.993,8.219],[-76.994,8.23],[-76.996,8.246],[-76.997,8.251],[-76.997,8.256],[-76.998,8.261],[-77.0,8.266],[-77.001,8.273],[-76.994,8.278],[-76.984,8.269],[-76.974,8.259],[-76.978,8.249],[-76.987,8.236],[-76.985,8.221],[-76.971,8.208],[-76.954,8.19],[-76.947,8.173],[-76.953,8.169],[-76.958,8.167],[-76.967,8.163],[-76.963,8.153],[-76.955,8.147],[-76.953,8.132],[-76.965,8.111],[-76.953,8.104],[-76.95,8.1],[-76.938,8.114],[-76.925,8.119],[-76.917,8.138],[-76.903,8.137],[-76.892,8.14],[-76.867,8.143],[-76.869,8.134],[-76.879,8.13],[-76.89,8.13],[-76.896,8.119],[-76.909,8.108],[-76.909,8.103],[-76.874,8.116],[-76.867,8.11],[-76.857,8.101],[-76.864,8.097],[-76.878,8.092],[-76.873,8.083],[-76.861,8.079],[-76.856,8.062],[-76.868,8.06],[-76.886,8.067],[-76.873,8.053],[-76.871,8.034],[-76.895,8.038],[-76.908,8.044],[-76.919,8.049],[-76.937,8.05],[-76.945,8.039],[-76.947,8.024],[-76.951,8.005],[-76.95,7.978],[-76.947,7.955],[-76.943,7.941],[-76.937,7.933],[-76.906,7.921],[-76.894,7.919],[-76.879,7.918],[-76.853,7.919],[-76.842,7.92],[-76.829,7.924],[-76.814,7.925],[-76.8,7.931],[-76.776,7.936],[-76.769,7.94],[-76.761,7.955],[-76.755,7.972],[-76.754,8.0],[-76.754,8.024],[-76.753,8.038],[-76.748,8.061],[-76.748,8.071],[-76.749,8.091],[-76.758,8.09],[-76.761,8.092],[-76.761,8.106],[-76.759,8.128],[-76.756,8.149],[-76.755,8.167],[-76.762,8.193],[-76.774,8.226],[-76.778,8.256],[-76.784,8.279],[-76.79,8.294],[-76.789,8.308],[-76.777,8.319],[-76.771,8.333],[-76.77,8.341],[-76.77,8.349],[-76.77,8.364],[-76.77,8.366],[-76.773,8.376],[-76.783,8.395],[-76.798,8.434],[-76.805,8.446],[-76.817,8.458],[-76.827,8.488],[-76.843,8.508],[-76.864,8.522],[-76.882,8.533],[-76.9,8.54],[-76.926,8.551],[-76.938,8.547],[-76.937,8.542],[-76.936,8.538],[-76.948,8.539],[-76.952,8.55],[-76.948,8.564],[-76.94,8.578],[-76.922,8.591],[-76.907,8.606],[-76.908,8.616],[-76.89,8.632],[-76.874,8.638],[-76.85,8.641],[-76.835,8.644],[-76.809,8.651],[-76.789,8.655],[-76.764,8.663],[-76.742,8.667],[-76.722,8.673],[-76.699,8.682],[-76.69,8.691],[-76.684,8.702],[-76.677,8.712],[-76.668,8.724],[-76.645,8.742],[-76.62,8.749],[-76.616,8.752],[-76.614,8.752],[-76.602,8.765],[-76.597,8.766],[-76.587,8.774],[-76.581,8.776],[-76.571,8.785],[-76.561,8.793],[-76.539,8.804],[-76.521,8.812],[-76.497,8.823],[-76.492,8.83],[-76.473,8.849],[-76.459,8.867],[-76.459,8.874],[-76.469,8.884],[-76.464,8.886],[-76.452,8.887],[-76.442,8.876],[-76.437,8.868],[-76.422,8.857],[-76.415,8.851],[-76.405,8.842],[-76.399,8.833],[-76.397,8.825],[-76.394,8.813],[-76.392,8.797],[-76.39,8.791],[-76.387,8.779],[-76.383,8.767],[-76.381,8.754],[-76.38,8.74],[-76.377,8.729],[-76.374,8.71],[-76.365,8.695],[-76.36,8.681],[-76.349,8.653],[-76.337,8.639],[-76.334,8.636],[-76.33,8.634],[-76.322,8.626],[-76.307,8.619]]]}},{"type":"Feature","properties":{"n":"ATLANTICO"},"geometry":{"type":"Polygon","coordinates":[[[-74.871,10.361],[-74.876,10.343],[-74.882,10.341],[-74.887,10.33],[-74.895,10.313],[-74.913,10.257],[-74.952,10.274],[-74.958,10.275],[-74.959,10.277],[-74.966,10.282],[-74.98,10.305],[-74.989,10.313],[-74.996,10.325],[-75.008,10.334],[-75.023,10.345],[-75.034,10.355],[-75.041,10.354],[-75.046,10.354],[-75.057,10.358],[-75.061,10.363],[-75.072,10.371],[-75.076,10.376],[-75.084,10.381],[-75.093,10.388],[-75.101,10.393],[-75.106,10.394],[-75.115,10.396],[-75.121,10.397],[-75.125,10.398],[-75.133,10.399],[-75.145,10.4],[-75.151,10.403],[-75.154,10.41],[-75.16,10.424],[-75.169,10.434],[-75.185,10.443],[-75.189,10.446],[-75.194,10.449],[-75.202,10.456],[-75.207,10.461],[-75.219,10.472],[-75.226,10.477],[-75.237,10.483],[-75.252,10.486],[-75.261,10.495],[-75.265,10.5],[-75.269,10.514],[-75.27,10.528],[-75.272,10.538],[-75.276,10.554],[-75.281,10.57],[-75.281,10.578],[-75.281,10.596],[-75.274,10.605],[-75.269,10.618],[-75.268,10.629],[-75.267,10.645],[-75.265,10.657],[-75.263,10.667],[-75.256,10.686],[-75.251,10.702],[-75.25,10.707],[-75.249,10.713],[-75.25,10.725],[-75.252,10.734],[-75.253,10.739],[-75.251,10.756],[-75.257,10.784],[-75.248,10.787],[-75.236,10.79],[-75.225,10.796],[-75.213,10.8],[-75.212,10.808],[-75.204,10.812],[-75.19,10.818],[-75.172,10.824],[-75.159,10.832],[-75.148,10.842],[-75.117,10.856],[-75.1,10.865],[-75.084,10.875],[-75.073,10.883],[-75.07,10.885],[-75.064,10.891],[-75.057,10.9],[-75.049,10.911],[-75.036,10.916],[-75.023,10.939],[-75.013,10.951],[-75.001,10.962],[-74.991,10.968],[-74.979,10.974],[-74.975,10.978],[-74.975,10.981],[-74.968,10.985],[-74.957,10.998],[-74.941,11.01],[-74.933,11.019],[-74.919,11.035],[-74.906,11.049],[-74.892,11.057],[-74.877,11.067],[-74.866,11.076],[-74.859,11.078],[-74.853,11.073],[-74.848,11.064],[-74.843,11.054],[-74.839,11.046],[-74.836,11.04],[-74.829,11.031],[-74.821,11.024],[-74.809,11.018],[-74.801,11.005],[-74.791,10.99],[-74.775,10.97],[-74.775,10.959],[-74.775,10.949],[-74.775,10.939],[-74.775,10.934],[-74.775,10.932],[-74.774,10.927],[-74.772,10.923],[-74.767,10.916],[-74.763,10.91],[-74.757,10.904],[-74.75,10.9],[-74.743,10.896],[-74.735,10.889],[-74.731,10.883],[-74.732,10.877],[-74.739,10.872],[-74.741,10.867],[-74.743,10.859],[-74.743,10.851],[-74.742,10.842],[-74.746,10.828],[-74.747,10.822],[-74.748,10.811],[-74.748,10.8],[-74.75,10.789],[-74.75,10.779],[-74.749,10.771],[-74.749,10.765],[-74.747,10.758],[-74.744,10.75],[-74.747,10.745],[-74.744,10.737],[-74.744,10.73],[-74.74,10.715],[-74.743,10.711],[-74.753,10.642],[-74.754,10.633],[-74.754,10.622],[-74.753,10.614],[-74.747,10.599],[-74.744,10.592],[-74.741,10.585],[-74.743,10.579],[-74.743,10.573],[-74.743,10.563],[-74.747,10.549],[-74.761,10.536],[-74.774,10.522],[-74.796,10.501],[-74.813,10.476],[-74.819,10.464],[-74.827,10.453],[-74.829,10.449],[-74.829,10.441],[-74.833,10.426],[-74.838,10.415],[-74.841,10.406],[-74.851,10.393],[-74.857,10.381],[-74.861,10.376],[-74.871,10.361]]]}},{"type":"Feature","properties":{"n":"SANTAFE DE BOGOTA D.C"},"geometry":{"type":"Polygon","coordinates":[[[-74.023,4.795],[-74.026,4.784],[-74.03,4.777],[-74.031,4.762],[-74.027,4.749],[-74.026,4.739],[-74.024,4.709],[-74.029,4.691],[-74.033,4.673],[-74.026,4.654],[-74.033,4.646],[-74.044,4.631],[-74.035,4.632],[-74.033,4.621],[-74.032,4.617],[-74.016,4.628],[-74.01,4.623],[-74.012,4.614],[-74.02,4.605],[-74.025,4.592],[-74.026,4.582],[-74.026,4.564],[-74.026,4.551],[-74.03,4.553],[-74.033,4.549],[-74.035,4.547],[-74.037,4.542],[-74.044,4.536],[-74.047,4.532],[-74.049,4.528],[-74.05,4.523],[-74.053,4.516],[-74.054,4.506],[-74.056,4.5],[-74.057,4.494],[-74.064,4.491],[-74.075,4.486],[-74.076,4.481],[-74.077,4.477],[-74.077,4.471],[-74.086,4.465],[-74.093,4.456],[-74.102,4.445],[-74.11,4.438],[-74.117,4.432],[-74.121,4.426],[-74.127,4.418],[-74.132,4.407],[-74.135,4.401],[-74.136,4.397],[-74.135,4.388],[-74.133,4.378],[-74.126,4.368],[-74.121,4.356],[-74.121,4.347],[-74.128,4.337],[-74.128,4.325],[-74.132,4.32],[-74.132,4.316],[-74.132,4.313],[-74.132,4.309],[-74.135,4.305],[-74.136,4.301],[-74.137,4.299],[-74.141,4.297],[-74.143,4.296],[-74.146,4.289],[-74.151,4.279],[-74.151,4.272],[-74.154,4.262],[-74.154,4.256],[-74.153,4.249],[-74.152,4.241],[-74.152,4.232],[-74.152,4.221],[-74.151,4.212],[-74.149,4.205],[-74.148,4.194],[-74.146,4.182],[-74.146,4.177],[-74.149,4.169],[-74.152,4.166],[-74.158,4.161],[-74.168,4.15],[-74.174,4.148],[-74.178,4.142],[-74.183,4.132],[-74.186,4.123],[-74.187,4.119],[-74.187,4.107],[-74.188,4.098],[-74.188,4.089],[-74.194,4.078],[-74.197,4.074],[-74.198,4.066],[-74.202,4.058],[-74.207,4.048],[-74.21,4.046],[-74.212,4.038],[-74.213,4.029],[-74.216,4.018],[-74.22,4.011],[-74.22,3.999],[-74.229,3.991],[-74.239,3.986],[-74.242,3.979],[-74.251,3.961],[-74.26,3.939],[-74.276,3.917],[-74.286,3.906],[-74.303,3.891],[-74.317,3.88],[-74.327,3.868],[-74.326,3.852],[-74.325,3.838],[-74.33,3.82],[-74.34,3.805],[-74.365,3.779],[-74.384,3.764],[-74.389,3.755],[-74.394,3.746],[-74.406,3.739],[-74.417,3.727],[-74.426,3.712],[-74.432,3.691],[-74.438,3.676],[-74.45,3.665],[-74.481,3.656],[-74.498,3.655],[-74.51,3.662],[-74.517,3.666],[-74.501,3.682],[-74.497,3.689],[-74.486,3.7],[-74.48,3.709],[-74.477,3.726],[-74.471,3.742],[-74.463,3.751],[-74.445,3.77],[-74.435,3.781],[-74.421,3.81],[-74.407,3.834],[-74.393,3.863],[-74.384,3.882],[-74.38,3.905],[-74.379,3.929],[-74.382,3.949],[-74.386,3.971],[-74.395,3.993],[-74.401,4.003],[-74.402,4.009],[-74.405,4.017],[-74.411,4.027],[-74.414,4.035],[-74.412,4.042],[-74.405,4.046],[-74.401,4.053],[-74.396,4.059],[-74.392,4.068],[-74.388,4.075],[-74.383,4.083],[-74.37,4.084],[-74.356,4.085],[-74.349,4.085],[-74.342,4.084],[-74.331,4.084],[-74.315,4.088],[-74.306,4.09],[-74.3,4.095],[-74.294,4.101],[-74.279,4.107],[-74.276,4.107],[-74.268,4.112],[-74.266,4.131],[-74.261,4.147],[-74.255,4.161],[-74.253,4.172],[-74.256,4.172],[-74.253,4.182],[-74.249,4.187],[-74.247,4.192],[-74.246,4.198],[-74.246,4.203],[-74.241,4.22],[-74.24,4.227],[-74.241,4.237],[-74.242,4.251],[-74.242,4.262],[-74.24,4.276],[-74.239,4.284],[-74.238,4.297],[-74.238,4.303],[-74.235,4.313],[-74.229,4.323],[-74.225,4.328],[-74.223,4.336],[-74.221,4.345],[-74.221,4.352],[-74.228,4.367],[-74.231,4.37],[-74.235,4.374],[-74.238,4.378],[-74.239,4.382],[-74.237,4.394],[-74.231,4.404],[-74.222,4.422],[-74.219,4.437],[-74.208,4.461],[-74.203,4.476],[-74.198,4.497],[-74.196,4.515],[-74.197,4.535],[-74.201,4.548],[-74.207,4.561],[-74.216,4.581],[-74.225,4.587],[-74.226,4.597],[-74.229,4.612],[-74.23,4.626],[-74.226,4.628],[-74.215,4.635],[-74.204,4.638],[-74.193,4.643],[-74.193,4.655],[-74.196,4.662],[-74.196,4.672],[-74.194,4.679],[-74.188,4.687],[-74.185,4.687],[-74.18,4.69],[-74.172,4.694],[-74.172,4.698],[-74.174,4.706],[-74.172,4.708],[-74.164,4.717],[-74.155,4.721],[-74.15,4.735],[-74.147,4.741],[-74.139,4.759],[-74.133,4.771],[-74.123,4.775],[-74.109,4.78],[-74.104,4.788],[-74.104,4.801],[-74.098,4.81],[-74.096,4.815],[-74.084,4.816],[-74.071,4.816],[-74.06,4.814],[-74.049,4.81],[-74.035,4.8],[-74.023,4.795]]]}},{"type":"Feature","properties":{"n":"BOLIVAR"},"geometry":{"type":"Polygon","coordinates":[[[-75.16,10.424],[-75.154,10.41],[-75.151,10.403],[-75.145,10.4],[-75.133,10.399],[-75.125,10.398],[-75.121,10.397],[-75.115,10.396],[-75.106,10.394],[-75.101,10.393],[-75.093,10.388],[-75.084,10.381],[-75.076,10.376],[-75.072,10.371],[-75.061,10.363],[-75.057,10.358],[-75.046,10.354],[-75.041,10.354],[-75.034,10.355],[-75.023,10.345],[-75.008,10.334],[-74.996,10.325],[-74.989,10.313],[-74.98,10.305],[-74.966,10.282],[-74.959,10.277],[-74.958,10.275],[-74.952,10.274],[-74.913,10.257],[-74.918,10.243],[-74.928,10.214],[-74.935,10.203],[-74.94,10.186],[-74.941,10.174],[-74.943,10.159],[-74.95,10.143],[-74.95,10.131],[-74.948,10.12],[-74.936,10.11],[-74.92,10.105],[-74.895,10.108],[-74.874,10.105],[-74.861,10.099],[-74.84,10.082],[-74.828,10.061],[-74.823,10.052],[-74.817,10.041],[-74.812,10.036],[-74.805,10.029],[-74.796,10.024],[-74.796,10.023],[-74.796,9.998],[-74.815,9.978],[-74.829,9.97],[-74.839,9.962],[-74.856,9.957],[-74.865,9.948],[-74.873,9.934],[-74.877,9.931],[-74.885,9.922],[-74.889,9.912],[-74.892,9.907],[-74.89,9.897],[-74.885,9.885],[-74.882,9.874],[-74.877,9.859],[-74.867,9.851],[-74.857,9.84],[-74.853,9.826],[-74.852,9.816],[-74.853,9.812],[-74.844,9.805],[-74.844,9.799],[-74.84,9.788],[-74.833,9.782],[-74.829,9.772],[-74.823,9.761],[-74.824,9.752],[-74.825,9.742],[-74.832,9.726],[-74.841,9.712],[-74.845,9.705],[-74.847,9.691],[-74.841,9.679],[-74.832,9.666],[-74.826,9.66],[-74.819,9.652],[-74.811,9.638],[-74.796,9.622],[-74.788,9.612],[-74.777,9.601],[-74.781,9.586],[-74.784,9.584],[-74.789,9.569],[-74.797,9.56],[-74.809,9.552],[-74.811,9.542],[-74.807,9.527],[-74.81,9.516],[-74.809,9.514],[-74.81,9.507],[-74.81,9.494],[-74.813,9.475],[-74.816,9.464],[-74.816,9.451],[-74.814,9.441],[-74.812,9.434],[-74.809,9.429],[-74.795,9.428],[-74.783,9.424],[-74.772,9.416],[-74.766,9.41],[-74.752,9.411],[-74.687,9.403],[-74.68,9.398],[-74.668,9.377],[-74.664,9.375],[-74.65,9.371],[-74.64,9.362],[-74.638,9.352],[-74.634,9.333],[-74.624,9.318],[-74.601,9.304],[-74.574,9.282],[-74.559,9.266],[-74.541,9.245],[-74.536,9.231],[-74.534,9.224],[-74.516,9.222],[-74.507,9.226],[-74.495,9.234],[-74.483,9.238],[-74.461,9.243],[-74.451,9.235],[-74.445,9.227],[-74.432,9.213],[-74.432,9.206],[-74.432,9.198],[-74.425,9.192],[-74.412,9.196],[-74.408,9.199],[-74.392,9.203],[-74.381,9.206],[-74.364,9.209],[-74.355,9.204],[-74.345,9.198],[-74.325,9.19],[-74.321,9.188],[-74.312,9.182],[-74.309,9.173],[-74.311,9.164],[-74.317,9.16],[-74.327,9.154],[-74.323,9.147],[-74.319,9.148],[-74.302,9.151],[-74.28,9.149],[-74.263,9.14],[-74.254,9.128],[-74.213,9.088],[-74.203,9.074],[-74.2,9.068],[-74.196,9.06],[-74.185,9.052],[-74.165,9.043],[-74.148,9.033],[-74.149,9.024],[-74.149,9.015],[-74.15,9.009],[-74.147,9.008],[-74.145,9.009],[-74.142,9.007],[-74.129,9.005],[-74.116,9.007],[-74.095,9.002],[-74.083,9.003],[-74.07,9.021],[-74.053,9.019],[-74.044,9.003],[-74.024,8.996],[-74.018,8.989],[-74.02,8.979],[-74.012,8.977],[-74.003,8.975],[-73.985,8.978],[-73.975,8.979],[-73.951,8.969],[-73.931,8.97],[-73.909,8.97],[-73.877,8.957],[-73.88,8.946],[-73.885,8.923],[-73.886,8.906],[-73.878,8.879],[-73.871,8.855],[-73.865,8.84],[-73.857,8.824],[-73.848,8.815],[-73.831,8.794],[-73.818,8.779],[-73.815,8.757],[-73.821,8.734],[-73.825,8.722],[-73.826,8.703],[-73.827,8.685],[-73.83,8.672],[-73.833,8.665],[-73.836,8.655],[-73.841,8.641],[-73.843,8.618],[-73.84,8.613],[-73.827,8.596],[-73.819,8.579],[-73.812,8.567],[-73.807,8.552],[-73.806,8.53],[-73.807,8.511],[-73.801,8.489],[-73.79,8.474],[-73.782,8.459],[-73.777,8.442],[-73.775,8.441],[-73.772,8.423],[-73.772,8.384],[-73.774,8.374],[-73.777,8.361],[-73.778,8.341],[-73.777,8.318],[-73.771,8.293],[-73.769,8.281],[-73.772,8.267],[-73.776,8.256],[-73.773,8.232],[-73.785,8.219],[-73.794,8.2],[-73.799,8.185],[-73.809,8.177],[-73.807,8.168],[-73.802,8.156],[-73.802,8.144],[-73.803,8.133],[-73.801,8.13],[-73.809,8.127],[-73.808,8.118],[-73.819,8.121],[-73.823,8.113],[-73.835,8.098],[-73.848,8.089],[-73.865,8.079],[-73.877,8.069],[-73.884,8.063],[-73.888,8.057],[-73.889,8.049],[-73.889,8.037],[-73.892,8.028],[-73.893,8.014],[-73.893,7.997],[-73.89,7.976],[-73.876,7.951],[-73.866,7.922],[-73.864,7.908],[-73.855,7.886],[-73.848,7.864],[-73.846,7.838],[-73.846,7.819],[-73.841,7.796],[-73.834,7.773],[-73.825,7.76],[-73.825,7.744],[-73.829,7.726],[-73.837,7.716],[-73.837,7.693],[-73.837,7.68],[-73.841,7.669],[-73.841,7.652],[-73.844,7.618],[-73.854,7.599],[-73.857,7.593],[-73.857,7.581],[-73.869,7.558],[-73.888,7.522],[-73.89,7.518],[-73.895,7.507],[-73.914,7.489],[-73.934,7.471],[-73.936,7.459],[-73.933,7.439],[-73.928,7.429],[-73.926,7.393],[-73.927,7.381],[-73.938,7.345],[-73.942,7.313],[-73.953,7.298],[-73.953,7.287],[-73.959,7.275],[-73.954,7.264],[-74.248,6.985],[-74.262,6.985],[-74.268,6.986],[-74.277,6.985],[-74.285,6.984],[-74.29,6.986],[-74.297,6.986],[-74.3,6.987],[-74.31,6.984],[-74.316,6.979],[-74.336,6.983],[-74.345,6.988],[-74.355,6.997],[-74.358,6.997],[-74.365,6.997],[-74.372,7.001],[-74.373,7.006],[-74.372,7.022],[-74.372,7.042],[-74.379,7.056],[-74.386,7.074],[-74.4,7.093],[-74.406,7.11],[-74.409,7.128],[-74.416,7.146],[-74.427,7.17],[-74.428,7.187],[-74.426,7.193],[-74.423,7.208],[-74.419,7.238],[-74.42,7.245],[-74.421,7.251],[-74.423,7.261],[-74.422,7.265],[-74.425,7.282],[-74.427,7.299],[-74.426,7.311],[-74.421,7.321],[-74.405,7.33],[-74.397,7.337],[-74.392,7.342],[-74.382,7.353],[-74.372,7.359],[-74.365,7.371],[-74.363,7.384],[-74.37,7.398],[-74.376,7.407],[-74.376,7.419],[-74.378,7.434],[-74.381,7.446],[-74.386,7.462],[-74.389,7.471],[-74.392,7.469],[-74.402,7.461],[-74.406,7.453],[-74.412,7.445],[-74.422,7.434],[-74.426,7.424],[-74.429,7.415],[-74.431,7.405],[-74.434,7.39],[-74.438,7.377],[-74.456,7.361],[-74.466,7.352],[-74.469,7.344],[-74.471,7.331],[-74.475,7.327],[-74.482,7.325],[-74.489,7.325],[-74.497,7.323],[-74.507,7.317],[-74.516,7.319],[-74.521,7.327],[-74.526,7.333],[-74.531,7.345],[-74.541,7.357],[-74.558,7.37],[-74.57,7.372],[-74.581,7.385],[-74.588,7.394],[-74.592,7.4],[-74.596,7.407],[-74.601,7.418],[-74.609,7.422],[-74.614,7.429],[-74.616,7.454],[-74.611,7.469],[-74.598,7.495],[-74.58,7.541],[-74.574,7.565],[-74.57,7.579],[-74.571,7.603],[-74.563,7.616],[-74.553,7.624],[-74.533,7.635],[-74.515,7.649],[-74.49,7.679],[-74.477,7.697],[-74.481,7.709],[-74.501,7.727],[-74.515,7.742],[-74.524,7.766],[-74.534,7.797],[-74.535,7.819],[-74.539,7.857],[-74.538,7.886],[-74.539,7.905],[-74.548,7.92],[-74.555,7.928],[-74.57,7.942],[-74.603,7.976],[-74.627,7.996],[-74.651,8.019],[-74.677,8.049],[-74.708,8.073],[-74.729,8.096],[-74.749,8.116],[-74.779,8.139],[-74.788,8.151],[-74.795,8.161],[-74.807,8.167],[-74.82,8.179],[-74.834,8.185],[-74.837,8.195],[-74.828,8.196],[-74.817,8.197],[-74.802,8.203],[-74.788,8.214],[-74.783,8.226],[-74.785,8.239],[-74.773,8.25],[-74.769,8.255],[-74.754,8.259],[-74.751,8.265],[-74.733,8.276],[-74.713,8.287],[-74.7,8.287],[-74.684,8.283],[-74.676,8.28],[-74.664,8.291],[-74.656,8.298],[-74.651,8.309],[-74.641,8.313],[-74.631,8.315],[-74.629,8.33],[-74.623,8.368],[-74.621,8.371],[-74.609,8.368],[-74.604,8.362],[-74.597,8.362],[-74.593,8.362],[-74.588,8.362],[-74.578,8.371],[-74.578,8.372],[-74.578,8.381],[-74.577,8.39],[-74.572,8.399],[-74.567,8.409],[-74.559,8.417],[-74.559,8.432],[-74.561,8.449],[-74.569,8.466],[-74.569,8.474],[-74.567,8.484],[-74.571,8.493],[-74.58,8.501],[-74.589,8.512],[-74.596,8.527],[-74.594,8.542],[-74.591,8.552],[-74.6,8.565],[-74.605,8.574],[-74.605,8.588],[-74.607,8.612],[-74.611,8.629],[-74.616,8.646],[-74.617,8.661],[-74.619,8.679],[-74.626,8.702],[-74.625,8.719],[-74.624,8.724],[-74.62,8.729],[-74.614,8.731],[-74.597,8.736],[-74.58,8.755],[-74.575,8.771],[-74.579,8.788],[-74.58,8.79],[-74.581,8.811],[-74.584,8.824],[-74.591,8.84],[-74.602,8.862],[-74.616,8.876],[-74.625,8.895],[-74.655,8.936],[-74.674,8.966],[-74.696,8.987],[-74.716,8.999],[-74.74,9.012],[-74.757,9.015],[-74.781,9.019],[-74.799,9.029],[-74.802,9.033],[-74.812,9.043],[-74.816,9.052],[-74.828,9.061],[-74.843,9.072],[-74.847,9.09],[-74.85,9.102],[-74.852,9.104],[-74.869,9.12],[-74.885,9.148],[-74.897,9.168],[-74.902,9.174],[-74.902,9.183],[-74.906,9.193],[-74.911,9.202],[-74.914,9.201],[-74.917,9.212],[-74.918,9.219],[-74.921,9.232],[-74.925,9.245],[-74.927,9.268],[-74.928,9.282],[-74.928,9.299],[-74.932,9.331],[-74.933,9.348],[-74.934,9.377],[-74.934,9.399],[-74.93,9.41],[-74.936,9.416],[-74.94,9.423],[-74.948,9.43],[-74.957,9.433],[-74.959,9.435],[-74.966,9.444],[-74.969,9.455],[-74.973,9.463],[-74.977,9.473],[-74.981,9.48],[-74.99,9.492],[-74.993,9.501],[-75.002,9.513],[-75.009,9.52],[-75.017,9.527],[-75.024,9.534],[-75.033,9.543],[-75.043,9.548],[-75.066,9.556],[-75.08,9.56],[-75.105,9.567],[-75.121,9.574],[-75.13,9.583],[-75.141,9.594],[-75.151,9.603],[-75.161,9.61],[-75.17,9.623],[-75.188,9.645],[-75.197,9.657],[-75.227,9.669],[-75.252,9.676],[-75.267,9.676],[-75.299,9.678],[-75.32,9.678],[-75.329,9.676],[-75.342,9.672],[-75.353,9.669],[-75.357,9.667],[-75.364,9.664],[-75.364,9.653],[-75.363,9.638],[-75.361,9.628],[-75.369,9.62],[-75.378,9.619],[-75.382,9.623],[-75.387,9.63],[-75.391,9.652],[-75.392,9.666],[-75.388,9.688],[-75.378,9.701],[-75.364,9.716],[-75.356,9.726],[-75.354,9.742],[-75.348,9.756],[-75.341,9.769],[-75.34,9.785],[-75.34,9.819],[-75.336,9.839],[-75.338,9.854],[-75.345,9.864],[-75.353,9.865],[-75.368,9.868],[-75.397,9.872],[-75.424,9.881],[-75.438,9.887],[-75.45,9.885],[-75.464,9.88],[-75.479,9.878],[-75.483,9.885],[-75.483,9.896],[-75.478,9.908],[-75.473,9.921],[-75.47,9.934],[-75.472,9.948],[-75.475,9.963],[-75.477,9.972],[-75.477,9.985],[-75.479,9.995],[-75.481,10.004],[-75.485,10.014],[-75.496,10.019],[-75.504,10.024],[-75.515,10.033],[-75.526,10.041],[-75.526,10.049],[-75.524,10.064],[-75.521,10.078],[-75.517,10.09],[-75.511,10.102],[-75.506,10.111],[-75.507,10.117],[-75.513,10.12],[-75.518,10.118],[-75.526,10.117],[-75.531,10.114],[-75.536,10.108],[-75.541,10.101],[-75.544,10.098],[-75.547,10.092],[-75.553,10.087],[-75.576,10.085],[-75.577,10.086],[-75.582,10.089],[-75.589,10.094],[-75.592,10.097],[-75.597,10.12],[-75.592,10.118],[-75.571,10.113],[-75.57,10.115],[-75.571,10.122],[-75.562,10.134],[-75.561,10.143],[-75.548,10.146],[-75.526,10.148],[-75.518,10.155],[-75.521,10.156],[-75.526,10.162],[-75.531,10.167],[-75.54,10.18],[-75.546,10.194],[-75.544,10.209],[-75.532,10.225],[-75.531,10.234],[-75.552,10.228],[-75.578,10.214],[-75.598,10.197],[-75.606,10.188],[-75.616,10.175],[-75.626,10.167],[-75.658,10.149],[-75.679,10.135],[-75.701,10.124],[-75.702,10.137],[-75.685,10.146],[-75.669,10.161],[-75.635,10.197],[-75.62,10.229],[-75.614,10.245],[-75.606,10.269],[-75.604,10.289],[-75.589,10.275],[-75.576,10.263],[-75.562,10.264],[-75.544,10.268],[-75.534,10.282],[-75.525,10.293],[-75.523,10.299],[-75.524,10.317],[-75.525,10.332],[-75.528,10.348],[-75.532,10.362],[-75.543,10.378],[-75.551,10.394],[-75.564,10.394],[-75.571,10.396],[-75.57,10.405],[-75.561,10.418],[-75.549,10.426],[-75.537,10.434],[-75.527,10.445],[-75.52,10.457],[-75.516,10.477],[-75.515,10.47],[-75.51,10.457],[-75.508,10.443],[-75.508,10.432],[-75.501,10.42],[-75.497,10.419],[-75.493,10.423],[-75.488,10.428],[-75.488,10.431],[-75.485,10.437],[-75.486,10.45],[-75.491,10.471],[-75.49,10.483],[-75.497,10.498],[-75.501,10.512],[-75.502,10.518],[-75.504,10.527],[-75.508,10.533],[-75.512,10.541],[-75.519,10.55],[-75.524,10.558],[-75.523,10.561],[-75.515,10.564],[-75.502,10.571],[-75.489,10.575],[-75.476,10.58],[-75.466,10.584],[-75.466,10.598],[-75.466,10.607],[-75.466,10.614],[-75.462,10.619],[-75.446,10.628],[-75.439,10.63],[-75.426,10.645],[-75.421,10.653],[-75.407,10.665],[-75.386,10.675],[-75.373,10.683],[-75.356,10.686],[-75.335,10.691],[-75.331,10.692],[-75.321,10.699],[-75.319,10.701],[-75.313,10.703],[-75.3,10.713],[-75.293,10.718],[-75.288,10.723],[-75.284,10.732],[-75.28,10.745],[-75.28,10.751],[-75.282,10.763],[-75.284,10.77],[-75.279,10.778],[-75.27,10.784],[-75.257,10.784],[-75.251,10.756],[-75.253,10.739],[-75.252,10.734],[-75.25,10.725],[-75.249,10.713],[-75.25,10.707],[-75.251,10.702],[-75.256,10.686],[-75.263,10.667],[-75.265,10.657],[-75.267,10.645],[-75.268,10.629],[-75.269,10.618],[-75.274,10.605],[-75.281,10.596],[-75.281,10.578],[-75.281,10.57],[-75.276,10.554],[-75.272,10.538],[-75.27,10.528],[-75.269,10.514],[-75.265,10.5],[-75.261,10.495],[-75.252,10.486],[-75.237,10.483],[-75.226,10.477],[-75.219,10.472],[-75.207,10.461],[-75.202,10.456],[-75.194,10.449],[-75.189,10.446],[-75.185,10.443],[-75.169,10.434],[-75.16,10.424]]]}},{"type":"Feature","properties":{"n":"BOYACA"},"geometry":{"type":"Polygon","coordinates":[[[-72.213,7.028],[-72.206,7.025],[-72.204,7.025],[-72.2,7.021],[-72.197,7.018],[-72.192,7.016],[-72.186,7.015],[-72.179,7.015],[-72.173,7.015],[-72.169,7.017],[-72.16,7.019],[-72.151,7.018],[-72.144,7.019],[-72.138,7.022],[-72.135,7.024],[-72.131,7.025],[-72.124,7.024],[-72.118,7.023],[-72.115,7.023],[-72.112,7.023],[-72.108,7.023],[-72.102,7.021],[-72.09,7.015],[-72.087,7.011],[-72.083,7.005],[-72.071,7.0],[-72.066,6.995],[-72.054,6.992],[-72.034,6.983],[-72.015,6.978],[-72.013,6.978],[-72.002,6.979],[-71.989,6.98],[-72.004,6.898],[-72.015,6.889],[-72.02,6.869],[-72.029,6.855],[-72.034,6.844],[-72.037,6.83],[-72.045,6.818],[-72.047,6.807],[-72.049,6.798],[-72.054,6.778],[-72.055,6.766],[-72.063,6.751],[-72.066,6.743],[-72.073,6.731],[-72.078,6.721],[-72.085,6.706],[-72.091,6.694],[-72.099,6.679],[-72.101,6.672],[-72.108,6.66],[-72.119,6.648],[-72.128,6.633],[-72.133,6.617],[-72.141,6.597],[-72.146,6.576],[-72.148,6.554],[-72.152,6.535],[-72.155,6.514],[-72.156,6.497],[-72.161,6.484],[-72.165,6.473],[-72.177,6.46],[-72.192,6.445],[-72.203,6.437],[-72.221,6.421],[-72.231,6.413],[-72.244,6.412],[-72.26,6.411],[-72.27,6.411],[-72.28,6.411],[-72.3,6.418],[-72.305,6.42],[-72.31,6.421],[-72.317,6.416],[-72.317,6.405],[-72.317,6.393],[-72.313,6.383],[-72.313,6.366],[-72.317,6.353],[-72.325,6.344],[-72.332,6.342],[-72.349,6.332],[-72.356,6.329],[-72.358,6.329],[-72.372,6.318],[-72.383,6.306],[-72.394,6.295],[-72.398,6.284],[-72.408,6.271],[-72.416,6.256],[-72.422,6.244],[-72.421,6.24],[-72.42,6.227],[-72.421,6.216],[-72.421,6.203],[-72.428,6.193],[-72.433,6.183],[-72.434,6.169],[-72.426,6.156],[-72.419,6.141],[-72.409,6.112],[-72.406,6.102],[-72.403,6.094],[-72.397,6.089],[-72.396,6.084],[-72.391,6.076],[-72.384,6.07],[-72.377,6.069],[-72.371,6.068],[-72.365,6.068],[-72.359,6.063],[-72.36,6.054],[-72.363,6.049],[-72.368,6.043],[-72.374,6.031],[-72.377,6.023],[-72.385,6.004],[-72.387,5.991],[-72.391,5.982],[-72.396,5.963],[-72.399,5.949],[-72.401,5.931],[-72.406,5.912],[-72.41,5.892],[-72.414,5.885],[-72.42,5.876],[-72.424,5.871],[-72.43,5.872],[-72.446,5.867],[-72.456,5.856],[-72.462,5.846],[-72.468,5.838],[-72.475,5.833],[-72.475,5.829],[-72.455,5.816],[-72.442,5.816],[-72.431,5.814],[-72.419,5.806],[-72.413,5.801],[-72.409,5.801],[-72.407,5.8],[-72.375,5.785],[-72.359,5.777],[-72.337,5.764],[-72.322,5.749],[-72.311,5.731],[-72.307,5.719],[-72.3,5.707],[-72.287,5.694],[-72.271,5.676],[-72.262,5.669],[-72.253,5.66],[-72.272,5.648],[-72.284,5.641],[-72.296,5.633],[-72.306,5.624],[-72.307,5.611],[-72.308,5.589],[-72.31,5.569],[-72.315,5.549],[-72.324,5.532],[-72.326,5.515],[-72.325,5.508],[-72.325,5.498],[-72.321,5.487],[-72.327,5.471],[-72.343,5.466],[-72.354,5.465],[-72.36,5.474],[-72.372,5.481],[-72.382,5.49],[-72.391,5.499],[-72.398,5.51],[-72.401,5.52],[-72.406,5.529],[-72.407,5.539],[-72.416,5.543],[-72.421,5.543],[-72.433,5.537],[-72.44,5.531],[-72.444,5.522],[-72.451,5.51],[-72.452,5.502],[-72.454,5.499],[-72.457,5.494],[-72.46,5.493],[-72.475,5.481],[-72.487,5.477],[-72.502,5.464],[-72.507,5.451],[-72.517,5.437],[-72.526,5.425],[-72.538,5.413],[-72.549,5.403],[-72.566,5.389],[-72.58,5.382],[-72.592,5.378],[-72.598,5.37],[-72.599,5.364],[-72.599,5.362],[-72.603,5.355],[-72.603,5.351],[-72.599,5.351],[-72.608,5.34],[-72.622,5.334],[-72.636,5.328],[-72.647,5.328],[-72.655,5.325],[-72.668,5.318],[-72.673,5.305],[-72.675,5.29],[-72.682,5.283],[-72.686,5.28],[-72.69,5.271],[-72.696,5.253],[-72.702,5.244],[-72.709,5.236],[-72.714,5.235],[-72.72,5.248],[-72.726,5.255],[-72.739,5.276],[-72.749,5.272],[-72.753,5.278],[-72.76,5.292],[-72.772,5.304],[-72.78,5.315],[-72.79,5.323],[-72.801,5.33],[-72.809,5.34],[-72.824,5.343],[-72.832,5.341],[-72.851,5.328],[-72.86,5.322],[-72.87,5.311],[-72.882,5.289],[-72.897,5.28],[-72.913,5.26],[-72.932,5.242],[-72.951,5.227],[-72.961,5.221],[-72.972,5.21],[-72.965,5.205],[-72.963,5.2],[-72.959,5.196],[-72.959,5.189],[-72.958,5.181],[-72.968,5.162],[-72.977,5.14],[-72.982,5.128],[-72.986,5.114],[-72.976,5.103],[-72.965,5.09],[-72.949,5.072],[-72.943,5.068],[-72.934,5.063],[-72.93,5.056],[-72.933,5.045],[-72.935,5.037],[-72.931,5.024],[-72.93,5.022],[-72.933,5.016],[-72.936,5.014],[-72.938,5.013],[-72.949,5.001],[-72.958,4.995],[-72.969,4.987],[-72.977,4.982],[-72.988,4.974],[-72.996,4.971],[-73.006,4.966],[-73.01,4.964],[-73.019,4.961],[-73.027,4.958],[-73.032,4.957],[-73.04,4.955],[-73.047,4.952],[-73.061,4.92],[-73.059,4.909],[-73.06,4.885],[-73.064,4.863],[-73.068,4.848],[-73.071,4.837],[-73.076,4.826],[-73.082,4.81],[-73.083,4.804],[-73.087,4.798],[-73.09,4.791],[-73.095,4.78],[-73.099,4.779],[-73.087,4.767],[-73.081,4.741],[-73.08,4.732],[-73.077,4.722],[-73.078,4.719],[-73.078,4.714],[-73.086,4.718],[-73.099,4.712],[-73.104,4.705],[-73.107,4.696],[-73.111,4.685],[-73.114,4.676],[-73.119,4.668],[-73.124,4.659],[-73.129,4.649],[-73.136,4.648],[-73.143,4.649],[-73.146,4.65],[-73.151,4.65],[-73.161,4.65],[-73.173,4.644],[-73.186,4.642],[-73.193,4.643],[-73.201,4.646],[-73.206,4.647],[-73.234,4.656],[-73.242,4.661],[-73.256,4.665],[-73.261,4.674],[-73.261,4.682],[-73.26,4.695],[-73.263,4.708],[-73.277,4.712],[-73.282,4.711],[-73.297,4.709],[-73.316,4.708],[-73.326,4.708],[-73.335,4.711],[-73.338,4.718],[-73.343,4.729],[-73.344,4.737],[-73.347,4.744],[-73.355,4.754],[-73.366,4.761],[-73.37,4.764],[-73.374,4.765],[-73.389,4.771],[-73.402,4.779],[-73.404,4.781],[-73.403,4.787],[-73.399,4.807],[-73.4,4.82],[-73.403,4.827],[-73.415,4.832],[-73.413,4.84],[-73.413,4.846],[-73.416,4.85],[-73.425,4.857],[-73.433,4.861],[-73.437,4.865],[-73.448,4.871],[-73.46,4.871],[-73.465,4.871],[-73.484,4.872],[-73.502,4.874],[-73.516,4.873],[-73.52,4.873],[-73.529,4.873],[-73.532,4.873],[-73.538,4.873],[-73.548,4.872],[-73.556,4.878],[-73.561,4.88],[-73.563,4.882],[-73.566,4.886],[-73.566,4.89],[-73.569,4.892],[-73.572,4.897],[-73.573,4.904],[-73.572,4.91],[-73.566,4.923],[-73.555,4.945],[-73.549,4.955],[-73.541,4.965],[-73.539,4.972],[-73.538,4.976],[-73.537,4.98],[-73.536,4.983],[-73.531,4.989],[-73.528,5.0],[-73.526,5.009],[-73.525,5.015],[-73.519,5.022],[-73.521,5.035],[-73.516,5.047],[-73.515,5.051],[-73.512,5.06],[-73.511,5.074],[-73.51,5.093],[-73.513,5.098],[-73.517,5.111],[-73.519,5.114],[-73.522,5.119],[-73.524,5.128],[-73.526,5.138],[-73.533,5.153],[-73.549,5.172],[-73.552,5.193],[-73.559,5.2],[-73.56,5.222],[-73.561,5.236],[-73.564,5.251],[-73.571,5.265],[-73.577,5.266],[-73.59,5.266],[-73.597,5.269],[-73.601,5.283],[-73.613,5.302],[-73.618,5.306],[-73.631,5.323],[-73.632,5.325],[-73.636,5.33],[-73.637,5.335],[-73.642,5.343],[-73.641,5.357],[-73.641,5.361],[-73.642,5.366],[-73.642,5.373],[-73.643,5.381],[-73.636,5.381],[-73.642,5.389],[-73.65,5.397],[-73.661,5.406],[-73.676,5.413],[-73.684,5.423],[-73.691,5.435],[-73.692,5.442],[-73.708,5.449],[-73.717,5.45],[-73.728,5.452],[-73.747,5.46],[-73.749,5.46],[-73.754,5.46],[-73.758,5.463],[-73.763,5.465],[-73.774,5.464],[-73.778,5.467],[-73.781,5.469],[-73.785,5.472],[-73.789,5.475],[-73.8,5.476],[-73.816,5.484],[-73.826,5.488],[-73.821,5.497],[-73.819,5.503],[-73.822,5.515],[-73.813,5.534],[-73.81,5.546],[-73.813,5.567],[-73.816,5.579],[-73.825,5.574],[-73.83,5.571],[-73.833,5.571],[-73.845,5.564],[-73.853,5.557],[-73.859,5.551],[-73.864,5.547],[-73.868,5.539],[-73.872,5.538],[-73.879,5.53],[-73.884,5.525],[-73.89,5.521],[-73.899,5.517],[-73.915,5.511],[-73.923,5.502],[-73.925,5.501],[-73.929,5.488],[-73.935,5.479],[-73.936,5.471],[-73.937,5.466],[-73.937,5.464],[-73.941,5.454],[-73.943,5.453],[-73.948,5.451],[-73.956,5.446],[-73.96,5.435],[-73.963,5.426],[-73.971,5.418],[-73.974,5.407],[-73.987,5.4],[-73.999,5.395],[-74.013,5.391],[-74.018,5.383],[-74.028,5.368],[-74.04,5.355],[-74.043,5.358],[-74.045,5.358],[-74.048,5.356],[-74.055,5.353],[-74.064,5.357],[-74.073,5.367],[-74.082,5.38],[-74.096,5.383],[-74.104,5.386],[-74.107,5.393],[-74.115,5.402],[-74.122,5.414],[-74.124,5.417],[-74.127,5.425],[-74.128,5.43],[-74.131,5.434],[-74.135,5.44],[-74.139,5.444],[-74.149,5.443],[-74.158,5.441],[-74.169,5.439],[-74.179,5.444],[-74.196,5.452],[-74.201,5.456],[-74.204,5.458],[-74.209,5.461],[-74.216,5.461],[-74.218,5.461],[-74.221,5.461],[-74.231,5.461],[-74.239,5.461],[-74.243,5.461],[-74.25,5.464],[-74.262,5.47],[-74.281,5.485],[-74.292,5.498],[-74.293,5.509],[-74.295,5.526],[-74.306,5.543],[-74.313,5.552],[-74.32,5.568],[-74.329,5.578],[-74.338,5.593],[-74.342,5.602],[-74.346,5.612],[-74.345,5.621],[-74.339,5.626],[-74.331,5.632],[-74.32,5.643],[-74.314,5.657],[-74.305,5.671],[-74.306,5.681],[-74.313,5.689],[-74.324,5.695],[-74.322,5.704],[-74.319,5.723],[-74.32,5.727],[-74.326,5.738],[-74.329,5.741],[-74.33,5.749],[-74.332,5.761],[-74.337,5.768],[-74.335,5.777],[-74.335,5.785],[-74.342,5.797],[-74.347,5.802],[-74.348,5.805],[-74.354,5.821],[-74.369,5.816],[-74.373,5.811],[-74.381,5.802],[-74.387,5.792],[-74.392,5.789],[-74.403,5.781],[-74.408,5.773],[-74.416,5.767],[-74.432,5.762],[-74.44,5.761],[-74.444,5.758],[-74.45,5.755],[-74.46,5.749],[-74.468,5.745],[-74.475,5.751],[-74.483,5.752],[-74.492,5.756],[-74.496,5.764],[-74.5,5.764],[-74.512,5.762],[-74.519,5.766],[-74.527,5.762],[-74.541,5.762],[-74.542,5.772],[-74.556,5.772],[-74.56,5.766],[-74.564,5.761],[-74.569,5.761],[-74.577,5.76],[-74.583,5.754],[-74.586,5.748],[-74.59,5.745],[-74.595,5.742],[-74.607,5.741],[-74.616,5.739],[-74.631,5.737],[-74.64,5.743],[-74.648,5.748],[-74.656,5.753],[-74.667,5.758],[-74.674,5.758],[-74.674,5.762],[-74.674,5.779],[-74.673,5.797],[-74.667,5.82],[-74.663,5.829],[-74.664,5.84],[-74.663,5.843],[-74.66,5.849],[-74.66,5.857],[-74.651,5.869],[-74.643,5.872],[-74.636,5.877],[-74.624,5.882],[-74.609,5.889],[-74.608,5.894],[-74.617,5.911],[-74.621,5.92],[-74.625,5.93],[-74.625,5.938],[-74.626,5.957],[-74.618,5.962],[-74.611,5.965],[-74.602,5.968],[-74.591,5.973],[-74.587,5.98],[-74.587,5.983],[-74.589,5.993],[-74.593,5.999],[-74.602,6.008],[-74.606,6.015],[-74.605,6.022],[-74.601,6.03],[-74.598,6.032],[-74.594,6.036],[-74.591,6.043],[-74.587,6.049],[-74.59,6.058],[-74.594,6.06],[-74.602,6.061],[-74.607,6.062],[-74.611,6.067],[-74.614,6.071],[-74.624,6.079],[-74.63,6.093],[-74.63,6.11],[-74.623,6.131],[-74.613,6.145],[-74.608,6.158],[-74.608,6.168],[-74.605,6.184],[-74.602,6.198],[-74.593,6.211],[-74.586,6.223],[-74.578,6.235],[-74.575,6.236],[-74.567,6.251],[-74.561,6.253],[-74.556,6.255],[-74.552,6.247],[-74.55,6.244],[-74.546,6.234],[-74.538,6.22],[-74.528,6.209],[-74.514,6.2],[-74.506,6.192],[-74.505,6.183],[-74.505,6.175],[-74.505,6.161],[-74.496,6.135],[-74.49,6.126],[-74.485,6.12],[-74.481,6.113],[-74.481,6.101],[-74.481,6.09],[-74.479,6.076],[-74.476,6.069],[-74.464,6.057],[-74.455,6.05],[-74.441,6.047],[-74.43,6.046],[-74.424,6.042],[-74.421,6.032],[-74.414,6.026],[-74.399,6.023],[-74.389,6.022],[-74.367,6.026],[-74.352,6.03],[-74.342,6.039],[-74.336,6.049],[-74.321,6.058],[-74.305,6.061],[-74.292,6.05],[-74.29,6.039],[-74.29,6.024],[-74.29,6.011],[-74.29,6.0],[-74.287,5.991],[-74.288,5.98],[-74.29,5.972],[-74.292,5.964],[-74.292,5.954],[-74.291,5.942],[-74.288,5.933],[-74.273,5.925],[-74.261,5.921],[-74.259,5.916],[-74.262,5.905],[-74.264,5.896],[-74.265,5.894],[-74.264,5.891],[-74.263,5.884],[-74.261,5.871],[-74.26,5.859],[-74.259,5.853],[-74.256,5.843],[-74.255,5.842],[-74.252,5.838],[-74.251,5.836],[-74.248,5.836],[-74.24,5.838],[-74.234,5.84],[-74.229,5.844],[-74.224,5.848],[-74.215,5.859],[-74.214,5.866],[-74.202,5.876],[-74.203,5.881],[-74.194,5.877],[-74.185,5.869],[-74.176,5.86],[-74.166,5.858],[-74.154,5.856],[-74.135,5.852],[-74.127,5.846],[-74.119,5.84],[-74.111,5.832],[-74.111,5.823],[-74.112,5.811],[-74.107,5.799],[-74.097,5.796],[-74.078,5.795],[-74.061,5.794],[-74.04,5.79],[-74.027,5.778],[-74.027,5.769],[-74.027,5.763],[-74.02,5.757],[-74.01,5.749],[-74.01,5.735],[-74.01,5.728],[-74.006,5.725],[-73.998,5.722],[-73.988,5.722],[-73.976,5.721],[-73.955,5.721],[-73.914,5.721],[-73.907,5.713],[-73.908,5.707],[-73.903,5.706],[-73.894,5.709],[-73.892,5.715],[-73.887,5.721],[-73.882,5.73],[-73.868,5.733],[-73.853,5.737],[-73.842,5.735],[-73.829,5.735],[-73.822,5.736],[-73.808,5.746],[-73.795,5.752],[-73.781,5.759],[-73.776,5.761],[-73.767,5.761],[-73.758,5.759],[-73.745,5.759],[-73.735,5.757],[-73.723,5.756],[-73.716,5.752],[-73.712,5.745],[-73.705,5.736],[-73.702,5.728],[-73.696,5.719],[-73.687,5.712],[-73.676,5.706],[-73.665,5.708],[-73.663,5.709],[-73.659,5.713],[-73.652,5.728],[-73.646,5.735],[-73.637,5.744],[-73.636,5.753],[-73.638,5.763],[-73.64,5.778],[-73.641,5.787],[-73.64,5.802],[-73.637,5.81],[-73.636,5.821],[-73.632,5.835],[-73.625,5.84],[-73.625,5.86],[-73.628,5.867],[-73.634,5.884],[-73.638,5.895],[-73.636,5.898],[-73.635,5.905],[-73.63,5.912],[-73.63,5.919],[-73.629,5.927],[-73.63,5.935],[-73.63,5.946],[-73.626,5.956],[-73.622,5.962],[-73.617,5.969],[-73.611,5.974],[-73.605,5.986],[-73.604,5.99],[-73.598,5.997],[-73.591,6.0],[-73.584,6.006],[-73.579,6.009],[-73.574,6.019],[-73.566,6.03],[-73.561,6.046],[-73.557,6.051],[-73.555,6.056],[-73.551,6.064],[-73.549,6.069],[-73.539,6.083],[-73.533,6.094],[-73.526,6.09],[-73.517,6.09],[-73.513,6.09],[-73.508,6.085],[-73.505,6.078],[-73.501,6.073],[-73.496,6.07],[-73.485,6.068],[-73.477,6.065],[-73.464,6.057],[-73.455,6.052],[-73.451,6.051],[-73.441,6.045],[-73.437,6.041],[-73.432,6.025],[-73.432,6.021],[-73.431,6.017],[-73.425,6.011],[-73.42,6.002],[-73.416,5.995],[-73.409,5.985],[-73.403,5.969],[-73.404,5.96],[-73.409,5.953],[-73.412,5.946],[-73.424,5.928],[-73.43,5.913],[-73.437,5.904],[-73.441,5.895],[-73.447,5.886],[-73.451,5.876],[-73.462,5.871],[-73.465,5.868],[-73.468,5.867],[-73.467,5.864],[-73.468,5.86],[-73.471,5.854],[-73.482,5.842],[-73.498,5.845],[-73.497,5.838],[-73.496,5.833],[-73.493,5.826],[-73.49,5.822],[-73.486,5.815],[-73.482,5.808],[-73.479,5.801],[-73.476,5.797],[-73.47,5.792],[-73.463,5.79],[-73.462,5.789],[-73.456,5.778],[-73.453,5.771],[-73.452,5.768],[-73.45,5.762],[-73.448,5.755],[-73.447,5.752],[-73.438,5.745],[-73.43,5.74],[-73.424,5.745],[-73.421,5.754],[-73.418,5.756],[-73.409,5.772],[-73.397,5.785],[-73.396,5.79],[-73.395,5.795],[-73.395,5.809],[-73.393,5.815],[-73.391,5.819],[-73.388,5.824],[-73.375,5.834],[-73.369,5.834],[-73.359,5.835],[-73.349,5.838],[-73.334,5.838],[-73.324,5.841],[-73.318,5.845],[-73.308,5.847],[-73.302,5.851],[-73.297,5.861],[-73.294,5.869],[-73.287,5.886],[-73.275,5.893],[-73.269,5.896],[-73.266,5.902],[-73.263,5.914],[-73.26,5.92],[-73.256,5.932],[-73.251,5.941],[-73.249,5.953],[-73.242,5.97],[-73.237,5.977],[-73.232,5.978],[-73.224,5.975],[-73.215,5.97],[-73.21,5.967],[-73.207,5.965],[-73.203,5.965],[-73.189,5.969],[-73.181,5.965],[-73.178,5.964],[-73.176,5.962],[-73.169,5.959],[-73.165,5.959],[-73.156,5.957],[-73.151,5.956],[-73.144,5.957],[-73.133,5.958],[-73.126,5.958],[-73.117,5.956],[-73.113,5.956],[-73.097,5.953],[-73.089,5.951],[-73.067,5.953],[-73.061,5.954],[-73.052,5.953],[-73.048,5.954],[-73.043,5.958],[-73.041,5.962],[-73.036,5.965],[-73.029,5.968],[-73.018,5.973],[-73.013,5.975],[-73.003,5.988],[-73.002,5.992],[-73.0,5.996],[-72.997,6.001],[-72.993,6.01],[-72.988,6.016],[-72.984,6.024],[-72.98,6.033],[-72.975,6.038],[-72.972,6.04],[-72.966,6.045],[-72.96,6.046],[-72.954,6.053],[-72.947,6.058],[-72.943,6.063],[-72.938,6.068],[-72.932,6.079],[-72.927,6.083],[-72.92,6.099],[-72.918,6.101],[-72.913,6.102],[-72.911,6.102],[-72.907,6.11],[-72.905,6.113],[-72.897,6.118],[-72.89,6.128],[-72.882,6.139],[-72.875,6.143],[-72.867,6.149],[-72.855,6.156],[-72.845,6.168],[-72.84,6.176],[-72.833,6.185],[-72.826,6.19],[-72.812,6.199],[-72.794,6.219],[-72.789,6.231],[-72.788,6.244],[-72.784,6.265],[-72.784,6.278],[-72.787,6.292],[-72.782,6.31],[-72.774,6.325],[-72.769,6.343],[-72.764,6.364],[-72.764,6.366],[-72.763,6.37],[-72.762,6.379],[-72.763,6.385],[-72.761,6.392],[-72.76,6.399],[-72.757,6.41],[-72.757,6.423],[-72.758,6.429],[-72.766,6.439],[-72.771,6.446],[-72.778,6.457],[-72.786,6.463],[-72.793,6.472],[-72.813,6.495],[-72.828,6.511],[-72.839,6.537],[-72.833,6.545],[-72.821,6.545],[-72.817,6.548],[-72.812,6.555],[-72.807,6.562],[-72.802,6.567],[-72.764,6.531],[-72.757,6.527],[-72.749,6.522],[-72.743,6.51],[-72.738,6.501],[-72.734,6.492],[-72.731,6.484],[-72.727,6.475],[-72.727,6.465],[-72.718,6.451],[-72.715,6.451],[-72.712,6.449],[-72.71,6.446],[-72.707,6.444],[-72.705,6.441],[-72.703,6.44],[-72.701,6.439],[-72.699,6.433],[-72.697,6.428],[-72.695,6.425],[-72.691,6.417],[-72.685,6.413],[-72.681,6.413],[-72.673,6.414],[-72.664,6.413],[-72.661,6.414],[-72.655,6.415],[-72.651,6.416],[-72.643,6.419],[-72.639,6.423],[-72.633,6.427],[-72.629,6.43],[-72.625,6.434],[-72.62,6.438],[-72.616,6.445],[-72.609,6.45],[-72.603,6.454],[-72.598,6.457],[-72.594,6.464],[-72.589,6.465],[-72.583,6.465],[-72.58,6.465],[-72.576,6.472],[-72.568,6.47],[-72.565,6.473],[-72.564,6.482],[-72.565,6.492],[-72.566,6.504],[-72.571,6.523],[-72.572,6.539],[-72.57,6.551],[-72.567,6.562],[-72.562,6.57],[-72.561,6.572],[-72.562,6.574],[-72.555,6.587],[-72.54,6.598],[-72.527,6.611],[-72.526,6.621],[-72.523,6.642],[-72.524,6.653],[-72.528,6.671],[-72.525,6.683],[-72.523,6.695],[-72.523,6.715],[-72.523,6.718],[-72.522,6.727],[-72.519,6.739],[-72.517,6.749],[-72.518,6.764],[-72.516,6.781],[-72.52,6.799],[-72.524,6.821],[-72.525,6.831],[-72.525,6.846],[-72.526,6.854],[-72.535,6.872],[-72.531,6.894],[-72.526,6.893],[-72.518,6.892],[-72.513,6.888],[-72.501,6.886],[-72.496,6.883],[-72.487,6.881],[-72.488,6.877],[-72.474,6.873],[-72.466,6.867],[-72.46,6.863],[-72.448,6.859],[-72.439,6.858],[-72.432,6.858],[-72.423,6.857],[-72.412,6.865],[-72.406,6.868],[-72.399,6.873],[-72.39,6.878],[-72.381,6.883],[-72.371,6.887],[-72.366,6.895],[-72.358,6.904],[-72.354,6.909],[-72.344,6.923],[-72.34,6.933],[-72.332,6.949],[-72.329,6.959],[-72.323,6.971],[-72.318,6.984],[-72.314,6.989],[-72.308,6.993],[-72.302,6.993],[-72.294,6.993],[-72.29,6.993],[-72.286,6.987],[-72.284,6.984],[-72.285,6.981],[-72.286,6.975],[-72.286,6.97],[-72.286,6.964],[-72.279,6.965],[-72.274,6.965],[-72.27,6.966],[-72.264,6.97],[-72.257,6.972],[-72.252,6.976],[-72.247,6.98],[-72.243,6.985],[-72.238,6.994],[-72.232,7.006],[-72.227,7.013],[-72.219,7.026],[-72.213,7.028]]]}},{"type":"Feature","properties":{"n":"CALDAS"},"geometry":{"type":"Polygon","coordinates":[[[-74.695,5.753],[-74.685,5.751],[-74.677,5.758],[-74.675,5.746],[-74.673,5.74],[-74.677,5.739],[-74.682,5.729],[-74.684,5.725],[-74.685,5.718],[-74.679,5.71],[-74.678,5.705],[-74.679,5.695],[-74.677,5.689],[-74.67,5.683],[-74.649,5.668],[-74.657,5.662],[-74.66,5.654],[-74.659,5.641],[-74.661,5.632],[-74.663,5.609],[-74.668,5.598],[-74.673,5.584],[-74.68,5.568],[-74.685,5.557],[-74.675,5.546],[-74.671,5.535],[-74.681,5.515],[-74.686,5.5],[-74.693,5.481],[-74.691,5.464],[-74.69,5.445],[-74.685,5.426],[-74.683,5.425],[-74.686,5.422],[-74.69,5.421],[-74.693,5.422],[-74.695,5.426],[-74.701,5.426],[-74.702,5.419],[-74.698,5.404],[-74.697,5.396],[-74.703,5.386],[-74.716,5.385],[-74.718,5.38],[-74.717,5.372],[-74.715,5.366],[-74.718,5.358],[-74.723,5.354],[-74.73,5.35],[-74.729,5.336],[-74.734,5.323],[-74.74,5.312],[-74.747,5.287],[-74.755,5.281],[-74.761,5.279],[-74.765,5.277],[-74.766,5.273],[-74.784,5.277],[-74.797,5.278],[-74.813,5.281],[-74.821,5.281],[-74.84,5.281],[-74.844,5.282],[-74.85,5.29],[-74.856,5.29],[-74.865,5.291],[-74.873,5.291],[-74.876,5.291],[-74.891,5.292],[-74.901,5.287],[-74.91,5.282],[-74.925,5.281],[-74.948,5.281],[-74.96,5.281],[-74.973,5.281],[-74.987,5.281],[-74.999,5.281],[-75.005,5.281],[-75.011,5.28],[-75.025,5.278],[-75.031,5.278],[-75.037,5.278],[-75.052,5.273],[-75.063,5.271],[-75.076,5.258],[-75.087,5.257],[-75.092,5.256],[-75.094,5.253],[-75.106,5.24],[-75.116,5.223],[-75.125,5.206],[-75.136,5.18],[-75.145,5.167],[-75.151,5.153],[-75.156,5.149],[-75.162,5.145],[-75.166,5.145],[-75.177,5.146],[-75.184,5.153],[-75.187,5.155],[-75.19,5.155],[-75.196,5.155],[-75.208,5.154],[-75.217,5.144],[-75.229,5.137],[-75.242,5.131],[-75.254,5.128],[-75.264,5.126],[-75.275,5.124],[-75.291,5.124],[-75.3,5.125],[-75.311,5.129],[-75.325,5.127],[-75.335,5.117],[-75.341,5.105],[-75.347,5.098],[-75.356,5.088],[-75.359,5.086],[-75.361,5.084],[-75.361,5.068],[-75.362,5.051],[-75.36,5.043],[-75.357,5.034],[-75.356,5.027],[-75.348,5.015],[-75.348,5.002],[-75.345,4.994],[-75.347,4.984],[-75.354,4.968],[-75.359,4.954],[-75.362,4.944],[-75.362,4.94],[-75.364,4.928],[-75.363,4.912],[-75.362,4.909],[-75.36,4.902],[-75.357,4.891],[-75.353,4.885],[-75.353,4.881],[-75.353,4.874],[-75.355,4.865],[-75.355,4.852],[-75.359,4.846],[-75.368,4.839],[-75.379,4.836],[-75.386,4.835],[-75.395,4.832],[-75.405,4.819],[-75.412,4.812],[-75.413,4.806],[-75.421,4.803],[-75.423,4.807],[-75.424,4.815],[-75.431,4.827],[-75.445,4.839],[-75.46,4.851],[-75.475,4.862],[-75.485,4.875],[-75.497,4.891],[-75.519,4.911],[-75.534,4.916],[-75.548,4.921],[-75.572,4.923],[-75.582,4.924],[-75.605,4.925],[-75.616,4.925],[-75.619,4.927],[-75.624,4.925],[-75.639,4.927],[-75.651,4.934],[-75.652,4.945],[-75.662,4.955],[-75.679,4.959],[-75.688,4.957],[-75.688,4.947],[-75.688,4.929],[-75.697,4.922],[-75.711,4.922],[-75.723,4.922],[-75.726,4.924],[-75.748,4.935],[-75.758,4.953],[-75.758,4.965],[-75.758,4.98],[-75.762,4.994],[-75.767,5.005],[-75.775,5.019],[-75.784,5.032],[-75.791,5.03],[-75.797,5.025],[-75.805,5.016],[-75.812,5.006],[-75.818,4.997],[-75.831,4.99],[-75.832,4.981],[-75.832,4.971],[-75.837,4.959],[-75.842,4.953],[-75.834,4.945],[-75.819,4.937],[-75.813,4.929],[-75.811,4.922],[-75.812,4.918],[-75.82,4.918],[-75.838,4.917],[-75.85,4.917],[-75.859,4.917],[-75.869,4.915],[-75.877,4.915],[-75.894,4.92],[-75.907,4.921],[-75.901,4.944],[-75.907,4.945],[-75.915,4.949],[-75.921,4.955],[-75.923,4.965],[-75.929,4.978],[-75.938,4.998],[-75.937,5.003],[-75.94,5.013],[-75.942,5.021],[-75.95,5.032],[-75.954,5.034],[-75.955,5.046],[-75.954,5.056],[-75.952,5.075],[-75.95,5.084],[-75.95,5.087],[-75.953,5.113],[-75.94,5.123],[-75.936,5.124],[-75.932,5.125],[-75.922,5.125],[-75.919,5.125],[-75.913,5.121],[-75.903,5.108],[-75.89,5.109],[-75.886,5.113],[-75.884,5.116],[-75.882,5.126],[-75.881,5.134],[-75.879,5.142],[-75.877,5.151],[-75.869,5.16],[-75.86,5.174],[-75.851,5.187],[-75.849,5.196],[-75.852,5.213],[-75.854,5.223],[-75.857,5.242],[-75.864,5.262],[-75.866,5.266],[-75.867,5.274],[-75.859,5.277],[-75.856,5.277],[-75.848,5.278],[-75.842,5.278],[-75.832,5.279],[-75.82,5.277],[-75.803,5.276],[-75.801,5.275],[-75.797,5.274],[-75.789,5.271],[-75.777,5.265],[-75.769,5.259],[-75.757,5.249],[-75.75,5.249],[-75.744,5.251],[-75.735,5.252],[-75.726,5.256],[-75.717,5.264],[-75.713,5.269],[-75.708,5.275],[-75.705,5.284],[-75.703,5.291],[-75.7,5.304],[-75.696,5.307],[-75.686,5.321],[-75.678,5.326],[-75.683,5.329],[-75.693,5.33],[-75.702,5.331],[-75.715,5.332],[-75.715,5.338],[-75.723,5.358],[-75.723,5.362],[-75.734,5.381],[-75.736,5.381],[-75.752,5.38],[-75.762,5.381],[-75.773,5.379],[-75.784,5.379],[-75.796,5.378],[-75.811,5.378],[-75.822,5.37],[-75.826,5.37],[-75.832,5.37],[-75.835,5.366],[-75.84,5.364],[-75.847,5.362],[-75.855,5.36],[-75.866,5.357],[-75.873,5.357],[-75.88,5.353],[-75.887,5.353],[-75.895,5.353],[-75.903,5.362],[-75.904,5.37],[-75.901,5.381],[-75.898,5.39],[-75.897,5.399],[-75.893,5.412],[-75.889,5.43],[-75.887,5.444],[-75.888,5.461],[-75.887,5.472],[-75.887,5.475],[-75.885,5.483],[-75.882,5.489],[-75.869,5.498],[-75.86,5.498],[-75.852,5.505],[-75.841,5.514],[-75.835,5.515],[-75.823,5.514],[-75.81,5.514],[-75.797,5.519],[-75.787,5.522],[-75.772,5.525],[-75.764,5.524],[-75.758,5.523],[-75.754,5.524],[-75.75,5.526],[-75.744,5.527],[-75.744,5.524],[-75.741,5.52],[-75.738,5.518],[-75.735,5.512],[-75.729,5.506],[-75.717,5.505],[-75.712,5.504],[-75.71,5.505],[-75.706,5.508],[-75.694,5.511],[-75.68,5.512],[-75.67,5.515],[-75.668,5.518],[-75.659,5.519],[-75.652,5.52],[-75.634,5.519],[-75.624,5.513],[-75.614,5.515],[-75.616,5.523],[-75.617,5.531],[-75.617,5.543],[-75.616,5.556],[-75.617,5.574],[-75.627,5.598],[-75.627,5.6],[-75.622,5.617],[-75.62,5.636],[-75.624,5.652],[-75.627,5.666],[-75.626,5.667],[-75.623,5.672],[-75.617,5.68],[-75.618,5.688],[-75.622,5.701],[-75.626,5.717],[-75.625,5.726],[-75.618,5.727],[-75.607,5.726],[-75.605,5.725],[-75.593,5.721],[-75.582,5.717],[-75.575,5.718],[-75.573,5.716],[-75.567,5.714],[-75.563,5.708],[-75.562,5.7],[-75.559,5.692],[-75.551,5.687],[-75.543,5.682],[-75.537,5.673],[-75.526,5.671],[-75.514,5.668],[-75.508,5.66],[-75.499,5.662],[-75.485,5.666],[-75.47,5.677],[-75.456,5.683],[-75.454,5.687],[-75.441,5.687],[-75.434,5.684],[-75.426,5.684],[-75.42,5.677],[-75.412,5.668],[-75.405,5.664],[-75.396,5.659],[-75.394,5.653],[-75.393,5.651],[-75.399,5.634],[-75.403,5.621],[-75.409,5.606],[-75.402,5.6],[-75.393,5.601],[-75.386,5.601],[-75.377,5.598],[-75.374,5.595],[-75.374,5.587],[-75.375,5.575],[-75.37,5.568],[-75.368,5.555],[-75.367,5.533],[-75.354,5.517],[-75.351,5.503],[-75.35,5.498],[-75.35,5.485],[-75.347,5.475],[-75.344,5.464],[-75.34,5.458],[-75.337,5.457],[-75.323,5.457],[-75.313,5.46],[-75.303,5.46],[-75.288,5.458],[-75.286,5.46],[-75.274,5.465],[-75.255,5.473],[-75.247,5.491],[-75.235,5.512],[-75.219,5.517],[-75.204,5.518],[-75.192,5.52],[-75.18,5.523],[-75.172,5.528],[-75.167,5.531],[-75.161,5.537],[-75.159,5.546],[-75.157,5.555],[-75.153,5.563],[-75.147,5.568],[-75.14,5.571],[-75.131,5.574],[-75.124,5.581],[-75.124,5.592],[-75.125,5.598],[-75.127,5.612],[-75.123,5.621],[-75.121,5.631],[-75.12,5.642],[-75.116,5.648],[-75.111,5.649],[-75.094,5.654],[-75.091,5.654],[-75.079,5.66],[-75.07,5.662],[-75.061,5.667],[-75.048,5.67],[-75.035,5.674],[-75.026,5.681],[-75.02,5.691],[-75.019,5.695],[-75.017,5.706],[-75.009,5.708],[-74.996,5.711],[-74.986,5.712],[-74.976,5.714],[-74.965,5.715],[-74.956,5.716],[-74.943,5.718],[-74.918,5.724],[-74.913,5.725],[-74.908,5.727],[-74.901,5.728],[-74.893,5.731],[-74.886,5.732],[-74.877,5.734],[-74.873,5.731],[-74.867,5.725],[-74.864,5.72],[-74.863,5.714],[-74.861,5.709],[-74.859,5.7],[-74.854,5.696],[-74.842,5.694],[-74.835,5.691],[-74.828,5.689],[-74.822,5.686],[-74.807,5.679],[-74.798,5.677],[-74.79,5.679],[-74.778,5.68],[-74.77,5.683],[-74.765,5.683],[-74.758,5.69],[-74.755,5.705],[-74.747,5.716],[-74.741,5.732],[-74.734,5.742],[-74.723,5.76],[-74.715,5.763],[-74.705,5.763],[-74.699,5.762],[-74.695,5.753]]]}},{"type":"Feature","properties":{"n":"CAQUETA"},"geometry":{"type":"Polygon","coordinates":[[[-74.693,2.498],[-74.689,2.479],[-74.681,2.46],[-74.676,2.441],[-74.678,2.423],[-74.679,2.404],[-74.677,2.378],[-74.675,2.353],[-74.673,2.333],[-74.672,2.319],[-74.666,2.303],[-74.663,2.271],[-74.662,2.25],[-74.661,2.248],[-74.658,2.24],[-74.654,2.231],[-74.65,2.22],[-74.642,2.207],[-74.635,2.187],[-74.631,2.17],[-74.629,2.145],[-74.629,2.13],[-74.629,2.108],[-74.632,2.078],[-74.632,2.061],[-74.631,2.038],[-74.617,2.001],[-74.606,1.979],[-74.597,1.967],[-74.59,1.944],[-74.585,1.931],[-74.575,1.917],[-74.561,1.902],[-74.55,1.881],[-74.541,1.867],[-74.522,1.849],[-74.512,1.837],[-74.504,1.828],[-74.488,1.815],[-74.472,1.807],[-74.436,1.799],[-74.405,1.797],[-74.373,1.795],[-74.3,1.787],[-74.275,1.785],[-74.247,1.775],[-74.224,1.764],[-74.202,1.744],[-74.188,1.729],[-74.17,1.702],[-74.158,1.683],[-74.141,1.658],[-74.118,1.649],[-74.093,1.647],[-74.08,1.636],[-74.063,1.624],[-74.06,1.621],[-74.056,1.612],[-74.047,1.602],[-74.032,1.593],[-74.009,1.584],[-73.985,1.576],[-73.959,1.572],[-73.931,1.57],[-73.897,1.573],[-73.859,1.582],[-73.843,1.586],[-73.821,1.597],[-73.79,1.606],[-73.739,1.613],[-73.718,1.613],[-73.686,1.613],[-73.66,1.611],[-73.66,1.608],[-73.657,1.6],[-73.658,1.588],[-73.656,1.567],[-73.656,1.548],[-73.653,1.526],[-73.65,1.512],[-73.655,1.503],[-73.654,1.49],[-73.635,1.479],[-73.618,1.476],[-73.605,1.461],[-73.587,1.441],[-73.576,1.423],[-73.559,1.386],[-73.556,1.379],[-73.544,1.383],[-73.536,1.368],[-73.523,1.357],[-73.511,1.349],[-73.501,1.337],[-73.492,1.321],[-73.489,1.309],[-73.474,1.287],[-73.455,1.278],[-73.451,1.255],[-73.445,1.23],[-73.44,1.216],[-73.441,1.209],[-73.44,1.199],[-73.436,1.189],[-73.436,1.181],[-73.439,1.172],[-73.437,1.165],[-73.419,1.155],[-73.411,1.146],[-73.394,1.117],[-73.374,1.1],[-73.364,1.093],[-73.354,1.082],[-73.337,1.062],[-73.322,1.054],[-73.301,1.035],[-73.277,1.021],[-73.263,1.008],[-73.259,0.996],[-73.251,0.987],[-73.228,0.981],[-73.212,0.982],[-73.203,0.971],[-73.202,0.956],[-73.191,0.946],[-73.17,0.933],[-73.151,0.907],[-73.128,0.899],[-73.109,0.895],[-73.097,0.888],[-73.086,0.891],[-73.074,0.896],[-73.059,0.901],[-73.051,0.902],[-73.035,0.907],[-73.019,0.91],[-73.011,0.917],[-73.016,0.925],[-73.014,0.94],[-73.009,0.94],[-72.999,0.937],[-72.993,0.939],[-72.982,0.942],[-72.979,0.947],[-72.971,0.962],[-72.955,0.967],[-72.955,0.973],[-72.951,0.985],[-72.947,0.997],[-72.942,0.998],[-72.937,0.998],[-72.921,0.998],[-72.919,1.001],[-72.902,1.008],[-72.891,1.008],[-72.888,1.012],[-72.899,1.028],[-72.892,1.024],[-72.882,1.029],[-72.885,1.037],[-72.886,1.045],[-72.896,1.053],[-72.901,1.053],[-72.902,1.058],[-72.903,1.067],[-72.91,1.074],[-72.904,1.078],[-72.894,1.08],[-72.885,1.083],[-72.874,1.086],[-72.877,1.094],[-72.885,1.098],[-72.898,1.11],[-72.898,1.12],[-72.891,1.127],[-72.875,1.131],[-72.877,1.142],[-72.883,1.147],[-72.878,1.149],[-72.868,1.15],[-72.856,1.147],[-72.844,1.15],[-72.844,1.153],[-72.844,1.164],[-72.836,1.16],[-72.813,1.158],[-72.805,1.16],[-72.792,1.159],[-72.792,1.151],[-72.787,1.14],[-72.781,1.137],[-72.768,1.128],[-72.766,1.127],[-72.743,1.136],[-72.749,1.145],[-72.747,1.161],[-72.739,1.164],[-72.731,1.164],[-72.717,1.16],[-72.704,1.149],[-72.699,1.145],[-72.686,1.145],[-72.678,1.14],[-72.676,1.147],[-72.676,1.157],[-72.67,1.157],[-72.66,1.146],[-72.638,1.122],[-72.627,1.112],[-72.612,1.095],[-72.583,1.08],[-72.531,1.053],[-72.509,1.054],[-72.502,1.056],[-72.488,1.058],[-72.484,1.056],[-72.472,1.047],[-72.457,1.03],[-72.454,1.023],[-72.442,1.013],[-72.437,1.009],[-72.436,0.998],[-72.43,0.987],[-72.417,0.972],[-72.423,0.963],[-72.424,0.95],[-72.413,0.936],[-72.401,0.926],[-72.397,0.916],[-72.401,0.905],[-72.406,0.89],[-72.396,0.891],[-72.369,0.903],[-72.362,0.902],[-72.363,0.89],[-72.365,0.876],[-72.357,0.863],[-72.354,0.853],[-72.358,0.848],[-72.359,0.839],[-72.356,0.83],[-72.348,0.812],[-72.337,0.817],[-72.338,0.827],[-72.34,0.838],[-72.339,0.847],[-72.328,0.846],[-72.313,0.85],[-72.306,0.842],[-72.313,0.833],[-72.315,0.821],[-72.309,0.804],[-72.307,0.792],[-72.314,0.79],[-72.323,0.78],[-72.321,0.774],[-72.307,0.762],[-72.296,0.752],[-72.281,0.741],[-72.277,0.747],[-72.279,0.754],[-72.28,0.763],[-72.273,0.764],[-72.264,0.758],[-72.254,0.743],[-72.245,0.737],[-72.243,0.726],[-72.243,0.719],[-72.242,0.703],[-72.243,0.692],[-72.239,0.676],[-72.23,0.673],[-72.219,0.678],[-72.216,0.688],[-72.212,0.693],[-72.205,0.693],[-72.196,0.691],[-72.189,0.682],[-72.177,0.683],[-72.173,0.693],[-72.183,0.703],[-72.171,0.701],[-72.168,0.697],[-72.163,0.693],[-72.151,0.695],[-72.148,0.699],[-72.144,0.705],[-72.141,0.705],[-72.139,0.705],[-72.132,0.69],[-72.129,0.678],[-72.122,0.669],[-72.112,0.665],[-72.103,0.665],[-72.095,0.664],[-72.085,0.648],[-72.084,0.638],[-72.088,0.635],[-72.097,0.626],[-72.086,0.629],[-72.074,0.634],[-72.058,0.636],[-72.045,0.637],[-72.042,0.639],[-72.03,0.634],[-72.02,0.628],[-72.015,0.628],[-72.013,0.618],[-72.013,0.613],[-72.012,0.602],[-72.008,0.603],[-71.998,0.601],[-72.001,0.588],[-72.012,0.58],[-72.015,0.576],[-72.017,0.567],[-72.014,0.568],[-72.009,0.546],[-72.002,0.529],[-71.993,0.528],[-71.976,0.518],[-71.969,0.509],[-71.96,0.511],[-71.96,0.516],[-71.969,0.531],[-71.973,0.54],[-71.969,0.545],[-71.96,0.547],[-71.959,0.532],[-71.949,0.525],[-71.946,0.52],[-71.946,0.507],[-71.946,0.5],[-71.946,0.493],[-71.93,0.481],[-71.931,0.475],[-71.945,0.466],[-71.946,0.455],[-71.933,0.449],[-71.926,0.441],[-71.924,0.432],[-71.931,0.425],[-71.92,0.418],[-71.916,0.417],[-71.899,0.404],[-71.888,0.405],[-71.868,0.405],[-71.854,0.389],[-71.839,0.371],[-71.848,0.366],[-71.859,0.364],[-71.859,0.359],[-71.85,0.344],[-71.855,0.332],[-71.857,0.327],[-71.859,0.315],[-71.833,0.315],[-71.823,0.313],[-71.818,0.315],[-71.815,0.324],[-71.824,0.329],[-71.826,0.336],[-71.82,0.335],[-71.809,0.329],[-71.795,0.332],[-71.785,0.331],[-71.803,0.317],[-71.803,0.31],[-71.799,0.306],[-71.795,0.298],[-71.789,0.294],[-71.78,0.296],[-71.77,0.294],[-71.769,0.284],[-71.769,0.275],[-71.768,0.265],[-71.76,0.262],[-71.755,0.262],[-71.746,0.273],[-71.732,0.285],[-71.727,0.288],[-71.723,0.288],[-71.723,0.262],[-71.735,0.255],[-71.734,0.248],[-71.729,0.24],[-71.714,0.225],[-71.705,0.215],[-71.691,0.202],[-71.684,0.194],[-71.678,0.183],[-71.667,0.178],[-71.656,0.18],[-71.654,0.184],[-71.648,0.193],[-71.636,0.198],[-71.63,0.196],[-71.635,0.185],[-71.638,0.179],[-71.647,0.165],[-71.651,0.156],[-71.634,0.158],[-71.623,0.162],[-71.615,0.161],[-71.603,0.166],[-71.583,0.179],[-71.581,0.18],[-71.58,0.171],[-71.59,0.163],[-71.594,0.152],[-71.603,0.144],[-71.6,0.142],[-71.58,0.145],[-71.559,0.146],[-71.548,0.14],[-71.546,0.129],[-71.552,0.112],[-71.556,0.096],[-71.544,0.093],[-71.524,0.103],[-71.517,0.105],[-71.513,0.12],[-71.511,0.116],[-71.495,0.129],[-71.494,0.139],[-71.488,0.148],[-71.483,0.147],[-71.477,0.135],[-71.483,0.126],[-71.486,0.118],[-71.488,0.113],[-71.49,0.114],[-71.493,0.108],[-71.497,0.108],[-71.505,0.098],[-71.508,0.09],[-71.521,0.075],[-71.533,0.057],[-71.541,0.047],[-71.552,0.037],[-71.563,0.025],[-71.571,0.021],[-71.579,0.01],[-71.597,-0.002],[-71.612,-0.013],[-71.616,-0.02],[-71.623,-0.032],[-71.628,-0.051],[-71.645,-0.065],[-71.664,-0.078],[-71.691,-0.092],[-71.71,-0.113],[-71.718,-0.117],[-71.733,-0.127],[-71.743,-0.139],[-71.755,-0.153],[-71.762,-0.16],[-71.773,-0.182],[-71.801,-0.263],[-71.814,-0.276],[-71.833,-0.293],[-71.856,-0.301],[-71.89,-0.306],[-71.903,-0.303],[-71.917,-0.3],[-71.934,-0.294],[-71.949,-0.293],[-71.964,-0.289],[-71.986,-0.284],[-72.007,-0.281],[-72.008,-0.28],[-72.029,-0.281],[-72.047,-0.285],[-72.058,-0.297],[-72.07,-0.308],[-72.076,-0.326],[-72.076,-0.339],[-72.073,-0.349],[-72.076,-0.36],[-72.096,-0.371],[-72.111,-0.379],[-72.125,-0.389],[-72.138,-0.392],[-72.15,-0.402],[-72.163,-0.414],[-72.175,-0.424],[-72.192,-0.44],[-72.201,-0.454],[-72.212,-0.498],[-72.218,-0.51],[-72.228,-0.528],[-72.238,-0.55],[-72.245,-0.573],[-72.25,-0.592],[-72.261,-0.617],[-72.289,-0.654],[-72.297,-0.657],[-72.31,-0.661],[-72.32,-0.666],[-72.336,-0.672],[-72.338,-0.672],[-72.347,-0.67],[-72.353,-0.67],[-72.361,-0.669],[-72.367,-0.666],[-72.374,-0.662],[-72.382,-0.655],[-72.387,-0.655],[-72.394,-0.651],[-72.399,-0.648],[-72.402,-0.642],[-72.411,-0.634],[-72.414,-0.63],[-72.421,-0.622],[-72.427,-0.619],[-72.431,-0.614],[-72.432,-0.604],[-72.433,-0.593],[-72.433,-0.586],[-72.444,-0.586],[-72.452,-0.59],[-72.471,-0.605],[-72.481,-0.612],[-72.484,-0.617],[-72.491,-0.623],[-72.495,-0.632],[-72.504,-0.639],[-72.507,-0.644],[-72.512,-0.653],[-72.52,-0.662],[-72.526,-0.667],[-72.534,-0.68],[-72.541,-0.688],[-72.549,-0.695],[-72.556,-0.701],[-72.562,-0.707],[-72.567,-0.713],[-72.571,-0.722],[-72.58,-0.73],[-72.589,-0.73],[-72.591,-0.729],[-72.602,-0.724],[-72.613,-0.718],[-72.622,-0.711],[-72.632,-0.705],[-72.643,-0.697],[-72.651,-0.691],[-72.71,-0.642],[-72.714,-0.638],[-72.717,-0.634],[-72.725,-0.628],[-72.732,-0.617],[-72.743,-0.611],[-72.765,-0.599],[-72.767,-0.592],[-72.772,-0.585],[-72.784,-0.585],[-72.796,-0.59],[-72.803,-0.601],[-72.81,-0.607],[-72.818,-0.618],[-72.823,-0.619],[-72.826,-0.622],[-72.834,-0.63],[-72.843,-0.634],[-72.851,-0.637],[-72.859,-0.642],[-72.871,-0.645],[-72.882,-0.648],[-72.899,-0.649],[-72.914,-0.644],[-72.923,-0.644],[-72.936,-0.646],[-72.943,-0.646],[-72.951,-0.646],[-72.953,-0.64],[-72.958,-0.632],[-72.963,-0.617],[-72.967,-0.608],[-72.977,-0.586],[-72.987,-0.579],[-72.993,-0.573],[-72.998,-0.564],[-73.016,-0.556],[-73.031,-0.554],[-73.033,-0.554],[-73.049,-0.554],[-73.061,-0.554],[-73.069,-0.559],[-73.075,-0.576],[-73.078,-0.584],[-73.085,-0.592],[-73.088,-0.595],[-73.092,-0.601],[-73.092,-0.613],[-73.092,-0.625],[-73.093,-0.633],[-73.093,-0.642],[-73.1,-0.646],[-73.105,-0.648],[-73.117,-0.648],[-73.127,-0.644],[-73.135,-0.639],[-73.144,-0.635],[-73.157,-0.636],[-73.164,-0.636],[-73.171,-0.638],[-73.182,-0.643],[-73.189,-0.645],[-73.198,-0.65],[-73.208,-0.657],[-73.216,-0.658],[-73.223,-0.658],[-73.231,-0.653],[-73.24,-0.645],[-73.253,-0.637],[-73.254,-0.625],[-73.272,-0.615],[-73.276,-0.614],[-73.278,-0.607],[-73.284,-0.599],[-73.287,-0.594],[-73.294,-0.582],[-73.307,-0.573],[-73.321,-0.571],[-73.333,-0.568],[-73.34,-0.565],[-73.352,-0.559],[-73.366,-0.552],[-73.385,-0.545],[-73.387,-0.545],[-73.404,-0.552],[-73.416,-0.557],[-73.42,-0.557],[-73.43,-0.557],[-73.436,-0.556],[-73.454,-0.547],[-73.462,-0.55],[-73.476,-0.552],[-73.489,-0.555],[-73.502,-0.556],[-73.518,-0.556],[-73.525,-0.556],[-73.533,-0.556],[-73.538,-0.555],[-73.548,-0.551],[-73.559,-0.542],[-73.571,-0.532],[-73.575,-0.538],[-73.581,-0.544],[-73.584,-0.545],[-73.596,-0.544],[-73.596,-0.54],[-73.596,-0.528],[-73.588,-0.519],[-73.606,-0.51],[-73.617,-0.501],[-73.622,-0.494],[-73.623,-0.488],[-73.624,-0.478],[-73.629,-0.469],[-73.634,-0.467],[-73.645,-0.468],[-73.654,-0.47],[-73.662,-0.472],[-73.668,-0.474],[-73.679,-0.476],[-73.68,-0.472],[-73.68,-0.463],[-73.678,-0.453],[-73.678,-0.445],[-73.688,-0.442],[-73.691,-0.442],[-73.694,-0.443],[-73.7,-0.444],[-73.702,-0.444],[-73.705,-0.444],[-73.712,-0.44],[-73.724,-0.433],[-73.727,-0.428],[-73.731,-0.424],[-73.732,-0.422],[-73.733,-0.42],[-73.74,-0.419],[-73.744,-0.416],[-73.751,-0.41],[-73.754,-0.41],[-73.764,-0.411],[-73.774,-0.413],[-73.783,-0.417],[-73.787,-0.419],[-73.787,-0.421],[-73.789,-0.425],[-73.79,-0.429],[-73.793,-0.432],[-73.796,-0.435],[-73.8,-0.437],[-73.804,-0.438],[-73.811,-0.441],[-73.816,-0.441],[-73.822,-0.443],[-73.826,-0.443],[-73.828,-0.444],[-73.835,-0.443],[-73.84,-0.443],[-73.843,-0.442],[-73.848,-0.442],[-73.853,-0.441],[-73.86,-0.437],[-73.864,-0.434],[-73.87,-0.427],[-73.876,-0.428],[-73.884,-0.431],[-73.886,-0.429],[-73.893,-0.427],[-73.901,-0.422],[-73.917,-0.414],[-73.933,-0.406],[-73.941,-0.401],[-73.95,-0.399],[-73.956,-0.399],[-73.965,-0.397],[-73.977,-0.395],[-73.99,-0.391],[-74.01,-0.383],[-74.023,-0.381],[-74.057,-0.365],[-74.075,-0.333],[-74.082,-0.315],[-74.097,-0.317],[-74.108,-0.316],[-74.114,-0.314],[-74.119,-0.311],[-74.135,-0.293],[-74.149,-0.285],[-74.164,-0.279],[-74.168,-0.28],[-74.172,-0.285],[-74.179,-0.289],[-74.186,-0.293],[-74.195,-0.299],[-74.205,-0.3],[-74.213,-0.296],[-74.219,-0.291],[-74.225,-0.273],[-74.23,-0.258],[-74.247,-0.255],[-74.251,-0.259],[-74.251,-0.266],[-74.252,-0.273],[-74.255,-0.271],[-74.259,-0.27],[-74.269,-0.265],[-74.279,-0.26],[-74.291,-0.254],[-74.301,-0.249],[-74.315,-0.242],[-74.317,-0.236],[-74.317,-0.229],[-74.302,-0.208],[-74.295,-0.2],[-74.298,-0.178],[-74.317,-0.176],[-74.325,-0.176],[-74.341,-0.173],[-74.347,-0.169],[-74.354,-0.164],[-74.36,-0.16],[-74.371,-0.157],[-74.376,-0.153],[-74.388,-0.15],[-74.396,-0.148],[-74.406,-0.151],[-74.415,-0.156],[-74.422,-0.162],[-74.433,-0.163],[-74.448,-0.167],[-74.459,-0.162],[-74.463,-0.152],[-74.457,-0.144],[-74.448,-0.139],[-74.447,-0.134],[-74.462,-0.125],[-74.468,-0.121],[-74.481,-0.119],[-74.486,-0.12],[-74.488,-0.131],[-74.491,-0.142],[-74.494,-0.155],[-74.506,-0.169],[-74.519,-0.17],[-74.529,-0.173],[-74.537,-0.164],[-74.536,-0.154],[-74.535,-0.14],[-74.547,-0.135],[-74.557,-0.14],[-74.557,-0.149],[-74.555,-0.152],[-74.554,-0.16],[-74.56,-0.161],[-74.572,-0.157],[-74.587,-0.153],[-74.607,-0.145],[-74.624,-0.14],[-74.642,-0.133],[-74.642,-0.126],[-74.647,-0.111],[-74.65,-0.103],[-74.661,-0.092],[-74.67,-0.091],[-74.675,-0.095],[-74.681,-0.096],[-74.689,-0.1],[-74.696,-0.105],[-74.701,-0.103],[-74.701,-0.097],[-74.692,-0.076],[-74.682,-0.066],[-74.682,-0.06],[-74.695,-0.049],[-74.705,-0.03],[-74.708,-0.014],[-74.72,0.002],[-74.721,0.013],[-74.716,0.015],[-74.702,0.019],[-74.695,0.023],[-74.693,0.028],[-74.698,0.04],[-74.708,0.042],[-74.721,0.042],[-74.729,0.044],[-74.736,0.047],[-74.733,0.061],[-74.73,0.07],[-74.718,0.065],[-74.709,0.072],[-74.707,0.082],[-74.707,0.094],[-74.708,0.111],[-74.707,0.124],[-74.708,0.132],[-74.719,0.143],[-74.725,0.151],[-74.728,0.156],[-74.738,0.173],[-74.755,0.179],[-74.786,0.187],[-74.799,0.185],[-74.835,0.192],[-74.851,0.194],[-74.868,0.194],[-74.926,0.213],[-74.944,0.22],[-74.962,0.225],[-74.97,0.227],[-74.996,0.234],[-75.015,0.246],[-75.028,0.25],[-75.029,0.26],[-75.022,0.272],[-75.01,0.284],[-75.005,0.294],[-75.006,0.303],[-75.014,0.312],[-75.022,0.323],[-75.025,0.337],[-75.023,0.345],[-75.023,0.354],[-75.022,0.37],[-75.017,0.376],[-75.008,0.379],[-75.003,0.388],[-75.003,0.395],[-75.012,0.407],[-75.023,0.421],[-75.034,0.435],[-75.04,0.446],[-75.037,0.456],[-75.045,0.457],[-75.056,0.457],[-75.073,0.457],[-75.097,0.457],[-75.126,0.462],[-75.128,0.471],[-75.126,0.477],[-75.123,0.486],[-75.132,0.487],[-75.144,0.483],[-75.153,0.476],[-75.158,0.472],[-75.167,0.464],[-75.171,0.46],[-75.189,0.46],[-75.215,0.464],[-75.232,0.466],[-75.237,0.478],[-75.233,0.493],[-75.248,0.518],[-75.252,0.522],[-75.257,0.528],[-75.266,0.539],[-75.266,0.548],[-75.26,0.555],[-75.251,0.567],[-75.246,0.574],[-75.238,0.586],[-75.25,0.613],[-75.27,0.632],[-75.284,0.644],[-75.288,0.654],[-75.282,0.673],[-75.277,0.689],[-75.29,0.713],[-75.316,0.725],[-75.324,0.727],[-75.341,0.739],[-75.357,0.743],[-75.368,0.743],[-75.39,0.736],[-75.404,0.733],[-75.416,0.733],[-75.425,0.73],[-75.439,0.728],[-75.454,0.73],[-75.47,0.734],[-75.478,0.737],[-75.496,0.745],[-75.5,0.746],[-75.508,0.76],[-75.521,0.76],[-75.534,0.759],[-75.544,0.76],[-75.553,0.768],[-75.562,0.789],[-75.56,0.805],[-75.564,0.818],[-75.577,0.829],[-75.593,0.831],[-75.611,0.832],[-75.621,0.834],[-75.638,0.835],[-75.645,0.846],[-75.643,0.856],[-75.642,0.86],[-75.658,0.86],[-75.669,0.857],[-75.683,0.853],[-75.704,0.845],[-75.72,0.84],[-75.743,0.84],[-75.759,0.839],[-75.765,0.834],[-75.769,0.822],[-75.77,0.817],[-75.789,0.817],[-75.8,0.827],[-75.802,0.848],[-75.802,0.86],[-75.829,0.877],[-75.832,0.877],[-75.837,0.877],[-75.842,0.877],[-75.853,0.873],[-75.861,0.869],[-75.874,0.87],[-75.883,0.881],[-75.894,0.899],[-75.909,0.918],[-75.924,0.931],[-75.932,0.949],[-75.946,0.967],[-75.967,0.976],[-75.963,0.987],[-75.943,0.988],[-75.937,0.995],[-75.944,1.003],[-75.939,1.009],[-75.953,1.019],[-75.963,1.019],[-75.97,1.02],[-75.979,1.033],[-75.987,1.038],[-75.998,1.046],[-76.004,1.055],[-76.01,1.053],[-76.013,1.043],[-76.006,1.034],[-76.004,1.028],[-76.014,1.03],[-76.024,1.04],[-76.043,1.039],[-76.054,1.039],[-76.067,1.038],[-76.079,1.038],[-76.089,1.038],[-76.104,1.046],[-76.112,1.044],[-76.112,1.049],[-76.118,1.056],[-76.124,1.07],[-76.135,1.079],[-76.154,1.092],[-76.166,1.106],[-76.173,1.115],[-76.178,1.103],[-76.192,1.098],[-76.203,1.097],[-76.216,1.099],[-76.217,1.106],[-76.214,1.119],[-76.214,1.131],[-76.21,1.143],[-76.203,1.151],[-76.206,1.163],[-76.205,1.169],[-76.206,1.176],[-76.218,1.181],[-76.227,1.179],[-76.239,1.173],[-76.256,1.165],[-76.271,1.161],[-76.275,1.169],[-76.275,1.211],[-76.277,1.22],[-76.285,1.24],[-76.302,1.261],[-76.313,1.283],[-76.311,1.301],[-76.299,1.317],[-76.286,1.335],[-76.285,1.352],[-76.275,1.367],[-76.269,1.377],[-76.249,1.393],[-76.237,1.414],[-76.235,1.426],[-76.235,1.432],[-76.231,1.455],[-76.223,1.468],[-76.195,1.503],[-76.185,1.524],[-76.172,1.527],[-76.169,1.527],[-76.162,1.527],[-76.159,1.527],[-76.153,1.523],[-76.142,1.512],[-76.137,1.505],[-76.135,1.5],[-76.134,1.497],[-76.133,1.493],[-76.119,1.498],[-76.117,1.498],[-76.108,1.501],[-76.097,1.503],[-76.079,1.51],[-76.067,1.512],[-76.038,1.521],[-76.022,1.527],[-76.007,1.541],[-75.996,1.554],[-75.979,1.572],[-75.969,1.588],[-75.96,1.599],[-75.94,1.612],[-75.929,1.624],[-75.915,1.633],[-75.9,1.643],[-75.892,1.648],[-75.881,1.653],[-75.868,1.661],[-75.87,1.67],[-75.865,1.676],[-75.859,1.685],[-75.855,1.693],[-75.853,1.699],[-75.843,1.72],[-75.837,1.736],[-75.832,1.746],[-75.826,1.757],[-75.818,1.763],[-75.814,1.77],[-75.804,1.781],[-75.796,1.789],[-75.792,1.789],[-75.79,1.792],[-75.787,1.798],[-75.779,1.803],[-75.777,1.815],[-75.764,1.835],[-75.757,1.854],[-75.738,1.873],[-75.72,1.885],[-75.714,1.89],[-75.713,1.892],[-75.701,1.904],[-75.692,1.912],[-75.68,1.923],[-75.655,1.936],[-75.632,1.946],[-75.605,1.956],[-75.586,1.967],[-75.581,1.978],[-75.576,1.995],[-75.573,2.008],[-75.571,2.017],[-75.548,2.057],[-75.547,2.058],[-75.543,2.06],[-75.541,2.065],[-75.535,2.075],[-75.529,2.084],[-75.522,2.096],[-75.517,2.105],[-75.511,2.114],[-75.506,2.126],[-75.504,2.136],[-75.49,2.158],[-75.488,2.159],[-75.484,2.163],[-75.482,2.167],[-75.478,2.176],[-75.472,2.183],[-75.468,2.191],[-75.457,2.199],[-75.448,2.209],[-75.435,2.227],[-75.434,2.23],[-75.433,2.232],[-75.425,2.24],[-75.419,2.247],[-75.406,2.259],[-75.391,2.271],[-75.389,2.274],[-75.388,2.279],[-75.384,2.28],[-75.371,2.292],[-75.368,2.301],[-75.359,2.308],[-75.344,2.324],[-75.328,2.346],[-75.304,2.369],[-75.302,2.37],[-75.301,2.376],[-75.298,2.387],[-75.294,2.401],[-75.294,2.42],[-75.29,2.442],[-75.282,2.473],[-75.274,2.493],[-75.265,2.509],[-75.255,2.521],[-75.241,2.537],[-75.234,2.538],[-75.214,2.519],[-75.212,2.506],[-75.211,2.499],[-75.206,2.486],[-75.195,2.481],[-75.178,2.487],[-75.162,2.496],[-75.147,2.507],[-75.133,2.515],[-75.114,2.532],[-75.093,2.546],[-75.053,2.575],[-75.029,2.599],[-75.016,2.607],[-75.009,2.62],[-75.012,2.634],[-75.019,2.65],[-75.029,2.662],[-75.041,2.677],[-75.052,2.701],[-75.066,2.719],[-75.069,2.721],[-75.076,2.73],[-75.079,2.736],[-75.081,2.744],[-75.078,2.756],[-75.069,2.766],[-75.055,2.778],[-75.04,2.792],[-75.038,2.799],[-75.031,2.808],[-75.002,2.838],[-74.989,2.857],[-74.969,2.876],[-74.955,2.889],[-74.945,2.903],[-74.938,2.918],[-74.933,2.935],[-74.921,2.944],[-74.916,2.941],[-74.896,2.932],[-74.887,2.924],[-74.874,2.917],[-74.859,2.911],[-74.845,2.906],[-74.828,2.899],[-74.814,2.898],[-74.765,2.873],[-74.746,2.86],[-74.723,2.844],[-74.693,2.833],[-74.667,2.819],[-74.647,2.801],[-74.629,2.793],[-74.609,2.779],[-74.605,2.767],[-74.604,2.748],[-74.604,2.715],[-74.604,2.694],[-74.605,2.668],[-74.616,2.648],[-74.625,2.635],[-74.641,2.616],[-74.653,2.602],[-74.661,2.593],[-74.673,2.576],[-74.683,2.555],[-74.691,2.536],[-74.696,2.519],[-74.693,2.498]]]}},{"type":"Feature","properties":{"n":"CAUCA"},"geometry":{"type":"MultiPolygon","coordinates":[[[[-78.212,2.975],[-78.249,2.956],[-78.268,2.98],[-78.268,3.003],[-78.254,3.022],[-78.23,3.045],[-78.207,3.054],[-78.188,3.054],[-78.207,3.022],[-78.212,2.975]]],[[[-76.393,3.283],[-76.375,3.275],[-76.355,3.276],[-76.339,3.275],[-76.32,3.275],[-76.311,3.275],[-76.285,3.275],[-76.26,3.274],[-76.247,3.27],[-76.241,3.262],[-76.234,3.253],[-76.225,3.247],[-76.206,3.235],[-76.181,3.226],[-76.165,3.217],[-76.153,3.213],[-76.143,3.213],[-76.128,3.21],[-76.118,3.21],[-76.11,3.209],[-76.106,3.209],[-76.102,3.209],[-76.097,3.209],[-76.098,3.202],[-76.097,3.186],[-76.095,3.172],[-76.096,3.168],[-76.096,3.167],[-76.1,3.164],[-76.1,3.144],[-76.1,3.13],[-76.101,3.117],[-76.1,3.108],[-76.101,3.092],[-76.098,3.08],[-76.094,3.067],[-76.092,3.059],[-76.084,3.047],[-76.082,3.038],[-76.08,3.03],[-76.076,3.027],[-76.074,3.024],[-76.067,3.011],[-76.057,3.0],[-76.054,2.999],[-76.034,2.991],[-76.022,2.984],[-76.019,2.98],[-76.013,2.976],[-76.005,2.969],[-76.007,2.957],[-76.007,2.943],[-76.007,2.936],[-76.007,2.926],[-76.008,2.908],[-76.009,2.904],[-76.009,2.902],[-76.008,2.898],[-76.008,2.87],[-76.005,2.841],[-75.997,2.821],[-75.99,2.804],[-75.989,2.787],[-75.985,2.775],[-75.983,2.77],[-75.977,2.752],[-75.973,2.742],[-75.962,2.717],[-75.954,2.696],[-75.943,2.669],[-75.931,2.649],[-75.918,2.634],[-75.903,2.611],[-75.891,2.597],[-75.888,2.574],[-75.882,2.556],[-75.878,2.544],[-75.873,2.532],[-75.865,2.524],[-75.861,2.511],[-75.861,2.505],[-75.861,2.496],[-75.855,2.476],[-75.853,2.473],[-75.85,2.462],[-75.848,2.458],[-75.85,2.45],[-75.854,2.449],[-75.859,2.449],[-75.867,2.448],[-75.873,2.443],[-75.881,2.432],[-75.891,2.422],[-75.913,2.414],[-75.918,2.415],[-75.928,2.416],[-75.938,2.424],[-75.95,2.429],[-75.951,2.443],[-75.957,2.461],[-75.97,2.464],[-75.98,2.469],[-75.981,2.472],[-75.993,2.476],[-76.002,2.479],[-76.011,2.483],[-76.027,2.487],[-76.041,2.485],[-76.059,2.481],[-76.076,2.469],[-76.082,2.449],[-76.092,2.429],[-76.096,2.419],[-76.111,2.401],[-76.127,2.39],[-76.138,2.383],[-76.153,2.379],[-76.166,2.378],[-76.186,2.375],[-76.208,2.383],[-76.22,2.39],[-76.231,2.393],[-76.243,2.393],[-76.25,2.399],[-76.26,2.399],[-76.275,2.402],[-76.282,2.401],[-76.29,2.399],[-76.303,2.397],[-76.31,2.394],[-76.314,2.386],[-76.316,2.38],[-76.316,2.374],[-76.317,2.364],[-76.316,2.356],[-76.315,2.35],[-76.317,2.34],[-76.323,2.33],[-76.323,2.319],[-76.324,2.311],[-76.344,2.305],[-76.358,2.303],[-76.364,2.302],[-76.376,2.302],[-76.385,2.301],[-76.394,2.298],[-76.402,2.296],[-76.406,2.294],[-76.418,2.276],[-76.418,2.266],[-76.414,2.258],[-76.409,2.254],[-76.401,2.238],[-76.398,2.234],[-76.394,2.234],[-76.387,2.235],[-76.383,2.235],[-76.381,2.23],[-76.38,2.218],[-76.385,2.202],[-76.386,2.196],[-76.385,2.192],[-76.374,2.184],[-76.368,2.179],[-76.365,2.167],[-76.363,2.155],[-76.363,2.144],[-76.365,2.137],[-76.365,2.131],[-76.365,2.126],[-76.372,2.115],[-76.374,2.109],[-76.377,2.108],[-76.385,2.104],[-76.398,2.095],[-76.403,2.092],[-76.406,2.085],[-76.411,2.076],[-76.421,2.074],[-76.426,2.073],[-76.437,2.072],[-76.449,2.079],[-76.473,2.093],[-76.492,2.104],[-76.505,2.113],[-76.519,2.119],[-76.528,2.124],[-76.542,2.128],[-76.561,2.133],[-76.57,2.132],[-76.582,2.131],[-76.584,2.131],[-76.593,2.129],[-76.603,2.126],[-76.609,2.124],[-76.619,2.12],[-76.63,2.113],[-76.637,2.101],[-76.64,2.089],[-76.64,2.076],[-76.636,2.068],[-76.632,2.059],[-76.629,2.056],[-76.628,2.054],[-76.625,2.043],[-76.626,2.035],[-76.628,2.025],[-76.626,2.014],[-76.623,2.004],[-76.62,1.987],[-76.62,1.979],[-76.63,1.959],[-76.629,1.943],[-76.629,1.934],[-76.626,1.916],[-76.624,1.907],[-76.623,1.899],[-76.623,1.893],[-76.618,1.88],[-76.612,1.865],[-76.609,1.863],[-76.596,1.861],[-76.585,1.861],[-76.576,1.862],[-76.562,1.865],[-76.547,1.865],[-76.524,1.852],[-76.505,1.838],[-76.493,1.82],[-76.477,1.796],[-76.47,1.781],[-76.469,1.766],[-76.472,1.752],[-76.472,1.724],[-76.468,1.705],[-76.469,1.689],[-76.473,1.668],[-76.475,1.651],[-76.46,1.627],[-76.447,1.616],[-76.435,1.613],[-76.423,1.609],[-76.398,1.606],[-76.372,1.6],[-76.348,1.594],[-76.335,1.588],[-76.332,1.585],[-76.324,1.567],[-76.312,1.546],[-76.301,1.528],[-76.286,1.514],[-76.275,1.512],[-76.27,1.511],[-76.254,1.517],[-76.238,1.523],[-76.225,1.529],[-76.213,1.533],[-76.192,1.537],[-76.19,1.536],[-76.18,1.533],[-76.172,1.527],[-76.185,1.524],[-76.195,1.503],[-76.223,1.468],[-76.231,1.455],[-76.235,1.432],[-76.235,1.426],[-76.237,1.414],[-76.249,1.393],[-76.269,1.377],[-76.275,1.367],[-76.285,1.352],[-76.286,1.335],[-76.299,1.317],[-76.311,1.301],[-76.313,1.283],[-76.302,1.261],[-76.285,1.24],[-76.277,1.22],[-76.275,1.211],[-76.275,1.169],[-76.271,1.161],[-76.256,1.165],[-76.239,1.173],[-76.227,1.179],[-76.218,1.181],[-76.206,1.176],[-76.205,1.169],[-76.206,1.163],[-76.203,1.151],[-76.21,1.143],[-76.214,1.131],[-76.214,1.119],[-76.217,1.106],[-76.216,1.099],[-76.203,1.097],[-76.192,1.098],[-76.178,1.103],[-76.173,1.115],[-76.166,1.106],[-76.154,1.092],[-76.135,1.079],[-76.124,1.07],[-76.118,1.056],[-76.112,1.049],[-76.112,1.044],[-76.104,1.046],[-76.105,1.039],[-76.101,1.032],[-76.094,1.019],[-76.108,1.012],[-76.123,1.012],[-76.124,0.996],[-76.138,0.997],[-76.15,0.999],[-76.16,1.004],[-76.173,1.01],[-76.195,1.015],[-76.199,1.007],[-76.213,1.006],[-76.225,0.993],[-76.218,0.979],[-76.223,0.975],[-76.241,0.97],[-76.263,0.963],[-76.27,0.963],[-76.293,0.967],[-76.31,0.958],[-76.326,0.954],[-76.363,0.965],[-76.385,0.968],[-76.406,0.969],[-76.427,0.969],[-76.439,0.969],[-76.454,0.976],[-76.48,0.992],[-76.498,0.998],[-76.523,1.014],[-76.543,1.026],[-76.556,1.032],[-76.565,1.036],[-76.581,1.047],[-76.585,1.058],[-76.588,1.076],[-76.588,1.092],[-76.588,1.119],[-76.581,1.143],[-76.573,1.168],[-76.564,1.197],[-76.563,1.219],[-76.562,1.235],[-76.567,1.266],[-76.578,1.316],[-76.577,1.339],[-76.588,1.361],[-76.61,1.383],[-76.628,1.393],[-76.648,1.405],[-76.662,1.41],[-76.666,1.413],[-76.676,1.427],[-76.685,1.427],[-76.701,1.424],[-76.712,1.415],[-76.725,1.403],[-76.737,1.394],[-76.742,1.383],[-76.746,1.375],[-76.748,1.36],[-76.749,1.345],[-76.754,1.334],[-76.761,1.322],[-76.767,1.311],[-76.783,1.298],[-76.796,1.293],[-76.809,1.293],[-76.818,1.292],[-76.821,1.295],[-76.83,1.294],[-76.835,1.294],[-76.843,1.293],[-76.855,1.299],[-76.862,1.303],[-76.859,1.307],[-76.852,1.312],[-76.839,1.329],[-76.834,1.339],[-76.834,1.358],[-76.836,1.37],[-76.839,1.383],[-76.851,1.403],[-76.861,1.416],[-76.866,1.425],[-76.863,1.44],[-76.858,1.447],[-76.847,1.464],[-76.837,1.48],[-76.834,1.49],[-76.828,1.503],[-76.82,1.518],[-76.816,1.546],[-76.817,1.556],[-76.82,1.569],[-76.826,1.581],[-76.832,1.588],[-76.837,1.597],[-76.853,1.601],[-76.865,1.607],[-76.88,1.613],[-76.895,1.623],[-76.911,1.631],[-76.915,1.633],[-76.928,1.643],[-76.944,1.651],[-76.955,1.658],[-76.966,1.664],[-76.989,1.684],[-77.009,1.698],[-77.019,1.702],[-77.036,1.714],[-77.047,1.716],[-77.053,1.712],[-77.061,1.712],[-77.064,1.709],[-77.068,1.704],[-77.074,1.699],[-77.065,1.689],[-77.098,1.686],[-77.107,1.682],[-77.121,1.675],[-77.125,1.676],[-77.134,1.677],[-77.143,1.678],[-77.154,1.679],[-77.165,1.68],[-77.17,1.68],[-77.181,1.679],[-77.188,1.679],[-77.199,1.673],[-77.211,1.671],[-77.229,1.671],[-77.238,1.671],[-77.24,1.669],[-77.252,1.661],[-77.267,1.661],[-77.277,1.672],[-77.283,1.671],[-77.291,1.671],[-77.299,1.665],[-77.306,1.666],[-77.317,1.671],[-77.326,1.672],[-77.336,1.674],[-77.353,1.674],[-77.364,1.684],[-77.365,1.692],[-77.362,1.694],[-77.348,1.709],[-77.347,1.711],[-77.343,1.717],[-77.338,1.722],[-77.33,1.738],[-77.325,1.749],[-77.323,1.761],[-77.323,1.783],[-77.328,1.797],[-77.329,1.813],[-77.327,1.821],[-77.316,1.835],[-77.312,1.848],[-77.31,1.855],[-77.305,1.862],[-77.293,1.874],[-77.282,1.878],[-77.276,1.883],[-77.267,1.9],[-77.261,1.911],[-77.255,1.916],[-77.243,1.924],[-77.241,1.937],[-77.24,1.949],[-77.239,1.954],[-77.241,1.961],[-77.244,1.964],[-77.247,1.967],[-77.267,1.986],[-77.277,1.995],[-77.287,2.009],[-77.29,2.021],[-77.289,2.037],[-77.29,2.047],[-77.29,2.066],[-77.292,2.086],[-77.304,2.109],[-77.312,2.109],[-77.323,2.109],[-77.328,2.103],[-77.331,2.095],[-77.334,2.088],[-77.341,2.085],[-77.357,2.084],[-77.364,2.09],[-77.367,2.1],[-77.368,2.108],[-77.372,2.119],[-77.373,2.139],[-77.38,2.16],[-77.381,2.165],[-77.383,2.175],[-77.382,2.184],[-77.389,2.195],[-77.398,2.209],[-77.4,2.212],[-77.407,2.213],[-77.409,2.213],[-77.418,2.214],[-77.429,2.213],[-77.444,2.213],[-77.454,2.207],[-77.461,2.204],[-77.472,2.199],[-77.491,2.198],[-77.506,2.193],[-77.532,2.19],[-77.559,2.189],[-77.578,2.188],[-77.597,2.188],[-77.619,2.188],[-77.63,2.188],[-77.643,2.19],[-77.657,2.197],[-77.678,2.209],[-77.695,2.22],[-77.728,2.241],[-77.749,2.253],[-77.757,2.26],[-77.769,2.274],[-77.775,2.291],[-77.775,2.302],[-77.775,2.322],[-77.792,2.342],[-77.807,2.357],[-77.837,2.393],[-77.843,2.404],[-77.868,2.43],[-77.882,2.449],[-77.898,2.466],[-77.911,2.488],[-77.926,2.5],[-77.94,2.521],[-77.954,2.537],[-77.97,2.55],[-77.978,2.564],[-77.984,2.577],[-77.993,2.594],[-78.002,2.61],[-78.015,2.625],[-78.019,2.635],[-78.027,2.66],[-78.025,2.666],[-78.02,2.657],[-78.01,2.649],[-77.998,2.648],[-77.982,2.658],[-77.987,2.674],[-77.991,2.68],[-77.988,2.695],[-77.977,2.708],[-77.97,2.703],[-77.964,2.685],[-77.959,2.677],[-77.956,2.69],[-77.955,2.701],[-77.954,2.723],[-77.949,2.741],[-77.945,2.747],[-77.933,2.738],[-77.925,2.73],[-77.922,2.724],[-77.911,2.721],[-77.897,2.709],[-77.89,2.701],[-77.882,2.69],[-77.874,2.683],[-77.869,2.685],[-77.869,2.694],[-77.874,2.709],[-77.874,2.717],[-77.868,2.735],[-77.863,2.753],[-77.863,2.755],[-77.862,2.767],[-77.862,2.776],[-77.848,2.781],[-77.827,2.789],[-77.81,2.789],[-77.787,2.801],[-77.777,2.806],[-77.788,2.806],[-77.807,2.806],[-77.818,2.815],[-77.826,2.815],[-77.811,2.83],[-77.802,2.842],[-77.78,2.843],[-77.768,2.848],[-77.761,2.861],[-77.759,2.87],[-77.745,2.873],[-77.73,2.874],[-77.72,2.88],[-77.71,2.891],[-77.704,2.9],[-77.711,2.898],[-77.72,2.898],[-77.731,2.897],[-77.732,2.9],[-77.746,2.893],[-77.752,2.899],[-77.745,2.914],[-77.74,2.927],[-77.737,2.937],[-77.731,2.945],[-77.716,2.951],[-77.709,2.968],[-77.711,2.975],[-77.711,2.99],[-77.71,2.996],[-77.707,3.001],[-77.689,3.009],[-77.696,3.012],[-77.708,3.011],[-77.72,3.011],[-77.722,3.019],[-77.73,3.019],[-77.737,3.007],[-77.746,2.992],[-77.755,2.994],[-77.753,3.007],[-77.743,3.018],[-77.733,3.034],[-77.719,3.059],[-77.714,3.072],[-77.701,3.069],[-77.7,3.058],[-77.7,3.048],[-77.696,3.05],[-77.676,3.057],[-77.654,3.07],[-77.658,3.078],[-77.668,3.078],[-77.688,3.078],[-77.685,3.083],[-77.679,3.089],[-77.677,3.092],[-77.663,3.101],[-77.649,3.11],[-77.644,3.117],[-77.632,3.13],[-77.625,3.139],[-77.617,3.154],[-77.605,3.171],[-77.6,3.18],[-77.591,3.189],[-77.581,3.2],[-77.576,3.21],[-77.567,3.22],[-77.558,3.223],[-77.55,3.223],[-77.538,3.223],[-77.527,3.225],[-77.523,3.232],[-77.518,3.239],[-77.518,3.248],[-77.499,3.252],[-77.495,3.253],[-77.484,3.256],[-77.473,3.258],[-77.466,3.261],[-77.455,3.262],[-77.439,3.261],[-77.427,3.251],[-77.417,3.243],[-77.412,3.23],[-77.408,3.218],[-77.402,3.211],[-77.387,3.194],[-77.38,3.178],[-77.372,3.174],[-77.356,3.172],[-77.339,3.175],[-77.328,3.18],[-77.315,3.182],[-77.305,3.179],[-77.303,3.174],[-77.298,3.166],[-77.294,3.155],[-77.286,3.156],[-77.279,3.149],[-77.27,3.141],[-77.254,3.131],[-77.252,3.12],[-77.254,3.104],[-77.255,3.095],[-77.245,3.094],[-77.232,3.098],[-77.224,3.103],[-77.212,3.108],[-77.198,3.109],[-77.164,3.101],[-77.143,3.096],[-77.13,3.093],[-77.101,3.085],[-77.091,3.084],[-77.075,3.08],[-77.056,3.078],[-77.04,3.078],[-77.028,3.086],[-77.015,3.092],[-77.002,3.095],[-76.995,3.097],[-76.98,3.095],[-76.976,3.093],[-76.969,3.087],[-76.961,3.072],[-76.952,3.064],[-76.946,3.069],[-76.93,3.071],[-76.909,3.078],[-76.899,3.078],[-76.882,3.079],[-76.87,3.081],[-76.842,3.083],[-76.839,3.083],[-76.841,3.077],[-76.821,3.079],[-76.808,3.08],[-76.795,3.084],[-76.785,3.088],[-76.776,3.091],[-76.771,3.094],[-76.76,3.094],[-76.75,3.094],[-76.731,3.097],[-76.705,3.102],[-76.7,3.104],[-76.681,3.106],[-76.67,3.112],[-76.655,3.107],[-76.649,3.099],[-76.643,3.098],[-76.629,3.097],[-76.621,3.1],[-76.617,3.106],[-76.613,3.112],[-76.607,3.114],[-76.602,3.115],[-76.592,3.109],[-76.588,3.104],[-76.575,3.098],[-76.565,3.099],[-76.556,3.103],[-76.553,3.109],[-76.553,3.114],[-76.553,3.121],[-76.553,3.128],[-76.555,3.134],[-76.555,3.143],[-76.55,3.143],[-76.543,3.144],[-76.538,3.145],[-76.534,3.147],[-76.533,3.149],[-76.531,3.152],[-76.53,3.161],[-76.528,3.168],[-76.524,3.171],[-76.524,3.18],[-76.524,3.188],[-76.524,3.195],[-76.52,3.203],[-76.512,3.206],[-76.505,3.215],[-76.504,3.223],[-76.501,3.228],[-76.492,3.237],[-76.493,3.242],[-76.496,3.242],[-76.508,3.246],[-76.508,3.252],[-76.505,3.256],[-76.5,3.261],[-76.501,3.267],[-76.51,3.272],[-76.515,3.277],[-76.516,3.281],[-76.518,3.282],[-76.523,3.288],[-76.52,3.293],[-76.511,3.296],[-76.505,3.299],[-76.5,3.303],[-76.498,3.308],[-76.496,3.313],[-76.493,3.315],[-76.49,3.316],[-76.474,3.316],[-76.46,3.316],[-76.453,3.307],[-76.441,3.301],[-76.433,3.298],[-76.425,3.293],[-76.417,3.289],[-76.407,3.286],[-76.399,3.284],[-76.393,3.283]]]]}},{"type":"Feature","properties":{"n":"CESAR"},"geometry":{"type":"Polygon","coordinates":[[[-73.282,10.856],[-73.281,10.838],[-73.274,10.828],[-73.271,10.819],[-73.267,10.807],[-73.262,10.789],[-73.259,10.776],[-73.263,10.759],[-73.271,10.745],[-73.273,10.734],[-73.274,10.728],[-73.249,10.733],[-73.24,10.745],[-73.229,10.753],[-73.207,10.744],[-73.191,10.724],[-73.177,10.703],[-73.166,10.677],[-73.154,10.666],[-73.144,10.672],[-73.136,10.678],[-73.122,10.662],[-73.104,10.651],[-73.086,10.644],[-73.083,10.635],[-73.113,10.608],[-73.122,10.593],[-73.128,10.576],[-73.125,10.565],[-73.126,10.552],[-73.14,10.534],[-73.141,10.528],[-73.148,10.52],[-73.163,10.508],[-73.171,10.501],[-73.185,10.498],[-73.196,10.489],[-73.196,10.481],[-73.202,10.474],[-73.212,10.466],[-73.215,10.457],[-73.216,10.451],[-73.216,10.448],[-73.194,10.441],[-73.19,10.438],[-73.185,10.426],[-73.184,10.41],[-73.185,10.393],[-73.18,10.381],[-73.166,10.391],[-73.163,10.393],[-73.132,10.41],[-73.117,10.421],[-73.096,10.427],[-73.077,10.421],[-73.073,10.42],[-73.062,10.419],[-73.044,10.42],[-73.019,10.408],[-73.0,10.396],[-72.982,10.391],[-72.965,10.391],[-72.946,10.391],[-72.925,10.397],[-72.91,10.401],[-72.891,10.404],[-72.869,10.41],[-72.835,10.412],[-72.84,10.405],[-72.844,10.394],[-72.85,10.381],[-72.851,10.379],[-72.851,10.376],[-72.853,10.372],[-72.856,10.365],[-72.881,10.333],[-72.891,10.32],[-72.899,10.312],[-72.901,10.311],[-72.916,10.297],[-72.918,10.294],[-72.922,10.284],[-72.927,10.279],[-72.938,10.26],[-72.942,10.252],[-72.945,10.238],[-72.949,10.217],[-72.951,10.214],[-72.95,10.206],[-72.951,10.197],[-72.945,10.177],[-72.945,10.164],[-72.943,10.15],[-72.939,10.134],[-72.949,10.108],[-72.951,10.089],[-72.958,10.076],[-72.965,10.068],[-72.969,10.052],[-72.977,10.037],[-72.982,10.027],[-72.986,10.017],[-72.991,10.002],[-72.999,9.993],[-73.001,9.98],[-73.003,9.972],[-73.005,9.966],[-73.012,9.944],[-73.013,9.929],[-73.017,9.908],[-73.019,9.887],[-73.019,9.868],[-73.014,9.854],[-73.005,9.848],[-72.987,9.832],[-72.965,9.83],[-72.968,9.81],[-72.974,9.797],[-72.984,9.787],[-72.994,9.773],[-73.009,9.757],[-73.022,9.754],[-73.027,9.752],[-73.033,9.733],[-73.044,9.717],[-73.049,9.701],[-73.049,9.691],[-73.053,9.681],[-73.056,9.673],[-73.058,9.663],[-73.066,9.654],[-73.069,9.652],[-73.072,9.652],[-73.073,9.648],[-73.075,9.64],[-73.081,9.628],[-73.088,9.616],[-73.103,9.598],[-73.111,9.59],[-73.112,9.577],[-73.122,9.563],[-73.126,9.551],[-73.128,9.541],[-73.148,9.532],[-73.164,9.529],[-73.173,9.521],[-73.178,9.511],[-73.185,9.495],[-73.19,9.483],[-73.197,9.47],[-73.209,9.457],[-73.219,9.451],[-73.22,9.448],[-73.225,9.44],[-73.223,9.437],[-73.221,9.428],[-73.221,9.416],[-73.228,9.406],[-73.239,9.397],[-73.255,9.386],[-73.27,9.374],[-73.277,9.362],[-73.284,9.352],[-73.295,9.329],[-73.3,9.315],[-73.302,9.31],[-73.305,9.297],[-73.313,9.287],[-73.319,9.276],[-73.319,9.262],[-73.325,9.247],[-73.333,9.232],[-73.343,9.22],[-73.345,9.203],[-73.349,9.19],[-73.358,9.179],[-73.361,9.166],[-73.38,9.146],[-73.378,9.142],[-73.383,9.14],[-73.388,9.139],[-73.39,9.137],[-73.393,9.134],[-73.401,9.134],[-73.41,9.132],[-73.418,9.13],[-73.427,9.125],[-73.428,9.119],[-73.428,9.111],[-73.427,9.107],[-73.426,9.101],[-73.426,9.086],[-73.429,9.066],[-73.433,9.046],[-73.437,9.03],[-73.438,9.005],[-73.441,8.992],[-73.446,8.981],[-73.449,8.97],[-73.452,8.964],[-73.452,8.953],[-73.452,8.94],[-73.452,8.934],[-73.451,8.929],[-73.451,8.926],[-73.449,8.911],[-73.447,8.889],[-73.445,8.872],[-73.445,8.861],[-73.444,8.854],[-73.444,8.848],[-73.437,8.835],[-73.437,8.822],[-73.437,8.811],[-73.437,8.806],[-73.437,8.802],[-73.436,8.786],[-73.44,8.771],[-73.444,8.757],[-73.447,8.75],[-73.453,8.741],[-73.467,8.731],[-73.472,8.726],[-73.477,8.716],[-73.477,8.71],[-73.472,8.705],[-73.469,8.698],[-73.469,8.694],[-73.471,8.689],[-73.482,8.685],[-73.489,8.686],[-73.505,8.676],[-73.517,8.661],[-73.529,8.654],[-73.54,8.652],[-73.547,8.643],[-73.552,8.63],[-73.552,8.627],[-73.551,8.612],[-73.548,8.599],[-73.55,8.585],[-73.554,8.566],[-73.555,8.562],[-73.556,8.553],[-73.559,8.541],[-73.556,8.526],[-73.552,8.517],[-73.551,8.513],[-73.551,8.507],[-73.551,8.503],[-73.541,8.499],[-73.529,8.494],[-73.526,8.479],[-73.522,8.471],[-73.511,8.468],[-73.508,8.469],[-73.501,8.476],[-73.496,8.48],[-73.489,8.472],[-73.495,8.461],[-73.496,8.45],[-73.496,8.441],[-73.493,8.431],[-73.494,8.422],[-73.495,8.417],[-73.497,8.412],[-73.501,8.403],[-73.506,8.396],[-73.511,8.389],[-73.514,8.38],[-73.523,8.371],[-73.521,8.361],[-73.512,8.353],[-73.503,8.347],[-73.493,8.339],[-73.492,8.328],[-73.487,8.316],[-73.48,8.307],[-73.473,8.303],[-73.466,8.305],[-73.459,8.312],[-73.457,8.318],[-73.453,8.318],[-73.453,8.321],[-73.447,8.326],[-73.436,8.334],[-73.427,8.342],[-73.424,8.351],[-73.424,8.358],[-73.421,8.365],[-73.42,8.37],[-73.423,8.379],[-73.424,8.387],[-73.434,8.397],[-73.437,8.404],[-73.437,8.411],[-73.439,8.417],[-73.433,8.427],[-73.43,8.427],[-73.417,8.426],[-73.404,8.422],[-73.388,8.415],[-73.376,8.416],[-73.37,8.414],[-73.366,8.399],[-73.365,8.392],[-73.363,8.379],[-73.361,8.371],[-73.366,8.367],[-73.366,8.356],[-73.369,8.343],[-73.375,8.325],[-73.376,8.315],[-73.379,8.307],[-73.381,8.302],[-73.381,8.289],[-73.391,8.277],[-73.396,8.267],[-73.406,8.248],[-73.406,8.235],[-73.405,8.222],[-73.415,8.212],[-73.425,8.199],[-73.431,8.178],[-73.435,8.16],[-73.427,8.146],[-73.427,8.136],[-73.433,8.123],[-73.412,8.108],[-73.407,8.101],[-73.405,8.098],[-73.408,8.095],[-73.413,8.087],[-73.417,8.086],[-73.417,8.077],[-73.417,8.066],[-73.415,8.052],[-73.414,8.042],[-73.411,8.035],[-73.403,8.032],[-73.38,8.025],[-73.355,8.015],[-73.327,7.999],[-73.319,7.981],[-73.307,7.959],[-73.305,7.952],[-73.304,7.937],[-73.309,7.917],[-73.316,7.901],[-73.328,7.894],[-73.344,7.891],[-73.366,7.885],[-73.375,7.875],[-73.373,7.846],[-73.37,7.807],[-73.368,7.794],[-73.37,7.792],[-73.383,7.777],[-73.396,7.76],[-73.406,7.748],[-73.411,7.742],[-73.419,7.737],[-73.423,7.726],[-73.429,7.722],[-73.431,7.715],[-73.431,7.704],[-73.434,7.695],[-73.446,7.691],[-73.459,7.687],[-73.489,7.684],[-73.508,7.685],[-73.539,7.692],[-73.573,7.705],[-73.602,7.72],[-73.623,7.719],[-73.645,7.716],[-73.65,7.708],[-73.653,7.709],[-73.779,7.722],[-73.779,7.731],[-73.779,7.747],[-73.77,7.761],[-73.761,7.771],[-73.763,7.783],[-73.769,7.795],[-73.765,7.808],[-73.756,7.82],[-73.737,7.84],[-73.732,7.856],[-73.731,7.865],[-73.718,7.878],[-73.707,7.898],[-73.705,7.913],[-73.708,7.924],[-73.721,7.933],[-73.734,7.947],[-73.739,7.948],[-73.751,7.952],[-73.758,7.965],[-73.755,7.981],[-73.756,7.997],[-73.759,8.006],[-73.766,8.014],[-73.769,8.027],[-73.772,8.033],[-73.776,8.044],[-73.786,8.055],[-73.796,8.066],[-73.801,8.071],[-73.796,8.084],[-73.788,8.108],[-73.788,8.117],[-73.796,8.113],[-73.8,8.115],[-73.808,8.118],[-73.809,8.127],[-73.801,8.13],[-73.803,8.133],[-73.802,8.144],[-73.802,8.156],[-73.807,8.168],[-73.809,8.177],[-73.799,8.185],[-73.794,8.2],[-73.785,8.219],[-73.773,8.232],[-73.776,8.256],[-73.772,8.267],[-73.769,8.281],[-73.771,8.293],[-73.777,8.318],[-73.778,8.341],[-73.777,8.361],[-73.774,8.374],[-73.772,8.384],[-73.772,8.423],[-73.775,8.441],[-73.777,8.442],[-73.782,8.459],[-73.79,8.474],[-73.801,8.489],[-73.807,8.511],[-73.806,8.53],[-73.807,8.552],[-73.812,8.567],[-73.819,8.579],[-73.827,8.596],[-73.84,8.613],[-73.843,8.618],[-73.841,8.641],[-73.836,8.655],[-73.833,8.665],[-73.83,8.672],[-73.827,8.685],[-73.826,8.703],[-73.825,8.722],[-73.821,8.734],[-73.815,8.757],[-73.818,8.779],[-73.831,8.794],[-73.848,8.815],[-73.857,8.824],[-73.865,8.84],[-73.871,8.855],[-73.878,8.879],[-73.886,8.906],[-73.885,8.923],[-73.88,8.946],[-73.877,8.957],[-73.875,8.96],[-73.875,8.963],[-73.871,8.972],[-73.866,8.984],[-73.86,8.993],[-73.856,8.998],[-73.834,9.014],[-73.829,9.032],[-73.829,9.04],[-73.833,9.048],[-73.837,9.059],[-73.844,9.067],[-73.853,9.081],[-73.886,9.111],[-73.898,9.137],[-73.9,9.149],[-73.904,9.163],[-73.908,9.18],[-73.918,9.185],[-73.938,9.189],[-73.962,9.188],[-73.983,9.192],[-73.986,9.193],[-73.984,9.207],[-73.972,9.224],[-73.97,9.234],[-73.964,9.258],[-73.968,9.276],[-73.975,9.289],[-73.985,9.317],[-73.998,9.333],[-74.0,9.344],[-74.011,9.354],[-74.018,9.359],[-74.028,9.368],[-74.034,9.373],[-74.041,9.378],[-74.046,9.387],[-74.062,9.405],[-74.075,9.419],[-74.086,9.432],[-74.102,9.444],[-74.148,9.467],[-74.156,9.477],[-74.155,9.484],[-74.148,9.488],[-74.137,9.496],[-74.128,9.5],[-74.12,9.508],[-74.108,9.523],[-74.086,9.546],[-74.076,9.561],[-74.053,9.582],[-74.017,9.582],[-73.994,9.576],[-73.974,9.575],[-73.958,9.575],[-73.936,9.576],[-73.894,9.58],[-73.861,9.581],[-73.85,9.574],[-73.823,9.572],[-73.816,9.574],[-73.813,9.578],[-73.81,9.582],[-73.81,9.59],[-73.813,9.602],[-73.812,9.617],[-73.818,9.633],[-73.823,9.651],[-73.828,9.662],[-73.831,9.668],[-73.839,9.684],[-73.847,9.7],[-73.859,9.714],[-73.861,9.719],[-73.867,9.732],[-73.866,9.737],[-73.865,9.748],[-73.862,9.763],[-73.863,9.774],[-73.874,9.782],[-73.877,9.784],[-73.88,9.79],[-73.882,9.792],[-73.886,9.796],[-73.912,9.811],[-73.925,9.823],[-73.937,9.842],[-73.951,9.864],[-73.96,9.885],[-73.981,9.906],[-73.987,9.911],[-74.0,9.917],[-74.023,9.932],[-74.032,9.949],[-74.032,9.957],[-74.052,9.974],[-74.064,9.986],[-74.066,9.988],[-74.074,9.995],[-74.084,10.007],[-74.087,10.018],[-74.097,10.036],[-74.104,10.054],[-74.111,10.066],[-74.111,10.067],[-74.108,10.076],[-74.105,10.088],[-74.103,10.106],[-74.094,10.137],[-74.085,10.153],[-74.077,10.16],[-74.07,10.172],[-74.072,10.187],[-74.063,10.202],[-74.046,10.203],[-74.038,10.215],[-74.03,10.238],[-74.02,10.239],[-74.009,10.249],[-73.997,10.267],[-73.992,10.282],[-73.988,10.296],[-73.983,10.304],[-73.976,10.312],[-73.97,10.319],[-73.958,10.339],[-73.935,10.36],[-73.907,10.379],[-73.888,10.383],[-73.87,10.381],[-73.854,10.381],[-73.838,10.381],[-73.814,10.384],[-73.803,10.392],[-73.796,10.394],[-73.786,10.394],[-73.775,10.399],[-73.766,10.412],[-73.755,10.408],[-73.747,10.408],[-73.741,10.413],[-73.743,10.418],[-73.744,10.434],[-73.735,10.444],[-73.728,10.444],[-73.708,10.446],[-73.694,10.449],[-73.683,10.459],[-73.672,10.474],[-73.666,10.49],[-73.657,10.504],[-73.643,10.505],[-73.627,10.515],[-73.627,10.528],[-73.627,10.545],[-73.63,10.566],[-73.634,10.582],[-73.638,10.597],[-73.641,10.615],[-73.643,10.63],[-73.643,10.637],[-73.643,10.642],[-73.644,10.656],[-73.641,10.671],[-73.634,10.685],[-73.632,10.687],[-73.626,10.694],[-73.612,10.712],[-73.602,10.731],[-73.603,10.748],[-73.61,10.758],[-73.626,10.763],[-73.641,10.763],[-73.67,10.759],[-73.685,10.76],[-73.691,10.771],[-73.689,10.78],[-73.673,10.788],[-73.663,10.794],[-73.642,10.802],[-73.59,10.844],[-73.582,10.843],[-73.56,10.845],[-73.543,10.849],[-73.534,10.848],[-73.512,10.857],[-73.509,10.859],[-73.502,10.865],[-73.467,10.871],[-73.282,10.856]]]}},{"type":"Feature","properties":{"n":"CORDOBA"},"geometry":{"type":"Polygon","coordinates":[[[-75.82,9.423],[-75.809,9.42],[-75.792,9.409],[-75.777,9.409],[-75.767,9.409],[-75.759,9.409],[-75.753,9.409],[-75.742,9.403],[-75.731,9.402],[-75.72,9.402],[-75.704,9.402],[-75.692,9.387],[-75.693,9.377],[-75.692,9.366],[-75.686,9.362],[-75.686,9.352],[-75.691,9.344],[-75.701,9.335],[-75.702,9.329],[-75.694,9.331],[-75.684,9.332],[-75.682,9.332],[-75.682,9.317],[-75.677,9.311],[-75.674,9.311],[-75.668,9.311],[-75.663,9.312],[-75.657,9.304],[-75.656,9.298],[-75.656,9.295],[-75.643,9.297],[-75.638,9.302],[-75.635,9.307],[-75.623,9.303],[-75.616,9.296],[-75.606,9.288],[-75.591,9.284],[-75.572,9.27],[-75.566,9.265],[-75.551,9.258],[-75.547,9.252],[-75.541,9.241],[-75.533,9.232],[-75.521,9.227],[-75.514,9.228],[-75.51,9.229],[-75.507,9.23],[-75.493,9.233],[-75.484,9.235],[-75.48,9.237],[-75.475,9.238],[-75.467,9.24],[-75.465,9.237],[-75.461,9.223],[-75.467,9.217],[-75.469,9.204],[-75.471,9.188],[-75.471,9.177],[-75.455,9.171],[-75.439,9.173],[-75.424,9.164],[-75.433,9.154],[-75.433,9.149],[-75.429,9.141],[-75.426,9.131],[-75.423,9.129],[-75.411,9.122],[-75.392,9.125],[-75.38,9.128],[-75.365,9.134],[-75.356,9.13],[-75.342,9.124],[-75.334,9.117],[-75.328,9.101],[-75.324,9.091],[-75.313,9.086],[-75.311,9.077],[-75.31,9.064],[-75.306,9.058],[-75.295,9.058],[-75.278,9.056],[-75.262,9.056],[-75.254,9.056],[-75.247,9.053],[-75.247,9.046],[-75.244,9.035],[-75.241,9.03],[-75.231,9.013],[-75.227,9.0],[-75.22,8.984],[-75.215,8.97],[-75.212,8.949],[-75.209,8.932],[-75.206,8.92],[-75.206,8.913],[-75.21,8.899],[-75.212,8.893],[-75.21,8.878],[-75.21,8.865],[-75.227,8.863],[-75.237,8.861],[-75.243,8.861],[-75.256,8.859],[-75.259,8.864],[-75.264,8.869],[-75.272,8.869],[-75.288,8.866],[-75.3,8.865],[-75.316,8.861],[-75.326,8.86],[-75.346,8.846],[-75.368,8.835],[-75.387,8.834],[-75.401,8.837],[-75.404,8.823],[-75.4,8.815],[-75.39,8.803],[-75.384,8.792],[-75.373,8.778],[-75.361,8.767],[-75.343,8.752],[-75.342,8.743],[-75.349,8.742],[-75.359,8.734],[-75.368,8.72],[-75.364,8.711],[-75.348,8.679],[-75.348,8.659],[-75.342,8.638],[-75.335,8.62],[-75.335,8.602],[-75.331,8.593],[-75.328,8.58],[-75.328,8.574],[-75.329,8.567],[-75.323,8.559],[-75.323,8.547],[-75.331,8.542],[-75.333,8.523],[-75.326,8.514],[-75.326,8.501],[-75.315,8.486],[-75.302,8.484],[-75.286,8.483],[-75.259,8.485],[-75.236,8.487],[-75.219,8.488],[-75.21,8.485],[-75.198,8.467],[-75.203,8.451],[-75.215,8.436],[-75.217,8.425],[-75.217,8.41],[-75.204,8.408],[-75.195,8.404],[-75.189,8.392],[-75.189,8.385],[-75.177,8.385],[-75.158,8.381],[-75.138,8.383],[-75.121,8.396],[-75.115,8.406],[-75.107,8.411],[-75.093,8.422],[-75.087,8.431],[-75.079,8.433],[-75.065,8.439],[-75.055,8.452],[-75.049,8.451],[-75.049,8.462],[-75.05,8.473],[-75.044,8.476],[-75.031,8.469],[-75.021,8.465],[-75.011,8.461],[-75.0,8.46],[-74.989,8.459],[-74.984,8.46],[-74.962,8.46],[-74.948,8.454],[-74.936,8.451],[-74.928,8.444],[-74.923,8.444],[-74.91,8.444],[-74.901,8.445],[-74.89,8.431],[-74.882,8.422],[-74.876,8.402],[-74.866,8.397],[-74.85,8.395],[-74.83,8.385],[-74.827,8.384],[-74.817,8.379],[-74.808,8.366],[-74.803,8.356],[-74.809,8.343],[-74.805,8.333],[-74.802,8.325],[-74.803,8.311],[-74.8,8.291],[-74.791,8.276],[-74.784,8.275],[-74.777,8.265],[-74.776,8.26],[-74.773,8.25],[-74.785,8.239],[-74.783,8.226],[-74.788,8.214],[-74.802,8.203],[-74.817,8.197],[-74.828,8.196],[-74.837,8.195],[-74.834,8.185],[-74.84,8.182],[-74.854,8.172],[-74.864,8.162],[-74.879,8.145],[-74.896,8.125],[-74.907,8.103],[-74.911,8.088],[-74.933,8.068],[-74.959,8.05],[-74.97,8.048],[-74.994,8.048],[-75.03,8.043],[-75.057,8.041],[-75.073,8.036],[-75.09,8.037],[-75.105,8.038],[-75.129,8.036],[-75.155,8.032],[-75.176,8.032],[-75.202,8.032],[-75.215,8.032],[-75.216,8.032],[-75.229,8.024],[-75.237,8.009],[-75.244,8.001],[-75.254,7.992],[-75.257,7.979],[-75.261,7.969],[-75.268,7.968],[-75.273,7.967],[-75.281,7.967],[-75.285,7.962],[-75.289,7.951],[-75.289,7.946],[-75.301,7.933],[-75.309,7.932],[-75.322,7.932],[-75.328,7.925],[-75.334,7.918],[-75.335,7.91],[-75.341,7.89],[-75.342,7.875],[-75.346,7.857],[-75.361,7.846],[-75.375,7.84],[-75.397,7.831],[-75.412,7.825],[-75.431,7.82],[-75.451,7.811],[-75.458,7.81],[-75.474,7.808],[-75.476,7.794],[-75.473,7.789],[-75.47,7.776],[-75.473,7.769],[-75.477,7.76],[-75.484,7.75],[-75.493,7.747],[-75.49,7.734],[-75.492,7.726],[-75.497,7.72],[-75.503,7.713],[-75.503,7.707],[-75.507,7.707],[-75.513,7.706],[-75.521,7.705],[-75.528,7.705],[-75.536,7.705],[-75.545,7.708],[-75.556,7.712],[-75.565,7.716],[-75.575,7.726],[-75.585,7.734],[-75.593,7.734],[-75.608,7.731],[-75.627,7.726],[-75.65,7.713],[-75.663,7.701],[-75.672,7.689],[-75.676,7.679],[-75.682,7.656],[-75.682,7.642],[-75.689,7.622],[-75.697,7.604],[-75.701,7.583],[-75.715,7.561],[-75.723,7.547],[-75.734,7.531],[-75.746,7.519],[-75.762,7.5],[-75.775,7.483],[-75.787,7.46],[-75.8,7.442],[-75.81,7.425],[-75.82,7.417],[-75.826,7.409],[-75.836,7.41],[-75.841,7.389],[-75.912,7.369],[-76.03,7.353],[-76.342,7.352],[-76.347,7.353],[-76.359,7.363],[-76.367,7.371],[-76.38,7.39],[-76.396,7.404],[-76.405,7.411],[-76.41,7.423],[-76.425,7.448],[-76.429,7.459],[-76.436,7.471],[-76.446,7.49],[-76.456,7.511],[-76.466,7.529],[-76.477,7.535],[-76.482,7.561],[-76.488,7.58],[-76.503,7.598],[-76.506,7.61],[-76.51,7.62],[-76.515,7.637],[-76.518,7.646],[-76.519,7.658],[-76.514,7.678],[-76.514,7.694],[-76.509,7.719],[-76.505,7.739],[-76.501,7.766],[-76.5,7.774],[-76.497,7.798],[-76.49,7.835],[-76.481,7.852],[-76.468,7.877],[-76.464,7.884],[-76.461,7.894],[-76.456,7.91],[-76.448,7.92],[-76.432,7.949],[-76.428,7.957],[-76.423,7.973],[-76.422,7.982],[-76.421,7.984],[-76.418,7.999],[-76.416,8.019],[-76.415,8.026],[-76.416,8.043],[-76.415,8.062],[-76.414,8.064],[-76.413,8.073],[-76.407,8.083],[-76.406,8.088],[-76.401,8.098],[-76.399,8.103],[-76.395,8.119],[-76.392,8.131],[-76.393,8.133],[-76.385,8.146],[-76.383,8.15],[-76.373,8.164],[-76.365,8.189],[-76.355,8.2],[-76.343,8.233],[-76.328,8.253],[-76.312,8.274],[-76.299,8.295],[-76.284,8.318],[-76.266,8.35],[-76.254,8.37],[-76.247,8.375],[-76.234,8.389],[-76.219,8.402],[-76.201,8.417],[-76.197,8.418],[-76.195,8.427],[-76.196,8.438],[-76.198,8.451],[-76.201,8.464],[-76.202,8.472],[-76.205,8.488],[-76.208,8.501],[-76.212,8.522],[-76.212,8.535],[-76.214,8.551],[-76.216,8.564],[-76.217,8.572],[-76.228,8.579],[-76.227,8.584],[-76.24,8.59],[-76.252,8.594],[-76.263,8.604],[-76.276,8.609],[-76.292,8.618],[-76.298,8.616],[-76.307,8.619],[-76.322,8.626],[-76.33,8.634],[-76.334,8.636],[-76.337,8.639],[-76.349,8.653],[-76.36,8.681],[-76.365,8.695],[-76.374,8.71],[-76.377,8.729],[-76.38,8.74],[-76.381,8.754],[-76.383,8.767],[-76.387,8.779],[-76.39,8.791],[-76.392,8.797],[-76.394,8.813],[-76.397,8.825],[-76.399,8.833],[-76.405,8.842],[-76.415,8.851],[-76.422,8.857],[-76.437,8.868],[-76.442,8.876],[-76.452,8.887],[-76.449,8.888],[-76.445,8.89],[-76.442,8.892],[-76.431,8.895],[-76.415,8.905],[-76.403,8.91],[-76.386,8.915],[-76.376,8.926],[-76.371,8.937],[-76.366,8.945],[-76.363,8.952],[-76.347,8.958],[-76.34,8.965],[-76.326,8.972],[-76.323,8.972],[-76.31,8.976],[-76.293,8.991],[-76.286,8.998],[-76.282,9.006],[-76.282,9.015],[-76.278,9.024],[-76.271,9.038],[-76.268,9.048],[-76.266,9.051],[-76.262,9.066],[-76.257,9.075],[-76.246,9.087],[-76.238,9.095],[-76.22,9.107],[-76.213,9.115],[-76.211,9.118],[-76.204,9.127],[-76.203,9.13],[-76.2,9.135],[-76.196,9.146],[-76.189,9.162],[-76.189,9.176],[-76.189,9.21],[-76.188,9.221],[-76.177,9.238],[-76.166,9.25],[-76.155,9.257],[-76.14,9.266],[-76.13,9.27],[-76.126,9.278],[-76.124,9.291],[-76.126,9.297],[-76.128,9.305],[-76.124,9.308],[-76.114,9.32],[-76.098,9.329],[-76.095,9.332],[-76.093,9.333],[-76.084,9.338],[-76.081,9.34],[-76.075,9.346],[-76.064,9.348],[-76.052,9.349],[-76.024,9.36],[-76.005,9.371],[-75.983,9.38],[-75.964,9.394],[-75.955,9.408],[-75.949,9.41],[-75.931,9.41],[-75.916,9.41],[-75.894,9.42],[-75.878,9.421],[-75.876,9.421],[-75.866,9.42],[-75.857,9.425],[-75.855,9.425],[-75.848,9.425],[-75.831,9.425],[-75.82,9.423]]]}},{"type":"Feature","properties":{"n":"CUNDINAMARCA"},"geometry":{"type":"Polygon","coordinates":[[[-74.33,5.749],[-74.329,5.741],[-74.326,5.738],[-74.32,5.727],[-74.319,5.723],[-74.322,5.704],[-74.324,5.695],[-74.313,5.689],[-74.306,5.681],[-74.305,5.671],[-74.314,5.657],[-74.32,5.643],[-74.331,5.632],[-74.339,5.626],[-74.345,5.621],[-74.346,5.612],[-74.342,5.602],[-74.338,5.593],[-74.329,5.578],[-74.32,5.568],[-74.313,5.552],[-74.306,5.543],[-74.295,5.526],[-74.293,5.509],[-74.292,5.498],[-74.281,5.485],[-74.262,5.47],[-74.25,5.464],[-74.243,5.461],[-74.239,5.461],[-74.231,5.461],[-74.221,5.461],[-74.218,5.461],[-74.216,5.461],[-74.209,5.461],[-74.204,5.458],[-74.201,5.456],[-74.196,5.452],[-74.179,5.444],[-74.169,5.439],[-74.158,5.441],[-74.149,5.443],[-74.139,5.444],[-74.135,5.44],[-74.131,5.434],[-74.128,5.43],[-74.127,5.425],[-74.124,5.417],[-74.122,5.414],[-74.115,5.402],[-74.107,5.393],[-74.104,5.386],[-74.096,5.383],[-74.082,5.38],[-74.073,5.367],[-74.064,5.357],[-74.055,5.353],[-74.048,5.356],[-74.045,5.358],[-74.043,5.358],[-74.04,5.355],[-74.028,5.368],[-74.018,5.383],[-74.013,5.391],[-73.999,5.395],[-73.987,5.4],[-73.974,5.407],[-73.971,5.418],[-73.963,5.426],[-73.96,5.435],[-73.956,5.446],[-73.948,5.451],[-73.943,5.453],[-73.941,5.454],[-73.937,5.464],[-73.937,5.466],[-73.936,5.471],[-73.935,5.479],[-73.929,5.488],[-73.925,5.501],[-73.923,5.502],[-73.915,5.511],[-73.899,5.517],[-73.89,5.521],[-73.884,5.525],[-73.879,5.53],[-73.872,5.538],[-73.868,5.539],[-73.864,5.547],[-73.859,5.551],[-73.853,5.557],[-73.845,5.564],[-73.833,5.571],[-73.83,5.571],[-73.825,5.574],[-73.816,5.579],[-73.813,5.567],[-73.81,5.546],[-73.813,5.534],[-73.822,5.515],[-73.819,5.503],[-73.821,5.497],[-73.826,5.488],[-73.816,5.484],[-73.8,5.476],[-73.789,5.475],[-73.785,5.472],[-73.781,5.469],[-73.778,5.467],[-73.774,5.464],[-73.763,5.465],[-73.758,5.463],[-73.754,5.46],[-73.749,5.46],[-73.747,5.46],[-73.728,5.452],[-73.717,5.45],[-73.708,5.449],[-73.692,5.442],[-73.691,5.435],[-73.684,5.423],[-73.676,5.413],[-73.661,5.406],[-73.65,5.397],[-73.642,5.389],[-73.636,5.381],[-73.643,5.381],[-73.642,5.373],[-73.642,5.366],[-73.641,5.361],[-73.641,5.357],[-73.642,5.343],[-73.637,5.335],[-73.636,5.33],[-73.632,5.325],[-73.631,5.323],[-73.618,5.306],[-73.613,5.302],[-73.601,5.283],[-73.597,5.269],[-73.59,5.266],[-73.577,5.266],[-73.571,5.265],[-73.564,5.251],[-73.561,5.236],[-73.56,5.222],[-73.559,5.2],[-73.552,5.193],[-73.549,5.172],[-73.533,5.153],[-73.526,5.138],[-73.524,5.128],[-73.522,5.119],[-73.519,5.114],[-73.517,5.111],[-73.513,5.098],[-73.51,5.093],[-73.511,5.074],[-73.512,5.06],[-73.515,5.051],[-73.516,5.047],[-73.521,5.035],[-73.519,5.022],[-73.525,5.015],[-73.526,5.009],[-73.528,5.0],[-73.531,4.989],[-73.536,4.983],[-73.537,4.98],[-73.538,4.976],[-73.539,4.972],[-73.541,4.965],[-73.549,4.955],[-73.555,4.945],[-73.566,4.923],[-73.572,4.91],[-73.573,4.904],[-73.572,4.897],[-73.569,4.892],[-73.566,4.89],[-73.566,4.886],[-73.563,4.882],[-73.561,4.88],[-73.556,4.878],[-73.548,4.872],[-73.538,4.873],[-73.532,4.873],[-73.529,4.873],[-73.52,4.873],[-73.516,4.873],[-73.502,4.874],[-73.484,4.872],[-73.465,4.871],[-73.46,4.871],[-73.448,4.871],[-73.437,4.865],[-73.433,4.861],[-73.425,4.857],[-73.416,4.85],[-73.413,4.846],[-73.413,4.84],[-73.415,4.832],[-73.403,4.827],[-73.4,4.82],[-73.399,4.807],[-73.403,4.787],[-73.404,4.781],[-73.402,4.779],[-73.389,4.771],[-73.374,4.765],[-73.37,4.764],[-73.366,4.761],[-73.355,4.754],[-73.347,4.744],[-73.344,4.737],[-73.343,4.729],[-73.338,4.718],[-73.335,4.711],[-73.326,4.708],[-73.316,4.708],[-73.297,4.709],[-73.282,4.711],[-73.277,4.712],[-73.263,4.708],[-73.26,4.695],[-73.261,4.682],[-73.261,4.674],[-73.256,4.665],[-73.242,4.661],[-73.234,4.656],[-73.206,4.647],[-73.201,4.646],[-73.193,4.643],[-73.186,4.642],[-73.173,4.644],[-73.161,4.65],[-73.151,4.65],[-73.146,4.65],[-73.143,4.649],[-73.136,4.648],[-73.129,4.649],[-73.124,4.659],[-73.119,4.668],[-73.114,4.676],[-73.111,4.685],[-73.107,4.696],[-73.104,4.705],[-73.099,4.712],[-73.086,4.718],[-73.078,4.714],[-73.069,4.703],[-73.068,4.692],[-73.068,4.687],[-73.073,4.677],[-73.072,4.666],[-73.11,4.437],[-73.138,4.221],[-73.146,4.191],[-73.159,4.198],[-73.182,4.205],[-73.206,4.223],[-73.252,4.249],[-73.29,4.255],[-73.329,4.261],[-73.363,4.271],[-73.388,4.278],[-73.416,4.285],[-73.44,4.274],[-73.455,4.265],[-73.473,4.262],[-73.521,4.259],[-73.541,4.265],[-73.552,4.264],[-73.561,4.27],[-73.574,4.285],[-73.571,4.3],[-73.574,4.317],[-73.578,4.331],[-73.582,4.337],[-73.589,4.348],[-73.595,4.36],[-73.602,4.368],[-73.608,4.378],[-73.609,4.386],[-73.61,4.397],[-73.614,4.407],[-73.612,4.41],[-73.61,4.413],[-73.604,4.427],[-73.603,4.435],[-73.603,4.44],[-73.604,4.446],[-73.612,4.451],[-73.614,4.452],[-73.621,4.457],[-73.624,4.46],[-73.636,4.456],[-73.646,4.461],[-73.657,4.465],[-73.666,4.47],[-73.668,4.475],[-73.683,4.467],[-73.692,4.473],[-73.694,4.478],[-73.697,4.486],[-73.701,4.493],[-73.71,4.503],[-73.724,4.505],[-73.756,4.487],[-73.775,4.465],[-73.796,4.448],[-73.812,4.43],[-73.823,4.416],[-73.826,4.407],[-73.83,4.394],[-73.835,4.381],[-73.835,4.376],[-73.829,4.366],[-73.82,4.36],[-73.811,4.353],[-73.807,4.342],[-73.805,4.325],[-73.802,4.316],[-73.8,4.306],[-73.801,4.288],[-73.796,4.273],[-73.794,4.265],[-73.791,4.249],[-73.781,4.232],[-73.768,4.221],[-73.766,4.214],[-73.764,4.2],[-73.771,4.193],[-73.776,4.188],[-73.81,4.167],[-73.837,4.15],[-73.863,4.137],[-73.889,4.126],[-73.912,4.11],[-73.929,4.1],[-73.955,4.096],[-73.972,4.095],[-73.978,4.096],[-73.991,4.095],[-74.008,4.095],[-74.039,4.089],[-74.052,4.079],[-74.06,4.066],[-74.071,4.054],[-74.085,4.04],[-74.09,4.037],[-74.114,4.021],[-74.145,4.015],[-74.175,4.006],[-74.198,4.006],[-74.216,4.003],[-74.22,3.999],[-74.22,4.011],[-74.216,4.018],[-74.213,4.029],[-74.212,4.038],[-74.21,4.046],[-74.207,4.048],[-74.202,4.058],[-74.198,4.066],[-74.197,4.074],[-74.194,4.078],[-74.188,4.089],[-74.188,4.098],[-74.187,4.107],[-74.187,4.119],[-74.186,4.123],[-74.183,4.132],[-74.178,4.142],[-74.174,4.148],[-74.168,4.15],[-74.158,4.161],[-74.152,4.166],[-74.149,4.169],[-74.146,4.177],[-74.146,4.182],[-74.148,4.194],[-74.149,4.205],[-74.151,4.212],[-74.152,4.221],[-74.152,4.232],[-74.152,4.241],[-74.153,4.249],[-74.154,4.256],[-74.154,4.262],[-74.151,4.272],[-74.151,4.279],[-74.146,4.289],[-74.143,4.296],[-74.141,4.297],[-74.137,4.299],[-74.136,4.301],[-74.135,4.305],[-74.132,4.309],[-74.132,4.313],[-74.132,4.316],[-74.132,4.32],[-74.128,4.325],[-74.128,4.337],[-74.121,4.347],[-74.121,4.356],[-74.126,4.368],[-74.133,4.378],[-74.135,4.388],[-74.136,4.397],[-74.135,4.401],[-74.132,4.407],[-74.127,4.418],[-74.121,4.426],[-74.117,4.432],[-74.11,4.438],[-74.102,4.445],[-74.093,4.456],[-74.086,4.465],[-74.077,4.471],[-74.077,4.477],[-74.076,4.481],[-74.075,4.486],[-74.064,4.491],[-74.057,4.494],[-74.056,4.5],[-74.054,4.506],[-74.053,4.516],[-74.05,4.523],[-74.049,4.528],[-74.047,4.532],[-74.044,4.536],[-74.037,4.542],[-74.035,4.547],[-74.033,4.549],[-74.03,4.553],[-74.026,4.551],[-74.026,4.564],[-74.026,4.582],[-74.025,4.592],[-74.02,4.605],[-74.012,4.614],[-74.01,4.623],[-74.016,4.628],[-74.032,4.617],[-74.033,4.621],[-74.035,4.632],[-74.044,4.631],[-74.033,4.646],[-74.026,4.654],[-74.033,4.673],[-74.029,4.691],[-74.024,4.709],[-74.026,4.739],[-74.027,4.749],[-74.031,4.762],[-74.03,4.777],[-74.026,4.784],[-74.023,4.795],[-74.035,4.8],[-74.049,4.81],[-74.06,4.814],[-74.071,4.816],[-74.084,4.816],[-74.096,4.815],[-74.098,4.81],[-74.104,4.801],[-74.104,4.788],[-74.109,4.78],[-74.123,4.775],[-74.133,4.771],[-74.139,4.759],[-74.147,4.741],[-74.15,4.735],[-74.155,4.721],[-74.164,4.717],[-74.172,4.708],[-74.174,4.706],[-74.172,4.698],[-74.172,4.694],[-74.18,4.69],[-74.185,4.687],[-74.188,4.687],[-74.194,4.679],[-74.196,4.672],[-74.196,4.662],[-74.193,4.655],[-74.193,4.643],[-74.204,4.638],[-74.215,4.635],[-74.226,4.628],[-74.23,4.626],[-74.229,4.612],[-74.226,4.597],[-74.225,4.587],[-74.216,4.581],[-74.207,4.561],[-74.201,4.548],[-74.197,4.535],[-74.196,4.515],[-74.198,4.497],[-74.203,4.476],[-74.208,4.461],[-74.219,4.437],[-74.222,4.422],[-74.231,4.404],[-74.237,4.394],[-74.239,4.382],[-74.238,4.378],[-74.235,4.374],[-74.231,4.37],[-74.228,4.367],[-74.221,4.352],[-74.221,4.345],[-74.223,4.336],[-74.225,4.328],[-74.229,4.323],[-74.235,4.313],[-74.238,4.303],[-74.238,4.297],[-74.239,4.284],[-74.24,4.276],[-74.242,4.262],[-74.242,4.251],[-74.241,4.237],[-74.24,4.227],[-74.241,4.22],[-74.246,4.203],[-74.246,4.198],[-74.247,4.192],[-74.249,4.187],[-74.253,4.182],[-74.256,4.172],[-74.253,4.172],[-74.255,4.161],[-74.261,4.147],[-74.266,4.131],[-74.268,4.112],[-74.276,4.107],[-74.279,4.107],[-74.294,4.101],[-74.3,4.095],[-74.306,4.09],[-74.315,4.088],[-74.331,4.084],[-74.342,4.084],[-74.349,4.085],[-74.356,4.085],[-74.37,4.084],[-74.383,4.083],[-74.388,4.075],[-74.392,4.068],[-74.396,4.059],[-74.401,4.053],[-74.405,4.046],[-74.412,4.042],[-74.414,4.035],[-74.411,4.027],[-74.405,4.017],[-74.402,4.009],[-74.401,4.003],[-74.395,3.993],[-74.386,3.971],[-74.382,3.949],[-74.379,3.929],[-74.38,3.905],[-74.384,3.882],[-74.393,3.863],[-74.407,3.834],[-74.421,3.81],[-74.435,3.781],[-74.445,3.77],[-74.463,3.751],[-74.471,3.742],[-74.477,3.726],[-74.48,3.709],[-74.486,3.7],[-74.497,3.689],[-74.501,3.682],[-74.517,3.666],[-74.518,3.668],[-74.52,3.674],[-74.513,3.683],[-74.513,3.691],[-74.521,3.701],[-74.524,3.714],[-74.517,3.729],[-74.505,3.744],[-74.511,3.761],[-74.547,3.786],[-74.555,3.796],[-74.563,3.804],[-74.555,3.823],[-74.551,3.856],[-74.538,3.875],[-74.53,3.894],[-74.528,3.905],[-74.529,3.911],[-74.537,3.927],[-74.552,3.96],[-74.553,3.964],[-74.552,3.973],[-74.548,3.979],[-74.544,3.987],[-74.539,3.99],[-74.534,3.993],[-74.534,4.006],[-74.539,4.016],[-74.543,4.026],[-74.54,4.037],[-74.53,4.052],[-74.53,4.064],[-74.522,4.071],[-74.512,4.084],[-74.511,4.087],[-74.507,4.092],[-74.506,4.096],[-74.504,4.1],[-74.503,4.109],[-74.504,4.122],[-74.506,4.132],[-74.509,4.144],[-74.515,4.156],[-74.521,4.161],[-74.53,4.173],[-74.539,4.188],[-74.544,4.2],[-74.545,4.211],[-74.545,4.216],[-74.545,4.222],[-74.544,4.225],[-74.554,4.228],[-74.559,4.238],[-74.565,4.24],[-74.57,4.245],[-74.582,4.249],[-74.586,4.25],[-74.59,4.252],[-74.594,4.251],[-74.601,4.251],[-74.609,4.252],[-74.611,4.253],[-74.616,4.251],[-74.62,4.25],[-74.626,4.248],[-74.63,4.245],[-74.634,4.24],[-74.641,4.23],[-74.649,4.222],[-74.663,4.213],[-74.671,4.207],[-74.681,4.199],[-74.697,4.198],[-74.71,4.197],[-74.721,4.197],[-74.739,4.207],[-74.749,4.226],[-74.755,4.227],[-74.758,4.226],[-74.77,4.225],[-74.775,4.225],[-74.779,4.229],[-74.781,4.236],[-74.785,4.243],[-74.796,4.244],[-74.803,4.245],[-74.807,4.245],[-74.809,4.248],[-74.816,4.255],[-74.817,4.26],[-74.819,4.266],[-74.823,4.272],[-74.825,4.277],[-74.828,4.278],[-74.841,4.273],[-74.852,4.271],[-74.868,4.266],[-74.88,4.26],[-74.889,4.258],[-74.902,4.254],[-74.908,4.252],[-74.912,4.254],[-74.916,4.259],[-74.918,4.266],[-74.919,4.276],[-74.918,4.284],[-74.913,4.297],[-74.91,4.297],[-74.905,4.31],[-74.901,4.314],[-74.897,4.326],[-74.895,4.337],[-74.891,4.349],[-74.884,4.37],[-74.874,4.389],[-74.872,4.398],[-74.87,4.406],[-74.863,4.421],[-74.852,4.434],[-74.842,4.445],[-74.84,4.445],[-74.837,4.449],[-74.836,4.454],[-74.836,4.459],[-74.834,4.469],[-74.829,4.477],[-74.825,4.492],[-74.825,4.497],[-74.831,4.516],[-74.841,4.526],[-74.844,4.541],[-74.845,4.558],[-74.845,4.564],[-74.839,4.571],[-74.833,4.579],[-74.839,4.591],[-74.845,4.599],[-74.845,4.603],[-74.84,4.614],[-74.835,4.619],[-74.826,4.634],[-74.826,4.647],[-74.833,4.655],[-74.84,4.666],[-74.839,4.674],[-74.839,4.686],[-74.838,4.688],[-74.841,4.7],[-74.848,4.711],[-74.85,4.716],[-74.841,4.72],[-74.826,4.729],[-74.809,4.741],[-74.806,4.751],[-74.799,4.756],[-74.789,4.764],[-74.783,4.768],[-74.781,4.794],[-74.782,4.813],[-74.788,4.824],[-74.786,4.834],[-74.782,4.847],[-74.78,4.852],[-74.782,4.866],[-74.777,4.869],[-74.764,4.873],[-74.763,4.881],[-74.766,4.894],[-74.77,4.902],[-74.767,4.913],[-74.76,4.919],[-74.759,4.924],[-74.76,4.927],[-74.763,4.929],[-74.765,4.932],[-74.769,4.938],[-74.775,4.943],[-74.777,4.948],[-74.771,4.955],[-74.763,4.958],[-74.753,4.96],[-74.749,4.962],[-74.745,4.965],[-74.74,4.967],[-74.74,4.971],[-74.741,4.978],[-74.746,4.978],[-74.753,4.984],[-74.764,4.994],[-74.766,4.998],[-74.764,5.007],[-74.762,5.015],[-74.759,5.031],[-74.76,5.036],[-74.757,5.045],[-74.751,5.066],[-74.748,5.081],[-74.746,5.097],[-74.746,5.107],[-74.752,5.125],[-74.75,5.133],[-74.743,5.15],[-74.743,5.158],[-74.745,5.163],[-74.756,5.177],[-74.759,5.188],[-74.758,5.208],[-74.757,5.219],[-74.758,5.24],[-74.759,5.257],[-74.763,5.267],[-74.766,5.273],[-74.765,5.277],[-74.761,5.279],[-74.755,5.281],[-74.747,5.287],[-74.74,5.312],[-74.734,5.323],[-74.729,5.336],[-74.73,5.35],[-74.723,5.354],[-74.718,5.358],[-74.715,5.366],[-74.717,5.372],[-74.718,5.38],[-74.716,5.385],[-74.703,5.386],[-74.697,5.396],[-74.698,5.404],[-74.702,5.419],[-74.701,5.426],[-74.695,5.426],[-74.693,5.422],[-74.69,5.421],[-74.686,5.422],[-74.683,5.425],[-74.685,5.426],[-74.69,5.445],[-74.691,5.464],[-74.693,5.481],[-74.686,5.5],[-74.681,5.515],[-74.671,5.535],[-74.675,5.546],[-74.685,5.557],[-74.68,5.568],[-74.673,5.584],[-74.668,5.598],[-74.663,5.609],[-74.661,5.632],[-74.659,5.641],[-74.66,5.654],[-74.657,5.662],[-74.649,5.668],[-74.67,5.683],[-74.677,5.689],[-74.679,5.695],[-74.678,5.705],[-74.679,5.71],[-74.685,5.718],[-74.684,5.725],[-74.682,5.729],[-74.677,5.739],[-74.673,5.74],[-74.675,5.746],[-74.677,5.758],[-74.674,5.758],[-74.667,5.758],[-74.656,5.753],[-74.648,5.748],[-74.64,5.743],[-74.631,5.737],[-74.616,5.739],[-74.607,5.741],[-74.595,5.742],[-74.59,5.745],[-74.586,5.748],[-74.583,5.754],[-74.577,5.76],[-74.569,5.761],[-74.564,5.761],[-74.56,5.766],[-74.556,5.772],[-74.542,5.772],[-74.541,5.762],[-74.527,5.762],[-74.519,5.766],[-74.512,5.762],[-74.5,5.764],[-74.496,5.764],[-74.492,5.756],[-74.483,5.752],[-74.475,5.751],[-74.468,5.745],[-74.46,5.749],[-74.45,5.755],[-74.444,5.758],[-74.44,5.761],[-74.432,5.762],[-74.416,5.767],[-74.408,5.773],[-74.403,5.781],[-74.392,5.789],[-74.387,5.792],[-74.381,5.802],[-74.373,5.811],[-74.369,5.816],[-74.354,5.821],[-74.348,5.805],[-74.347,5.802],[-74.342,5.797],[-74.335,5.785],[-74.335,5.777],[-74.337,5.768],[-74.332,5.761],[-74.33,5.749]]]}},{"type":"Feature","properties":{"n":"CHOCO"},"geometry":{"type":"Polygon","coordinates":[[[-77.021,8.272],[-77.014,8.272],[-77.001,8.273],[-77.0,8.266],[-76.998,8.261],[-76.997,8.256],[-76.997,8.251],[-76.996,8.246],[-76.994,8.23],[-76.993,8.219],[-76.985,8.204],[-76.976,8.183],[-76.974,8.179],[-76.972,8.162],[-76.972,8.137],[-76.972,8.114],[-76.969,8.102],[-76.964,8.091],[-76.963,8.08],[-76.964,8.07],[-76.967,8.066],[-76.979,8.053],[-76.983,8.048],[-76.992,8.043],[-77.006,8.03],[-77.022,8.006],[-77.022,7.998],[-77.019,7.99],[-77.019,7.98],[-77.03,7.971],[-77.034,7.956],[-77.03,7.942],[-77.037,7.918],[-77.04,7.91],[-77.063,7.883],[-77.071,7.87],[-77.086,7.864],[-77.1,7.857],[-77.109,7.849],[-77.116,7.834],[-77.125,7.831],[-77.136,7.835],[-77.149,7.822],[-77.133,7.795],[-77.115,7.767],[-77.102,7.741],[-77.089,7.729],[-77.068,7.714],[-77.038,7.691],[-77.021,7.677],[-77.002,7.658],[-76.984,7.627],[-76.957,7.62],[-76.955,7.62],[-76.897,7.589],[-76.861,7.595],[-76.847,7.589],[-76.821,7.588],[-76.804,7.577],[-76.762,7.502],[-76.753,7.47],[-76.738,7.426],[-76.728,7.403],[-76.72,7.387],[-76.707,7.371],[-76.685,7.357],[-76.672,7.348],[-76.658,7.339],[-76.641,7.326],[-76.619,7.316],[-76.587,7.303],[-76.572,7.286],[-76.558,7.262],[-76.542,7.254],[-76.526,7.226],[-76.522,7.199],[-76.516,7.162],[-76.51,7.154],[-76.503,7.14],[-76.507,7.127],[-76.515,7.114],[-76.515,7.113],[-76.521,7.099],[-76.53,7.088],[-76.534,7.079],[-76.543,7.06],[-76.545,7.043],[-76.547,7.024],[-76.547,7.003],[-76.547,6.989],[-76.55,6.982],[-76.554,6.972],[-76.556,6.971],[-76.574,6.974],[-76.589,6.986],[-76.611,6.999],[-76.634,6.998],[-76.648,7.001],[-76.663,7.008],[-76.68,7.012],[-76.706,7.026],[-76.716,7.027],[-76.722,7.026],[-76.733,7.019],[-76.756,7.012],[-76.781,7.013],[-76.795,7.013],[-76.812,7.012],[-76.83,7.011],[-76.833,7.01],[-76.834,7.009],[-76.839,7.002],[-76.84,6.994],[-76.838,6.984],[-76.837,6.97],[-76.832,6.959],[-76.828,6.959],[-76.815,6.965],[-76.804,6.952],[-76.8,6.937],[-76.802,6.922],[-76.797,6.902],[-76.791,6.889],[-76.793,6.878],[-76.795,6.872],[-76.801,6.864],[-76.82,6.862],[-76.833,6.862],[-76.835,6.859],[-76.821,6.847],[-76.822,6.841],[-76.823,6.837],[-76.836,6.841],[-76.838,6.835],[-76.84,6.831],[-76.85,6.84],[-76.856,6.846],[-76.883,6.853],[-76.896,6.843],[-76.903,6.836],[-76.919,6.849],[-76.928,6.838],[-76.933,6.823],[-76.935,6.816],[-76.937,6.814],[-76.942,6.814],[-76.955,6.817],[-76.97,6.817],[-76.976,6.814],[-76.977,6.808],[-76.977,6.799],[-76.969,6.798],[-76.963,6.796],[-76.962,6.794],[-76.966,6.784],[-76.968,6.774],[-76.966,6.762],[-76.97,6.749],[-76.969,6.742],[-76.96,6.728],[-76.946,6.726],[-76.94,6.722],[-76.938,6.715],[-76.95,6.7],[-76.967,6.689],[-76.969,6.684],[-76.966,6.678],[-76.96,6.677],[-76.951,6.677],[-76.947,6.682],[-76.946,6.687],[-76.945,6.689],[-76.94,6.687],[-76.942,6.661],[-76.937,6.652],[-76.928,6.65],[-76.923,6.651],[-76.919,6.667],[-76.909,6.674],[-76.898,6.667],[-76.91,6.651],[-76.915,6.64],[-76.909,6.628],[-76.886,6.631],[-76.875,6.632],[-76.862,6.623],[-76.867,6.61],[-76.884,6.611],[-76.895,6.607],[-76.902,6.589],[-76.899,6.575],[-76.89,6.563],[-76.887,6.563],[-76.88,6.571],[-76.868,6.573],[-76.853,6.558],[-76.846,6.524],[-76.841,6.522],[-76.829,6.529],[-76.823,6.525],[-76.825,6.49],[-76.818,6.491],[-76.807,6.511],[-76.79,6.496],[-76.772,6.482],[-76.771,6.471],[-76.778,6.468],[-76.782,6.476],[-76.786,6.477],[-76.785,6.469],[-76.791,6.458],[-76.8,6.446],[-76.798,6.439],[-76.79,6.436],[-76.779,6.439],[-76.773,6.443],[-76.767,6.437],[-76.768,6.426],[-76.777,6.422],[-76.79,6.426],[-76.798,6.425],[-76.799,6.416],[-76.791,6.409],[-76.773,6.399],[-76.769,6.389],[-76.772,6.382],[-76.781,6.384],[-76.788,6.384],[-76.79,6.377],[-76.782,6.372],[-76.775,6.37],[-76.777,6.363],[-76.783,6.358],[-76.792,6.355],[-76.795,6.346],[-76.782,6.334],[-76.785,6.329],[-76.792,6.328],[-76.793,6.317],[-76.786,6.309],[-76.787,6.295],[-76.78,6.286],[-76.768,6.287],[-76.758,6.286],[-76.752,6.279],[-76.755,6.269],[-76.758,6.259],[-76.757,6.252],[-76.744,6.244],[-76.738,6.242],[-76.731,6.239],[-76.728,6.237],[-76.727,6.221],[-76.721,6.214],[-76.722,6.208],[-76.723,6.2],[-76.718,6.196],[-76.721,6.189],[-76.724,6.182],[-76.717,6.169],[-76.704,6.165],[-76.671,6.163],[-76.648,6.163],[-76.627,6.158],[-76.606,6.156],[-76.581,6.158],[-76.564,6.165],[-76.542,6.167],[-76.515,6.166],[-76.503,6.166],[-76.483,6.168],[-76.457,6.171],[-76.435,6.174],[-76.416,6.175],[-76.387,6.176],[-76.362,6.177],[-76.338,6.187],[-76.336,6.187],[-76.322,6.19],[-76.304,6.193],[-76.29,6.195],[-76.277,6.196],[-76.263,6.187],[-76.256,6.174],[-76.261,6.148],[-76.266,6.131],[-76.266,6.114],[-76.259,6.1],[-76.259,6.08],[-76.252,6.063],[-76.248,6.042],[-76.245,6.03],[-76.244,6.02],[-76.238,6.012],[-76.232,6.006],[-76.226,6.003],[-76.223,6.0],[-76.219,5.994],[-76.213,5.992],[-76.204,5.991],[-76.197,5.991],[-76.192,5.99],[-76.188,5.989],[-76.181,5.988],[-76.177,5.988],[-76.164,5.986],[-76.157,5.985],[-76.15,5.984],[-76.141,5.982],[-76.132,5.975],[-76.133,5.971],[-76.139,5.963],[-76.142,5.954],[-76.142,5.944],[-76.15,5.936],[-76.149,5.929],[-76.146,5.915],[-76.149,5.9],[-76.152,5.883],[-76.155,5.865],[-76.155,5.843],[-76.159,5.824],[-76.16,5.806],[-76.148,5.784],[-76.141,5.773],[-76.132,5.755],[-76.129,5.746],[-76.129,5.741],[-76.139,5.73],[-76.123,5.713],[-76.123,5.702],[-76.129,5.685],[-76.128,5.672],[-76.13,5.66],[-76.129,5.653],[-76.133,5.651],[-76.127,5.636],[-76.121,5.625],[-76.107,5.611],[-76.095,5.598],[-76.09,5.59],[-76.078,5.583],[-76.07,5.573],[-76.065,5.553],[-76.067,5.543],[-76.066,5.53],[-76.064,5.514],[-76.047,5.491],[-76.037,5.489],[-76.028,5.486],[-76.023,5.475],[-76.017,5.472],[-76.026,5.469],[-76.036,5.464],[-76.048,5.46],[-76.073,5.454],[-76.086,5.452],[-76.106,5.446],[-76.115,5.443],[-76.122,5.438],[-76.13,5.429],[-76.14,5.421],[-76.146,5.413],[-76.156,5.402],[-76.164,5.396],[-76.173,5.393],[-76.177,5.392],[-76.188,5.388],[-76.199,5.381],[-76.209,5.378],[-76.224,5.373],[-76.238,5.368],[-76.248,5.363],[-76.265,5.355],[-76.277,5.349],[-76.287,5.337],[-76.301,5.323],[-76.303,5.319],[-76.302,5.311],[-76.307,5.299],[-76.315,5.29],[-76.323,5.287],[-76.331,5.286],[-76.339,5.283],[-76.35,5.281],[-76.355,5.277],[-76.355,5.272],[-76.358,5.264],[-76.359,5.252],[-76.359,5.244],[-76.358,5.234],[-76.353,5.229],[-76.345,5.22],[-76.329,5.207],[-76.319,5.193],[-76.309,5.18],[-76.302,5.165],[-76.298,5.155],[-76.29,5.146],[-76.286,5.137],[-76.278,5.123],[-76.273,5.113],[-76.269,5.104],[-76.264,5.088],[-76.261,5.074],[-76.259,5.064],[-76.258,5.06],[-76.257,5.047],[-76.254,5.035],[-76.25,5.026],[-76.244,5.016],[-76.237,5.004],[-76.229,4.998],[-76.219,4.988],[-76.212,4.983],[-76.21,4.983],[-76.2,4.977],[-76.19,4.97],[-76.177,4.964],[-76.17,4.965],[-76.17,4.958],[-76.172,4.959],[-76.177,4.951],[-76.186,4.933],[-76.195,4.916],[-76.2,4.9],[-76.209,4.882],[-76.217,4.87],[-76.231,4.852],[-76.234,4.845],[-76.239,4.843],[-76.242,4.834],[-76.252,4.825],[-76.26,4.822],[-76.271,4.818],[-76.276,4.816],[-76.286,4.81],[-76.298,4.806],[-76.307,4.801],[-76.31,4.799],[-76.334,4.786],[-76.343,4.782],[-76.35,4.777],[-76.359,4.77],[-76.362,4.767],[-76.366,4.762],[-76.372,4.749],[-76.379,4.737],[-76.386,4.731],[-76.383,4.727],[-76.397,4.716],[-76.405,4.712],[-76.41,4.707],[-76.415,4.701],[-76.426,4.681],[-76.433,4.672],[-76.44,4.659],[-76.452,4.638],[-76.459,4.623],[-76.466,4.61],[-76.472,4.594],[-76.475,4.583],[-76.476,4.571],[-76.48,4.568],[-76.483,4.563],[-76.489,4.556],[-76.489,4.547],[-76.493,4.537],[-76.499,4.525],[-76.507,4.515],[-76.51,4.508],[-76.512,4.498],[-76.514,4.491],[-76.516,4.476],[-76.519,4.463],[-76.52,4.46],[-76.532,4.427],[-76.541,4.424],[-76.546,4.424],[-76.552,4.422],[-76.559,4.421],[-76.564,4.42],[-76.57,4.418],[-76.576,4.416],[-76.58,4.415],[-76.585,4.412],[-76.591,4.41],[-76.591,4.403],[-76.584,4.371],[-76.581,4.359],[-76.575,4.345],[-76.573,4.333],[-76.567,4.319],[-76.56,4.3],[-76.556,4.279],[-76.556,4.268],[-76.557,4.257],[-76.556,4.242],[-76.544,4.23],[-76.538,4.225],[-76.53,4.222],[-76.527,4.219],[-76.524,4.216],[-76.515,4.211],[-76.507,4.205],[-76.491,4.195],[-76.481,4.188],[-76.477,4.183],[-76.471,4.178],[-76.469,4.174],[-76.462,4.17],[-76.463,4.165],[-76.464,4.163],[-76.47,4.16],[-76.473,4.155],[-76.477,4.148],[-76.484,4.141],[-76.494,4.136],[-76.504,4.134],[-76.51,4.133],[-76.512,4.127],[-76.523,4.119],[-76.525,4.117],[-76.528,4.112],[-76.534,4.106],[-76.542,4.102],[-76.563,4.092],[-76.575,4.082],[-76.583,4.074],[-76.592,4.058],[-76.61,4.049],[-76.629,4.038],[-76.664,4.036],[-76.692,4.037],[-76.706,4.027],[-76.717,4.015],[-76.728,4.009],[-76.733,4.008],[-76.741,4.006],[-76.754,4.003],[-76.766,3.999],[-76.785,3.995],[-76.793,3.993],[-76.799,3.993],[-76.816,4.0],[-76.833,4.01],[-76.844,4.02],[-76.862,4.039],[-76.874,4.049],[-76.896,4.067],[-76.91,4.075],[-76.933,4.083],[-76.946,4.093],[-76.957,4.104],[-76.984,4.115],[-77.009,4.112],[-77.025,4.11],[-77.041,4.107],[-77.052,4.107],[-77.07,4.108],[-77.083,4.111],[-77.1,4.114],[-77.11,4.118],[-77.125,4.127],[-77.132,4.14],[-77.148,4.155],[-77.156,4.162],[-77.175,4.171],[-77.188,4.181],[-77.202,4.184],[-77.215,4.179],[-77.223,4.174],[-77.232,4.169],[-77.239,4.163],[-77.264,4.166],[-77.274,4.18],[-77.28,4.195],[-77.285,4.209],[-77.289,4.224],[-77.291,4.233],[-77.295,4.24],[-77.299,4.24],[-77.31,4.231],[-77.311,4.225],[-77.311,4.214],[-77.312,4.206],[-77.318,4.2],[-77.325,4.189],[-77.328,4.182],[-77.341,4.179],[-77.349,4.186],[-77.361,4.194],[-77.371,4.199],[-77.383,4.199],[-77.39,4.197],[-77.395,4.194],[-77.4,4.191],[-77.41,4.193],[-77.413,4.194],[-77.421,4.193],[-77.428,4.193],[-77.443,4.194],[-77.457,4.197],[-77.474,4.197],[-77.482,4.192],[-77.494,4.184],[-77.5,4.18],[-77.514,4.174],[-77.524,4.168],[-77.542,4.159],[-77.551,4.147],[-77.557,4.152],[-77.559,4.173],[-77.554,4.195],[-77.544,4.207],[-77.532,4.207],[-77.523,4.211],[-77.51,4.219],[-77.498,4.221],[-77.488,4.221],[-77.493,4.224],[-77.505,4.226],[-77.517,4.227],[-77.53,4.225],[-77.544,4.225],[-77.551,4.217],[-77.556,4.215],[-77.563,4.225],[-77.562,4.249],[-77.557,4.262],[-77.549,4.281],[-77.538,4.304],[-77.531,4.294],[-77.533,4.282],[-77.538,4.27],[-77.548,4.266],[-77.542,4.255],[-77.541,4.252],[-77.514,4.254],[-77.497,4.255],[-77.48,4.251],[-77.468,4.246],[-77.459,4.244],[-77.454,4.247],[-77.469,4.255],[-77.481,4.275],[-77.472,4.292],[-77.46,4.29],[-77.449,4.29],[-77.445,4.294],[-77.45,4.306],[-77.46,4.311],[-77.473,4.316],[-77.466,4.341],[-77.454,4.358],[-77.445,4.366],[-77.437,4.369],[-77.433,4.37],[-77.422,4.381],[-77.414,4.394],[-77.408,4.404],[-77.401,4.415],[-77.392,4.423],[-77.392,4.442],[-77.393,4.449],[-77.396,4.459],[-77.397,4.471],[-77.394,4.492],[-77.39,4.506],[-77.381,4.494],[-77.378,4.503],[-77.358,4.525],[-77.369,4.542],[-77.369,4.551],[-77.364,4.561],[-77.362,4.579],[-77.368,4.593],[-77.365,4.612],[-77.363,4.627],[-77.358,4.647],[-77.366,4.67],[-77.365,4.681],[-77.357,4.668],[-77.341,4.674],[-77.344,4.687],[-77.346,4.703],[-77.351,4.705],[-77.364,4.715],[-77.366,4.729],[-77.365,4.736],[-77.364,4.756],[-77.365,4.767],[-77.364,4.772],[-77.361,4.767],[-77.353,4.751],[-77.336,4.747],[-77.325,4.729],[-77.316,4.729],[-77.312,4.738],[-77.322,4.753],[-77.325,4.765],[-77.336,4.784],[-77.354,4.801],[-77.36,4.802],[-77.364,4.817],[-77.377,4.826],[-77.386,4.823],[-77.391,4.854],[-77.394,4.872],[-77.394,4.877],[-77.385,4.872],[-77.382,4.88],[-77.385,4.893],[-77.391,4.902],[-77.402,4.904],[-77.408,4.912],[-77.409,4.937],[-77.417,4.951],[-77.415,4.969],[-77.411,4.983],[-77.408,4.992],[-77.406,5.011],[-77.406,5.023],[-77.411,5.05],[-77.42,5.063],[-77.424,5.08],[-77.43,5.103],[-77.428,5.107],[-77.428,5.118],[-77.429,5.136],[-77.436,5.153],[-77.432,5.159],[-77.428,5.163],[-77.417,5.167],[-77.414,5.18],[-77.421,5.19],[-77.425,5.196],[-77.417,5.208],[-77.407,5.216],[-77.417,5.214],[-77.426,5.206],[-77.441,5.203],[-77.443,5.193],[-77.45,5.203],[-77.451,5.22],[-77.444,5.252],[-77.44,5.277],[-77.439,5.309],[-77.431,5.308],[-77.422,5.299],[-77.424,5.289],[-77.411,5.289],[-77.412,5.299],[-77.417,5.307],[-77.419,5.315],[-77.423,5.326],[-77.427,5.34],[-77.438,5.34],[-77.44,5.336],[-77.447,5.347],[-77.447,5.359],[-77.448,5.367],[-77.449,5.377],[-77.451,5.381],[-77.453,5.388],[-77.452,5.39],[-77.455,5.402],[-77.458,5.411],[-77.455,5.414],[-77.446,5.421],[-77.444,5.425],[-77.45,5.431],[-77.445,5.436],[-77.438,5.444],[-77.432,5.452],[-77.43,5.461],[-77.445,5.462],[-77.462,5.463],[-77.47,5.464],[-77.474,5.471],[-77.474,5.476],[-77.473,5.486],[-77.474,5.496],[-77.477,5.509],[-77.479,5.509],[-77.484,5.509],[-77.498,5.507],[-77.511,5.503],[-77.528,5.5],[-77.541,5.498],[-77.556,5.508],[-77.559,5.509],[-77.575,5.514],[-77.571,5.517],[-77.564,5.531],[-77.562,5.537],[-77.555,5.56],[-77.549,5.582],[-77.546,5.603],[-77.538,5.608],[-77.525,5.606],[-77.507,5.604],[-77.496,5.609],[-77.486,5.615],[-77.469,5.622],[-77.46,5.63],[-77.452,5.63],[-77.432,5.627],[-77.428,5.617],[-77.428,5.615],[-77.417,5.613],[-77.405,5.617],[-77.399,5.629],[-77.392,5.642],[-77.382,5.656],[-77.367,5.675],[-77.347,5.682],[-77.345,5.683],[-77.335,5.69],[-77.326,5.699],[-77.317,5.708],[-77.301,5.727],[-77.295,5.739],[-77.291,5.752],[-77.287,5.772],[-77.284,5.781],[-77.281,5.79],[-77.276,5.795],[-77.286,5.815],[-77.293,5.817],[-77.298,5.817],[-77.308,5.834],[-77.313,5.849],[-77.323,5.873],[-77.34,5.897],[-77.344,5.916],[-77.35,5.933],[-77.356,5.95],[-77.353,5.973],[-77.35,5.974],[-77.35,5.98],[-77.353,5.991],[-77.359,6.005],[-77.371,6.02],[-77.38,6.043],[-77.381,6.061],[-77.393,6.076],[-77.405,6.07],[-77.396,6.041],[-77.406,6.046],[-77.415,6.064],[-77.426,6.088],[-77.437,6.098],[-77.455,6.117],[-77.463,6.14],[-77.463,6.156],[-77.476,6.179],[-77.488,6.201],[-77.5,6.225],[-77.496,6.24],[-77.489,6.262],[-77.492,6.286],[-77.489,6.3],[-77.48,6.29],[-77.465,6.275],[-77.447,6.272],[-77.44,6.266],[-77.43,6.267],[-77.425,6.274],[-77.419,6.283],[-77.41,6.295],[-77.41,6.331],[-77.409,6.344],[-77.403,6.353],[-77.399,6.365],[-77.399,6.375],[-77.419,6.389],[-77.415,6.389],[-77.366,6.403],[-77.364,6.413],[-77.366,6.425],[-77.369,6.442],[-77.362,6.46],[-77.362,6.478],[-77.361,6.5],[-77.353,6.508],[-77.343,6.533],[-77.348,6.571],[-77.359,6.588],[-77.376,6.614],[-77.395,6.638],[-77.407,6.652],[-77.412,6.662],[-77.412,6.669],[-77.409,6.681],[-77.41,6.688],[-77.414,6.695],[-77.42,6.696],[-77.431,6.704],[-77.446,6.704],[-77.454,6.704],[-77.457,6.709],[-77.467,6.708],[-77.477,6.705],[-77.486,6.699],[-77.499,6.695],[-77.509,6.685],[-77.513,6.673],[-77.513,6.665],[-77.509,6.653],[-77.521,6.651],[-77.531,6.651],[-77.543,6.663],[-77.545,6.678],[-77.536,6.691],[-77.546,6.721],[-77.559,6.737],[-77.561,6.759],[-77.57,6.774],[-77.574,6.787],[-77.596,6.809],[-77.619,6.826],[-77.637,6.833],[-77.659,6.847],[-77.686,6.871],[-77.689,6.869],[-77.697,6.863],[-77.708,6.854],[-77.713,6.863],[-77.72,6.876],[-77.715,6.889],[-77.712,6.904],[-77.706,6.936],[-77.679,6.953],[-77.671,6.967],[-77.671,6.981],[-77.701,7.01],[-77.707,7.041],[-77.715,7.052],[-77.722,7.055],[-77.732,7.069],[-77.735,7.079],[-77.749,7.085],[-77.76,7.087],[-77.774,7.094],[-77.793,7.108],[-77.803,7.121],[-77.808,7.13],[-77.829,7.141],[-77.85,7.163],[-77.864,7.175],[-77.877,7.182],[-77.884,7.196],[-77.89,7.213],[-77.9,7.22],[-77.916,7.246],[-77.917,7.256],[-77.917,7.274],[-77.915,7.285],[-77.906,7.303],[-77.901,7.327],[-77.891,7.357],[-77.88,7.372],[-77.862,7.408],[-77.849,7.438],[-77.842,7.457],[-77.831,7.467],[-77.808,7.472],[-77.785,7.479],[-77.767,7.487],[-77.713,7.503],[-77.706,7.509],[-77.705,7.514],[-77.72,7.536],[-77.733,7.564],[-77.741,7.6],[-77.747,7.636],[-77.744,7.652],[-77.734,7.667],[-77.725,7.671],[-77.722,7.671],[-77.717,7.669],[-77.704,7.672],[-77.698,7.67],[-77.674,7.658],[-77.659,7.649],[-77.644,7.633],[-77.638,7.608],[-77.619,7.569],[-77.597,7.539],[-77.588,7.517],[-77.579,7.517],[-77.569,7.513],[-77.56,7.523],[-77.553,7.531],[-77.544,7.541],[-77.538,7.577],[-77.525,7.604],[-77.495,7.639],[-77.48,7.657],[-77.467,7.673],[-77.442,7.702],[-77.426,7.722],[-77.415,7.738],[-77.407,7.759],[-77.395,7.773],[-77.373,7.799],[-77.351,7.814],[-77.325,7.833],[-77.312,7.84],[-77.293,7.852],[-77.278,7.86],[-77.253,7.874],[-77.236,7.881],[-77.222,7.89],[-77.214,7.9],[-77.218,7.91],[-77.225,7.922],[-77.226,7.925],[-77.222,7.946],[-77.209,7.969],[-77.209,7.998],[-77.218,8.01],[-77.222,8.018],[-77.225,8.039],[-77.231,8.068],[-77.236,8.088],[-77.246,8.116],[-77.254,8.13],[-77.265,8.149],[-77.265,8.166],[-77.273,8.182],[-77.275,8.191],[-77.282,8.199],[-77.295,8.214],[-77.299,8.219],[-77.322,8.237],[-77.341,8.248],[-77.353,8.264],[-77.362,8.291],[-77.366,8.326],[-77.375,8.353],[-77.385,8.381],[-77.39,8.401],[-77.408,8.416],[-77.417,8.424],[-77.445,8.45],[-77.457,8.472],[-77.467,8.491],[-77.466,8.507],[-77.452,8.533],[-77.44,8.553],[-77.428,8.57],[-77.417,8.58],[-77.404,8.615],[-77.4,8.626],[-77.385,8.65],[-77.38,8.65],[-77.377,8.642],[-77.365,8.626],[-77.359,8.619],[-77.35,8.617],[-77.347,8.609],[-77.332,8.591],[-77.322,8.575],[-77.318,8.566],[-77.3,8.561],[-77.283,8.544],[-77.269,8.519],[-77.264,8.504],[-77.258,8.488],[-77.25,8.479],[-77.238,8.473],[-77.219,8.466],[-77.202,8.454],[-77.191,8.446],[-77.171,8.434],[-77.16,8.426],[-77.143,8.411],[-77.135,8.399],[-77.128,8.386],[-77.122,8.377],[-77.112,8.372],[-77.113,8.367],[-77.101,8.354],[-77.1,8.351],[-77.098,8.343],[-77.095,8.333],[-77.094,8.326],[-77.088,8.313],[-77.08,8.302],[-77.078,8.292],[-77.063,8.285],[-77.046,8.276],[-77.04,8.274],[-77.03,8.272],[-77.021,8.272]]]}},{"type":"Feature","properties":{"n":"HUILA"},"geometry":{"type":"Polygon","coordinates":[[[-74.636,3.274],[-74.647,3.254],[-74.66,3.24],[-74.671,3.226],[-74.676,3.22],[-74.682,3.216],[-74.695,3.203],[-74.71,3.187],[-74.715,3.172],[-74.719,3.151],[-74.724,3.138],[-74.729,3.115],[-74.752,3.103],[-74.766,3.098],[-74.782,3.091],[-74.793,3.086],[-74.807,3.082],[-74.817,3.072],[-74.827,3.068],[-74.843,3.058],[-74.846,3.056],[-74.849,3.046],[-74.854,3.036],[-74.861,3.028],[-74.868,3.02],[-74.879,3.005],[-74.902,2.986],[-74.91,2.97],[-74.921,2.944],[-74.933,2.935],[-74.938,2.918],[-74.945,2.903],[-74.955,2.889],[-74.969,2.876],[-74.989,2.857],[-75.002,2.838],[-75.031,2.808],[-75.038,2.799],[-75.04,2.792],[-75.055,2.778],[-75.069,2.766],[-75.078,2.756],[-75.081,2.744],[-75.079,2.736],[-75.076,2.73],[-75.069,2.721],[-75.066,2.719],[-75.052,2.701],[-75.041,2.677],[-75.029,2.662],[-75.019,2.65],[-75.012,2.634],[-75.009,2.62],[-75.016,2.607],[-75.029,2.599],[-75.053,2.575],[-75.093,2.546],[-75.114,2.532],[-75.133,2.515],[-75.147,2.507],[-75.162,2.496],[-75.178,2.487],[-75.195,2.481],[-75.206,2.486],[-75.211,2.499],[-75.212,2.506],[-75.214,2.519],[-75.234,2.538],[-75.241,2.537],[-75.255,2.521],[-75.265,2.509],[-75.274,2.493],[-75.282,2.473],[-75.29,2.442],[-75.294,2.42],[-75.294,2.401],[-75.298,2.387],[-75.301,2.376],[-75.302,2.37],[-75.304,2.369],[-75.328,2.346],[-75.344,2.324],[-75.359,2.308],[-75.368,2.301],[-75.371,2.292],[-75.384,2.28],[-75.388,2.279],[-75.389,2.274],[-75.391,2.271],[-75.406,2.259],[-75.419,2.247],[-75.425,2.24],[-75.433,2.232],[-75.434,2.23],[-75.435,2.227],[-75.448,2.209],[-75.457,2.199],[-75.468,2.191],[-75.472,2.183],[-75.478,2.176],[-75.482,2.167],[-75.484,2.163],[-75.488,2.159],[-75.49,2.158],[-75.504,2.136],[-75.506,2.126],[-75.511,2.114],[-75.517,2.105],[-75.522,2.096],[-75.529,2.084],[-75.535,2.075],[-75.541,2.065],[-75.543,2.06],[-75.547,2.058],[-75.548,2.057],[-75.571,2.017],[-75.573,2.008],[-75.576,1.995],[-75.581,1.978],[-75.586,1.967],[-75.605,1.956],[-75.632,1.946],[-75.655,1.936],[-75.68,1.923],[-75.692,1.912],[-75.701,1.904],[-75.713,1.892],[-75.714,1.89],[-75.72,1.885],[-75.738,1.873],[-75.757,1.854],[-75.764,1.835],[-75.777,1.815],[-75.779,1.803],[-75.787,1.798],[-75.79,1.792],[-75.792,1.789],[-75.796,1.789],[-75.804,1.781],[-75.814,1.77],[-75.818,1.763],[-75.826,1.757],[-75.832,1.746],[-75.837,1.736],[-75.843,1.72],[-75.853,1.699],[-75.855,1.693],[-75.859,1.685],[-75.865,1.676],[-75.87,1.67],[-75.868,1.661],[-75.881,1.653],[-75.892,1.648],[-75.9,1.643],[-75.915,1.633],[-75.929,1.624],[-75.94,1.612],[-75.96,1.599],[-75.969,1.588],[-75.979,1.572],[-75.996,1.554],[-76.007,1.541],[-76.022,1.527],[-76.038,1.521],[-76.067,1.512],[-76.079,1.51],[-76.097,1.503],[-76.108,1.501],[-76.117,1.498],[-76.119,1.498],[-76.133,1.493],[-76.134,1.497],[-76.135,1.5],[-76.137,1.505],[-76.142,1.512],[-76.153,1.523],[-76.159,1.527],[-76.162,1.527],[-76.169,1.527],[-76.172,1.527],[-76.18,1.533],[-76.19,1.536],[-76.192,1.537],[-76.213,1.533],[-76.225,1.529],[-76.238,1.523],[-76.254,1.517],[-76.27,1.511],[-76.275,1.512],[-76.286,1.514],[-76.301,1.528],[-76.313,1.546],[-76.324,1.567],[-76.332,1.585],[-76.335,1.588],[-76.348,1.594],[-76.372,1.6],[-76.398,1.606],[-76.423,1.609],[-76.435,1.613],[-76.447,1.616],[-76.46,1.627],[-76.475,1.651],[-76.473,1.668],[-76.469,1.689],[-76.468,1.705],[-76.472,1.724],[-76.472,1.752],[-76.469,1.766],[-76.47,1.781],[-76.477,1.796],[-76.493,1.82],[-76.505,1.838],[-76.524,1.852],[-76.547,1.865],[-76.562,1.865],[-76.576,1.862],[-76.585,1.861],[-76.596,1.861],[-76.609,1.863],[-76.612,1.865],[-76.618,1.88],[-76.623,1.893],[-76.623,1.899],[-76.624,1.907],[-76.626,1.916],[-76.629,1.934],[-76.629,1.943],[-76.63,1.959],[-76.62,1.979],[-76.62,1.987],[-76.623,2.004],[-76.626,2.014],[-76.628,2.025],[-76.626,2.035],[-76.625,2.043],[-76.628,2.054],[-76.629,2.056],[-76.632,2.059],[-76.636,2.068],[-76.64,2.076],[-76.64,2.089],[-76.637,2.101],[-76.63,2.113],[-76.619,2.12],[-76.609,2.124],[-76.603,2.126],[-76.593,2.129],[-76.584,2.131],[-76.582,2.131],[-76.57,2.132],[-76.561,2.133],[-76.542,2.128],[-76.528,2.124],[-76.519,2.119],[-76.505,2.113],[-76.492,2.104],[-76.473,2.093],[-76.449,2.079],[-76.437,2.072],[-76.426,2.073],[-76.421,2.074],[-76.411,2.076],[-76.406,2.085],[-76.403,2.092],[-76.398,2.095],[-76.385,2.104],[-76.377,2.108],[-76.374,2.109],[-76.372,2.115],[-76.365,2.126],[-76.365,2.131],[-76.365,2.137],[-76.363,2.144],[-76.363,2.155],[-76.365,2.167],[-76.368,2.179],[-76.374,2.184],[-76.385,2.192],[-76.386,2.196],[-76.385,2.202],[-76.38,2.218],[-76.381,2.23],[-76.383,2.235],[-76.387,2.235],[-76.394,2.234],[-76.398,2.234],[-76.401,2.238],[-76.409,2.254],[-76.414,2.258],[-76.418,2.266],[-76.418,2.276],[-76.406,2.294],[-76.402,2.296],[-76.394,2.298],[-76.385,2.301],[-76.376,2.302],[-76.364,2.302],[-76.358,2.303],[-76.344,2.305],[-76.324,2.311],[-76.323,2.319],[-76.323,2.33],[-76.317,2.34],[-76.315,2.35],[-76.316,2.356],[-76.317,2.364],[-76.316,2.374],[-76.316,2.38],[-76.314,2.386],[-76.31,2.394],[-76.303,2.397],[-76.29,2.399],[-76.282,2.401],[-76.275,2.402],[-76.26,2.399],[-76.25,2.399],[-76.243,2.393],[-76.231,2.393],[-76.22,2.39],[-76.208,2.383],[-76.186,2.375],[-76.166,2.378],[-76.153,2.379],[-76.138,2.383],[-76.127,2.39],[-76.111,2.401],[-76.096,2.419],[-76.092,2.429],[-76.082,2.449],[-76.076,2.469],[-76.059,2.481],[-76.041,2.485],[-76.027,2.487],[-76.011,2.483],[-76.002,2.479],[-75.993,2.476],[-75.981,2.472],[-75.98,2.469],[-75.97,2.464],[-75.957,2.461],[-75.951,2.443],[-75.95,2.429],[-75.938,2.424],[-75.928,2.416],[-75.918,2.415],[-75.913,2.414],[-75.891,2.422],[-75.881,2.432],[-75.873,2.443],[-75.867,2.448],[-75.859,2.449],[-75.854,2.449],[-75.85,2.45],[-75.848,2.458],[-75.85,2.462],[-75.853,2.473],[-75.855,2.476],[-75.861,2.496],[-75.861,2.505],[-75.861,2.511],[-75.865,2.524],[-75.873,2.532],[-75.878,2.544],[-75.882,2.556],[-75.888,2.574],[-75.891,2.597],[-75.903,2.611],[-75.918,2.634],[-75.931,2.649],[-75.943,2.669],[-75.954,2.696],[-75.962,2.717],[-75.973,2.742],[-75.977,2.752],[-75.983,2.77],[-75.985,2.775],[-75.989,2.787],[-75.99,2.804],[-75.997,2.821],[-76.005,2.841],[-76.008,2.87],[-76.008,2.898],[-76.009,2.902],[-76.009,2.904],[-76.008,2.908],[-76.007,2.926],[-76.007,2.936],[-76.007,2.943],[-76.007,2.957],[-76.005,2.969],[-75.991,2.975],[-75.976,2.976],[-75.968,2.975],[-75.956,2.967],[-75.949,2.97],[-75.935,2.972],[-75.932,2.973],[-75.93,2.973],[-75.918,2.975],[-75.898,2.977],[-75.893,2.98],[-75.889,2.983],[-75.886,2.986],[-75.882,2.994],[-75.881,2.998],[-75.878,3.005],[-75.875,3.011],[-75.873,3.014],[-75.866,3.023],[-75.86,3.031],[-75.852,3.039],[-75.842,3.045],[-75.835,3.048],[-75.823,3.048],[-75.81,3.046],[-75.803,3.041],[-75.797,3.036],[-75.793,3.034],[-75.786,3.033],[-75.781,3.038],[-75.78,3.04],[-75.78,3.048],[-75.77,3.059],[-75.763,3.064],[-75.76,3.069],[-75.758,3.076],[-75.746,3.083],[-75.735,3.092],[-75.715,3.103],[-75.701,3.112],[-75.687,3.123],[-75.667,3.13],[-75.65,3.134],[-75.633,3.137],[-75.623,3.136],[-75.618,3.137],[-75.615,3.137],[-75.612,3.137],[-75.605,3.138],[-75.596,3.145],[-75.592,3.152],[-75.592,3.159],[-75.594,3.165],[-75.597,3.17],[-75.6,3.18],[-75.606,3.188],[-75.606,3.2],[-75.606,3.206],[-75.605,3.215],[-75.599,3.224],[-75.59,3.233],[-75.572,3.244],[-75.558,3.254],[-75.551,3.263],[-75.547,3.269],[-75.535,3.277],[-75.517,3.286],[-75.493,3.294],[-75.481,3.3],[-75.469,3.323],[-75.462,3.331],[-75.45,3.335],[-75.428,3.346],[-75.411,3.355],[-75.41,3.364],[-75.406,3.379],[-75.396,3.387],[-75.384,3.389],[-75.367,3.386],[-75.361,3.388],[-75.353,3.392],[-75.339,3.392],[-75.335,3.388],[-75.322,3.38],[-75.313,3.374],[-75.303,3.368],[-75.298,3.362],[-75.289,3.355],[-75.284,3.356],[-75.281,3.362],[-75.281,3.371],[-75.279,3.379],[-75.276,3.388],[-75.266,3.391],[-75.259,3.395],[-75.244,3.398],[-75.237,3.395],[-75.23,3.39],[-75.226,3.383],[-75.219,3.366],[-75.215,3.366],[-75.204,3.37],[-75.203,3.376],[-75.201,3.384],[-75.2,3.389],[-75.194,3.394],[-75.185,3.398],[-75.167,3.402],[-75.155,3.405],[-75.143,3.409],[-75.127,3.415],[-75.116,3.419],[-75.1,3.425],[-75.087,3.428],[-75.076,3.43],[-75.063,3.424],[-75.062,3.417],[-75.06,3.414],[-75.056,3.408],[-75.05,3.394],[-75.049,3.385],[-75.046,3.378],[-75.041,3.365],[-75.045,3.355],[-75.052,3.346],[-75.06,3.341],[-75.062,3.334],[-75.07,3.327],[-75.079,3.32],[-75.089,3.314],[-75.096,3.309],[-75.104,3.301],[-75.102,3.291],[-75.099,3.283],[-75.097,3.281],[-75.089,3.275],[-75.084,3.275],[-75.068,3.274],[-75.055,3.272],[-75.046,3.269],[-75.038,3.265],[-75.035,3.262],[-75.03,3.26],[-75.021,3.26],[-75.008,3.264],[-74.993,3.267],[-74.982,3.267],[-74.979,3.266],[-74.971,3.267],[-74.965,3.267],[-74.962,3.267],[-74.955,3.267],[-74.947,3.272],[-74.939,3.283],[-74.928,3.291],[-74.912,3.303],[-74.904,3.309],[-74.894,3.318],[-74.879,3.329],[-74.87,3.34],[-74.862,3.352],[-74.851,3.36],[-74.841,3.369],[-74.83,3.381],[-74.822,3.39],[-74.815,3.398],[-74.811,3.402],[-74.804,3.411],[-74.793,3.423],[-74.79,3.432],[-74.793,3.44],[-74.797,3.45],[-74.799,3.46],[-74.814,3.474],[-74.807,3.48],[-74.807,3.485],[-74.809,3.493],[-74.807,3.504],[-74.787,3.519],[-74.775,3.529],[-74.763,3.545],[-74.763,3.557],[-74.764,3.574],[-74.757,3.586],[-74.743,3.594],[-74.727,3.607],[-74.709,3.627],[-74.689,3.647],[-74.675,3.662],[-74.662,3.669],[-74.649,3.677],[-74.626,3.692],[-74.602,3.72],[-74.598,3.73],[-74.588,3.755],[-74.581,3.766],[-74.58,3.772],[-74.577,3.775],[-74.575,3.785],[-74.573,3.793],[-74.573,3.8],[-74.572,3.805],[-74.572,3.808],[-74.563,3.804],[-74.555,3.796],[-74.547,3.786],[-74.511,3.761],[-74.505,3.744],[-74.517,3.729],[-74.524,3.714],[-74.521,3.701],[-74.513,3.691],[-74.513,3.683],[-74.52,3.674],[-74.518,3.668],[-74.517,3.666],[-74.519,3.658],[-74.52,3.65],[-74.521,3.637],[-74.527,3.627],[-74.537,3.609],[-74.545,3.592],[-74.553,3.577],[-74.56,3.56],[-74.571,3.539],[-74.582,3.523],[-74.596,3.509],[-74.602,3.499],[-74.609,3.491],[-74.617,3.477],[-74.622,3.449],[-74.622,3.43],[-74.62,3.401],[-74.619,3.371],[-74.62,3.356],[-74.622,3.347],[-74.623,3.332],[-74.623,3.314],[-74.631,3.29],[-74.636,3.274]]]}},{"type":"Feature","properties":{"n":"LA GUAJIRA"},"geometry":{"type":"Polygon","coordinates":[[[-71.621,12.424],[-71.598,12.417],[-71.566,12.411],[-71.518,12.366],[-71.49,12.365],[-71.466,12.364],[-71.455,12.352],[-71.434,12.344],[-71.41,12.341],[-71.393,12.336],[-71.36,12.333],[-71.35,12.33],[-71.343,12.322],[-71.323,12.306],[-71.313,12.296],[-71.304,12.276],[-71.299,12.266],[-71.292,12.257],[-71.289,12.246],[-71.275,12.22],[-71.269,12.206],[-71.259,12.185],[-71.243,12.162],[-71.231,12.141],[-71.223,12.121],[-71.215,12.102],[-71.209,12.079],[-71.201,12.057],[-71.199,12.038],[-71.202,12.026],[-71.209,12.011],[-71.217,12.002],[-71.227,11.994],[-71.25,11.976],[-71.261,11.967],[-71.274,11.949],[-71.285,11.939],[-71.303,11.929],[-71.311,11.926],[-71.336,11.92],[-71.349,11.913],[-71.356,11.905],[-71.36,11.897],[-71.364,11.885],[-71.377,11.873],[-71.385,11.861],[-71.394,11.858],[-71.399,11.847],[-71.408,11.842],[-71.419,11.835],[-71.436,11.825],[-71.441,11.812],[-71.437,11.812],[-71.423,11.815],[-71.409,11.82],[-71.409,11.809],[-71.412,11.803],[-71.42,11.79],[-71.601,11.748],[-71.651,11.728],[-71.843,11.678],[-71.976,11.647],[-71.983,11.634],[-72.249,11.153],[-72.251,11.147],[-72.254,11.143],[-72.262,11.141],[-72.267,11.139],[-72.273,11.138],[-72.293,11.146],[-72.307,11.147],[-72.317,11.146],[-72.33,11.15],[-72.336,11.15],[-72.35,11.154],[-72.363,11.147],[-72.373,11.142],[-72.399,11.133],[-72.416,11.127],[-72.431,11.125],[-72.442,11.118],[-72.446,11.128],[-72.454,11.126],[-72.461,11.12],[-72.463,11.119],[-72.477,11.106],[-72.485,11.102],[-72.489,11.101],[-72.501,11.088],[-72.5,11.084],[-72.51,11.056],[-72.533,10.991],[-72.541,10.986],[-72.549,10.976],[-72.551,10.975],[-72.553,10.97],[-72.554,10.965],[-72.562,10.959],[-72.567,10.949],[-72.57,10.939],[-72.578,10.925],[-72.58,10.918],[-72.584,10.906],[-72.596,10.884],[-72.603,10.873],[-72.608,10.866],[-72.61,10.862],[-72.616,10.85],[-72.62,10.835],[-72.628,10.814],[-72.631,10.798],[-72.639,10.776],[-72.646,10.763],[-72.652,10.749],[-72.654,10.738],[-72.656,10.738],[-72.658,10.732],[-72.66,10.727],[-72.661,10.722],[-72.663,10.715],[-72.665,10.711],[-72.671,10.698],[-72.674,10.686],[-72.679,10.674],[-72.688,10.66],[-72.697,10.646],[-72.703,10.635],[-72.706,10.628],[-72.707,10.623],[-72.714,10.614],[-72.719,10.606],[-72.724,10.592],[-72.725,10.588],[-72.731,10.578],[-72.734,10.569],[-72.739,10.561],[-72.746,10.558],[-72.748,10.545],[-72.751,10.542],[-72.754,10.537],[-72.759,10.529],[-72.765,10.521],[-72.774,10.509],[-72.779,10.501],[-72.785,10.488],[-72.801,10.471],[-72.802,10.467],[-72.803,10.463],[-72.808,10.456],[-72.812,10.451],[-72.816,10.439],[-72.821,10.433],[-72.825,10.427],[-72.829,10.42],[-72.834,10.413],[-72.835,10.412],[-72.869,10.41],[-72.891,10.404],[-72.91,10.401],[-72.925,10.397],[-72.946,10.391],[-72.965,10.391],[-72.982,10.391],[-73.0,10.396],[-73.019,10.408],[-73.044,10.42],[-73.062,10.419],[-73.073,10.42],[-73.077,10.421],[-73.096,10.427],[-73.117,10.421],[-73.132,10.41],[-73.163,10.393],[-73.166,10.391],[-73.18,10.381],[-73.185,10.393],[-73.184,10.41],[-73.185,10.426],[-73.19,10.438],[-73.194,10.441],[-73.216,10.448],[-73.216,10.451],[-73.215,10.457],[-73.212,10.466],[-73.202,10.474],[-73.196,10.481],[-73.196,10.489],[-73.185,10.498],[-73.171,10.501],[-73.163,10.508],[-73.148,10.52],[-73.141,10.528],[-73.14,10.534],[-73.126,10.552],[-73.125,10.565],[-73.128,10.576],[-73.122,10.593],[-73.113,10.608],[-73.083,10.635],[-73.086,10.644],[-73.104,10.651],[-73.122,10.662],[-73.136,10.678],[-73.144,10.672],[-73.154,10.666],[-73.166,10.677],[-73.177,10.703],[-73.191,10.724],[-73.207,10.744],[-73.229,10.753],[-73.24,10.745],[-73.249,10.733],[-73.274,10.728],[-73.273,10.734],[-73.271,10.745],[-73.263,10.759],[-73.259,10.776],[-73.262,10.789],[-73.267,10.807],[-73.271,10.819],[-73.274,10.828],[-73.281,10.838],[-73.282,10.856],[-73.467,10.871],[-73.502,10.865],[-73.509,10.859],[-73.512,10.857],[-73.534,10.848],[-73.543,10.849],[-73.56,10.845],[-73.582,10.843],[-73.59,10.844],[-73.635,10.824],[-73.641,10.827],[-73.646,10.841],[-73.65,10.855],[-73.656,10.87],[-73.663,10.89],[-73.674,10.92],[-73.678,10.937],[-73.683,10.97],[-73.685,10.984],[-73.684,10.992],[-73.679,11.005],[-73.675,11.016],[-73.672,11.029],[-73.671,11.043],[-73.672,11.051],[-73.675,11.059],[-73.681,11.069],[-73.683,11.086],[-73.681,11.102],[-73.681,11.106],[-73.678,11.121],[-73.68,11.127],[-73.673,11.135],[-73.66,11.145],[-73.653,11.147],[-73.647,11.15],[-73.642,11.161],[-73.638,11.17],[-73.622,11.183],[-73.621,11.192],[-73.614,11.212],[-73.613,11.248],[-73.605,11.253],[-73.586,11.253],[-73.565,11.255],[-73.532,11.255],[-73.474,11.251],[-73.438,11.256],[-73.401,11.26],[-73.368,11.259],[-73.345,11.273],[-73.331,11.282],[-73.3,11.3],[-73.267,11.323],[-73.235,11.345],[-73.228,11.361],[-73.216,11.381],[-73.205,11.387],[-73.191,11.394],[-73.171,11.407],[-73.153,11.42],[-73.15,11.423],[-73.147,11.428],[-73.144,11.43],[-73.143,11.433],[-73.141,11.436],[-73.138,11.437],[-73.134,11.438],[-73.131,11.441],[-73.128,11.444],[-73.118,11.453],[-73.114,11.455],[-73.088,11.468],[-73.072,11.476],[-73.049,11.487],[-73.034,11.502],[-73.015,11.517],[-72.996,11.535],[-72.977,11.554],[-72.894,11.564],[-72.885,11.571],[-72.876,11.577],[-72.861,11.587],[-72.855,11.605],[-72.852,11.62],[-72.834,11.634],[-72.81,11.652],[-72.784,11.669],[-72.769,11.68],[-72.756,11.694],[-72.731,11.703],[-72.704,11.711],[-72.679,11.717],[-72.64,11.725],[-72.612,11.739],[-72.591,11.75],[-72.558,11.746],[-72.548,11.753],[-72.544,11.759],[-72.529,11.778],[-72.52,11.778],[-72.509,11.78],[-72.487,11.785],[-72.475,11.77],[-72.458,11.776],[-72.451,11.785],[-72.359,11.831],[-72.357,11.832],[-72.354,11.833],[-72.351,11.833],[-72.346,11.836],[-72.341,11.842],[-72.326,11.868],[-72.299,11.882],[-72.291,11.876],[-72.285,11.878],[-72.282,11.893],[-72.286,11.91],[-72.285,11.914],[-72.283,11.922],[-72.273,11.938],[-72.258,11.957],[-72.245,11.972],[-72.235,11.986],[-72.229,11.999],[-72.217,12.032],[-72.206,12.055],[-72.196,12.079],[-72.188,12.091],[-72.188,12.109],[-72.192,12.157],[-72.198,12.169],[-72.206,12.183],[-72.227,12.194],[-72.226,12.2],[-72.214,12.208],[-72.201,12.208],[-72.188,12.206],[-72.176,12.206],[-72.153,12.208],[-72.137,12.209],[-72.11,12.213],[-72.093,12.216],[-72.068,12.224],[-72.047,12.228],[-72.026,12.231],[-72.026,12.228],[-72.029,12.218],[-72.035,12.209],[-72.041,12.199],[-72.045,12.19],[-72.048,12.18],[-72.049,12.17],[-72.044,12.161],[-72.041,12.156],[-72.04,12.148],[-72.04,12.139],[-72.039,12.132],[-72.033,12.131],[-72.022,12.132],[-72.003,12.138],[-71.994,12.14],[-71.977,12.156],[-71.973,12.168],[-71.966,12.174],[-71.954,12.176],[-71.944,12.176],[-71.932,12.176],[-71.92,12.181],[-71.924,12.198],[-71.929,12.2],[-71.94,12.21],[-71.95,12.226],[-71.957,12.25],[-71.965,12.257],[-71.98,12.266],[-72.008,12.26],[-72.004,12.268],[-71.991,12.282],[-71.968,12.293],[-71.949,12.312],[-71.935,12.321],[-71.928,12.336],[-71.903,12.347],[-71.891,12.359],[-71.885,12.352],[-71.887,12.341],[-71.889,12.331],[-71.89,12.322],[-71.887,12.314],[-71.887,12.306],[-71.885,12.294],[-71.871,12.298],[-71.84,12.322],[-71.828,12.33],[-71.819,12.343],[-71.817,12.362],[-71.809,12.369],[-71.795,12.382],[-71.784,12.375],[-71.78,12.369],[-71.782,12.362],[-71.776,12.357],[-71.773,12.351],[-71.768,12.348],[-71.756,12.351],[-71.755,12.361],[-71.756,12.378],[-71.747,12.379],[-71.742,12.375],[-71.73,12.377],[-71.716,12.39],[-71.705,12.405],[-71.709,12.407],[-71.72,12.404],[-71.735,12.4],[-71.736,12.41],[-71.731,12.421],[-71.743,12.422],[-71.758,12.417],[-71.766,12.416],[-71.774,12.412],[-71.783,12.402],[-71.795,12.399],[-71.798,12.408],[-71.783,12.421],[-71.752,12.433],[-71.737,12.434],[-71.717,12.436],[-71.676,12.432],[-71.645,12.431],[-71.621,12.424]]]}},{"type":"Feature","properties":{"n":"MAGDALENA"},"geometry":{"type":"Polygon","coordinates":[[[-74.092,11.328],[-74.083,11.324],[-74.068,11.33],[-74.058,11.333],[-74.04,11.331],[-74.032,11.331],[-74.019,11.325],[-74.01,11.323],[-73.996,11.311],[-73.978,11.306],[-73.955,11.299],[-73.933,11.287],[-73.909,11.276],[-73.892,11.271],[-73.87,11.26],[-73.86,11.253],[-73.836,11.253],[-73.807,11.251],[-73.779,11.25],[-73.76,11.25],[-73.731,11.247],[-73.718,11.248],[-73.691,11.25],[-73.66,11.25],[-73.639,11.247],[-73.613,11.248],[-73.614,11.212],[-73.621,11.192],[-73.622,11.183],[-73.638,11.17],[-73.642,11.161],[-73.647,11.15],[-73.653,11.147],[-73.66,11.145],[-73.673,11.135],[-73.68,11.127],[-73.678,11.121],[-73.681,11.106],[-73.681,11.102],[-73.683,11.086],[-73.681,11.069],[-73.675,11.059],[-73.672,11.051],[-73.671,11.043],[-73.672,11.029],[-73.675,11.016],[-73.679,11.005],[-73.684,10.992],[-73.685,10.984],[-73.683,10.97],[-73.678,10.937],[-73.674,10.92],[-73.663,10.89],[-73.656,10.87],[-73.65,10.855],[-73.646,10.841],[-73.641,10.827],[-73.635,10.824],[-73.59,10.844],[-73.642,10.802],[-73.663,10.794],[-73.673,10.788],[-73.689,10.78],[-73.691,10.771],[-73.685,10.76],[-73.67,10.759],[-73.641,10.763],[-73.626,10.763],[-73.61,10.758],[-73.603,10.748],[-73.602,10.731],[-73.612,10.712],[-73.626,10.694],[-73.632,10.687],[-73.634,10.685],[-73.641,10.671],[-73.644,10.656],[-73.643,10.642],[-73.643,10.637],[-73.643,10.63],[-73.641,10.615],[-73.638,10.597],[-73.634,10.582],[-73.63,10.566],[-73.627,10.545],[-73.627,10.528],[-73.627,10.515],[-73.643,10.505],[-73.657,10.504],[-73.666,10.49],[-73.672,10.474],[-73.683,10.459],[-73.694,10.449],[-73.708,10.446],[-73.728,10.444],[-73.735,10.444],[-73.744,10.434],[-73.743,10.418],[-73.741,10.413],[-73.747,10.408],[-73.755,10.408],[-73.766,10.412],[-73.775,10.399],[-73.786,10.394],[-73.796,10.394],[-73.803,10.392],[-73.814,10.384],[-73.838,10.381],[-73.854,10.381],[-73.87,10.381],[-73.888,10.383],[-73.907,10.379],[-73.935,10.36],[-73.958,10.339],[-73.97,10.319],[-73.976,10.312],[-73.983,10.304],[-73.988,10.296],[-73.992,10.282],[-73.997,10.267],[-74.009,10.249],[-74.02,10.239],[-74.03,10.238],[-74.038,10.215],[-74.046,10.203],[-74.063,10.202],[-74.072,10.187],[-74.07,10.172],[-74.077,10.16],[-74.085,10.153],[-74.094,10.137],[-74.103,10.106],[-74.105,10.088],[-74.108,10.076],[-74.111,10.067],[-74.111,10.066],[-74.104,10.054],[-74.097,10.036],[-74.087,10.018],[-74.084,10.007],[-74.074,9.995],[-74.066,9.988],[-74.064,9.986],[-74.052,9.974],[-74.032,9.957],[-74.032,9.949],[-74.023,9.932],[-74.0,9.917],[-73.987,9.911],[-73.981,9.906],[-73.96,9.885],[-73.951,9.864],[-73.937,9.842],[-73.925,9.823],[-73.912,9.811],[-73.886,9.796],[-73.882,9.792],[-73.88,9.79],[-73.877,9.784],[-73.874,9.782],[-73.863,9.774],[-73.862,9.763],[-73.865,9.748],[-73.866,9.737],[-73.867,9.732],[-73.861,9.719],[-73.859,9.714],[-73.847,9.7],[-73.839,9.684],[-73.831,9.668],[-73.828,9.662],[-73.823,9.651],[-73.818,9.633],[-73.812,9.617],[-73.813,9.602],[-73.81,9.59],[-73.81,9.582],[-73.813,9.578],[-73.816,9.574],[-73.823,9.572],[-73.85,9.574],[-73.861,9.581],[-73.894,9.58],[-73.936,9.576],[-73.958,9.575],[-73.974,9.575],[-73.994,9.576],[-74.017,9.582],[-74.053,9.582],[-74.076,9.561],[-74.086,9.546],[-74.108,9.523],[-74.12,9.508],[-74.128,9.5],[-74.137,9.496],[-74.148,9.488],[-74.155,9.484],[-74.156,9.477],[-74.148,9.467],[-74.102,9.444],[-74.086,9.432],[-74.075,9.419],[-74.063,9.405],[-74.046,9.387],[-74.041,9.378],[-74.034,9.373],[-74.028,9.368],[-74.018,9.359],[-74.011,9.354],[-74.0,9.344],[-73.998,9.333],[-73.985,9.317],[-73.975,9.289],[-73.968,9.276],[-73.964,9.258],[-73.97,9.234],[-73.972,9.224],[-73.984,9.207],[-73.986,9.193],[-73.983,9.192],[-73.962,9.188],[-73.938,9.189],[-73.918,9.185],[-73.908,9.18],[-73.904,9.163],[-73.9,9.149],[-73.898,9.137],[-73.886,9.111],[-73.853,9.081],[-73.844,9.067],[-73.837,9.059],[-73.833,9.048],[-73.829,9.04],[-73.829,9.032],[-73.834,9.014],[-73.856,8.998],[-73.86,8.993],[-73.866,8.984],[-73.871,8.972],[-73.875,8.963],[-73.875,8.96],[-73.877,8.957],[-73.909,8.97],[-73.931,8.97],[-73.951,8.969],[-73.975,8.979],[-73.985,8.978],[-74.003,8.975],[-74.012,8.977],[-74.02,8.979],[-74.018,8.989],[-74.024,8.996],[-74.044,9.003],[-74.053,9.019],[-74.07,9.021],[-74.083,9.003],[-74.095,9.002],[-74.116,9.007],[-74.129,9.005],[-74.142,9.007],[-74.145,9.009],[-74.147,9.008],[-74.15,9.009],[-74.149,9.015],[-74.149,9.024],[-74.148,9.033],[-74.165,9.043],[-74.185,9.052],[-74.196,9.06],[-74.2,9.068],[-74.203,9.074],[-74.213,9.088],[-74.254,9.128],[-74.263,9.14],[-74.28,9.149],[-74.302,9.151],[-74.319,9.148],[-74.323,9.147],[-74.327,9.154],[-74.317,9.16],[-74.311,9.164],[-74.309,9.173],[-74.312,9.182],[-74.321,9.188],[-74.325,9.19],[-74.345,9.198],[-74.355,9.204],[-74.364,9.209],[-74.381,9.206],[-74.392,9.203],[-74.408,9.199],[-74.412,9.196],[-74.425,9.192],[-74.432,9.198],[-74.432,9.206],[-74.432,9.213],[-74.445,9.227],[-74.451,9.235],[-74.461,9.243],[-74.483,9.238],[-74.495,9.234],[-74.507,9.226],[-74.516,9.222],[-74.534,9.224],[-74.536,9.231],[-74.541,9.245],[-74.559,9.266],[-74.574,9.282],[-74.601,9.304],[-74.624,9.318],[-74.634,9.333],[-74.638,9.352],[-74.64,9.362],[-74.65,9.371],[-74.664,9.375],[-74.668,9.377],[-74.68,9.398],[-74.687,9.403],[-74.752,9.411],[-74.766,9.41],[-74.772,9.416],[-74.783,9.424],[-74.795,9.428],[-74.809,9.429],[-74.812,9.434],[-74.814,9.441],[-74.816,9.451],[-74.816,9.464],[-74.813,9.475],[-74.81,9.494],[-74.81,9.507],[-74.809,9.514],[-74.81,9.516],[-74.807,9.527],[-74.811,9.542],[-74.809,9.552],[-74.797,9.56],[-74.789,9.569],[-74.784,9.584],[-74.781,9.586],[-74.777,9.601],[-74.788,9.612],[-74.796,9.622],[-74.811,9.638],[-74.819,9.652],[-74.826,9.66],[-74.832,9.666],[-74.841,9.679],[-74.847,9.691],[-74.845,9.705],[-74.841,9.712],[-74.832,9.726],[-74.825,9.742],[-74.824,9.752],[-74.823,9.761],[-74.829,9.772],[-74.833,9.782],[-74.84,9.788],[-74.844,9.799],[-74.844,9.805],[-74.853,9.812],[-74.852,9.816],[-74.853,9.826],[-74.857,9.84],[-74.867,9.851],[-74.877,9.859],[-74.882,9.874],[-74.885,9.885],[-74.89,9.897],[-74.892,9.907],[-74.889,9.912],[-74.885,9.922],[-74.877,9.931],[-74.873,9.934],[-74.865,9.948],[-74.856,9.957],[-74.839,9.962],[-74.829,9.97],[-74.815,9.978],[-74.796,9.998],[-74.796,10.023],[-74.796,10.024],[-74.805,10.029],[-74.812,10.036],[-74.817,10.041],[-74.823,10.052],[-74.828,10.061],[-74.84,10.082],[-74.861,10.099],[-74.874,10.105],[-74.895,10.108],[-74.92,10.105],[-74.936,10.11],[-74.948,10.12],[-74.95,10.131],[-74.95,10.143],[-74.943,10.159],[-74.941,10.174],[-74.94,10.186],[-74.935,10.203],[-74.928,10.214],[-74.918,10.243],[-74.913,10.257],[-74.895,10.313],[-74.887,10.33],[-74.882,10.341],[-74.876,10.343],[-74.871,10.361],[-74.861,10.376],[-74.857,10.381],[-74.851,10.393],[-74.841,10.406],[-74.838,10.415],[-74.833,10.426],[-74.829,10.441],[-74.829,10.449],[-74.827,10.453],[-74.819,10.464],[-74.813,10.476],[-74.796,10.501],[-74.774,10.522],[-74.761,10.536],[-74.747,10.549],[-74.743,10.563],[-74.743,10.573],[-74.743,10.579],[-74.741,10.585],[-74.744,10.592],[-74.747,10.599],[-74.753,10.614],[-74.754,10.622],[-74.754,10.633],[-74.753,10.642],[-74.743,10.711],[-74.74,10.715],[-74.744,10.73],[-74.744,10.737],[-74.747,10.745],[-74.744,10.75],[-74.747,10.758],[-74.749,10.765],[-74.749,10.771],[-74.75,10.779],[-74.75,10.789],[-74.748,10.8],[-74.748,10.811],[-74.747,10.822],[-74.746,10.828],[-74.742,10.842],[-74.743,10.851],[-74.743,10.859],[-74.741,10.867],[-74.739,10.872],[-74.732,10.877],[-74.731,10.883],[-74.735,10.889],[-74.743,10.896],[-74.75,10.9],[-74.757,10.904],[-74.763,10.91],[-74.767,10.916],[-74.772,10.923],[-74.774,10.927],[-74.775,10.932],[-74.775,10.934],[-74.775,10.939],[-74.775,10.949],[-74.775,10.959],[-74.775,10.97],[-74.791,10.99],[-74.801,11.005],[-74.809,11.018],[-74.821,11.024],[-74.829,11.031],[-74.836,11.04],[-74.839,11.046],[-74.843,11.054],[-74.848,11.064],[-74.853,11.073],[-74.846,11.074],[-74.835,11.069],[-74.817,11.065],[-74.802,11.063],[-74.79,11.059],[-74.75,11.049],[-74.728,11.038],[-74.697,11.025],[-74.676,11.016],[-74.64,11.004],[-74.615,10.99],[-74.592,10.98],[-74.569,10.972],[-74.535,10.961],[-74.507,10.959],[-74.503,10.959],[-74.496,10.959],[-74.485,10.957],[-74.468,10.955],[-74.461,10.955],[-74.44,10.955],[-74.423,10.956],[-74.409,10.957],[-74.387,10.96],[-74.368,10.963],[-74.357,10.965],[-74.345,10.972],[-74.333,10.973],[-74.321,10.975],[-74.303,10.987],[-74.3,10.991],[-74.294,10.998],[-74.285,11.006],[-74.27,11.019],[-74.257,11.038],[-74.258,11.052],[-74.251,11.074],[-74.25,11.094],[-74.25,11.105],[-74.248,11.113],[-74.251,11.128],[-74.255,11.135],[-74.26,11.153],[-74.261,11.174],[-74.27,11.21],[-74.253,11.229],[-74.238,11.241],[-74.236,11.251],[-74.227,11.258],[-74.216,11.265],[-74.223,11.28],[-74.215,11.291],[-74.205,11.303],[-74.197,11.299],[-74.188,11.297],[-74.181,11.298],[-74.176,11.306],[-74.173,11.319],[-74.168,11.319],[-74.161,11.317],[-74.156,11.313],[-74.149,11.318],[-74.141,11.325],[-74.137,11.323],[-74.132,11.326],[-74.133,11.34],[-74.128,11.326],[-74.111,11.321],[-74.106,11.327],[-74.103,11.34],[-74.092,11.328]]]}},{"type":"Feature","properties":{"n":"META"},"geometry":{"type":"Polygon","coordinates":[[[-71.08,4.445],[-71.086,4.187],[-71.098,3.343],[-71.095,2.846],[-71.103,2.847],[-71.108,2.843],[-71.123,2.838],[-71.132,2.846],[-71.152,2.853],[-71.156,2.848],[-71.155,2.843],[-71.154,2.84],[-71.167,2.836],[-71.174,2.838],[-71.191,2.845],[-71.204,2.85],[-71.217,2.845],[-71.227,2.84],[-71.235,2.835],[-71.259,2.833],[-71.265,2.838],[-71.289,2.838],[-71.304,2.849],[-71.312,2.869],[-71.324,2.878],[-71.331,2.876],[-71.337,2.867],[-71.349,2.849],[-71.364,2.837],[-71.368,2.833],[-71.368,2.84],[-71.372,2.847],[-71.382,2.85],[-71.391,2.84],[-71.391,2.831],[-71.394,2.825],[-71.396,2.816],[-71.413,2.816],[-71.419,2.817],[-71.431,2.822],[-71.453,2.835],[-71.465,2.844],[-71.476,2.849],[-71.487,2.837],[-71.489,2.832],[-71.491,2.828],[-71.496,2.826],[-71.499,2.828],[-71.502,2.829],[-71.511,2.831],[-71.518,2.832],[-71.528,2.835],[-71.538,2.832],[-71.552,2.835],[-71.563,2.826],[-71.579,2.826],[-71.591,2.823],[-71.593,2.816],[-71.593,2.814],[-71.597,2.811],[-71.627,2.811],[-71.659,2.812],[-71.668,2.808],[-71.678,2.807],[-71.677,2.82],[-71.676,2.826],[-71.689,2.829],[-71.701,2.826],[-71.712,2.819],[-71.73,2.824],[-71.748,2.84],[-71.766,2.852],[-71.782,2.858],[-71.787,2.846],[-71.79,2.835],[-71.789,2.826],[-71.787,2.82],[-71.787,2.814],[-71.791,2.812],[-71.799,2.816],[-71.802,2.821],[-71.815,2.822],[-71.818,2.818],[-71.822,2.812],[-71.823,2.81],[-71.835,2.806],[-71.854,2.801],[-71.876,2.799],[-71.905,2.795],[-71.94,2.791],[-71.96,2.79],[-71.973,2.784],[-71.986,2.777],[-71.999,2.771],[-72.006,2.77],[-72.017,2.779],[-72.027,2.787],[-72.032,2.792],[-72.048,2.794],[-72.065,2.795],[-72.084,2.797],[-72.108,2.809],[-72.121,2.822],[-72.13,2.838],[-72.149,2.856],[-72.167,2.845],[-72.182,2.833],[-72.2,2.828],[-72.215,2.829],[-72.221,2.829],[-72.222,2.811],[-72.218,2.799],[-72.215,2.786],[-72.214,2.775],[-72.208,2.76],[-72.2,2.753],[-72.198,2.742],[-72.198,2.735],[-72.205,2.729],[-72.213,2.729],[-72.218,2.728],[-72.237,2.742],[-72.259,2.763],[-72.276,2.777],[-72.289,2.771],[-72.291,2.767],[-72.291,2.751],[-72.301,2.749],[-72.317,2.752],[-72.329,2.754],[-72.345,2.753],[-72.364,2.745],[-72.381,2.732],[-72.398,2.719],[-72.42,2.703],[-72.434,2.689],[-72.454,2.68],[-72.469,2.677],[-72.493,2.683],[-72.518,2.683],[-72.53,2.682],[-72.539,2.665],[-72.543,2.651],[-72.561,2.636],[-72.577,2.636],[-72.603,2.636],[-72.619,2.636],[-72.613,2.62],[-72.601,2.609],[-72.59,2.602],[-72.59,2.591],[-72.597,2.584],[-72.604,2.583],[-72.617,2.583],[-72.629,2.591],[-72.65,2.598],[-72.661,2.597],[-72.665,2.585],[-72.669,2.576],[-72.672,2.56],[-72.683,2.552],[-72.688,2.563],[-72.694,2.584],[-72.698,2.596],[-72.706,2.603],[-72.724,2.603],[-72.732,2.6],[-72.734,2.591],[-72.736,2.576],[-72.742,2.561],[-72.754,2.55],[-72.779,2.563],[-72.787,2.562],[-72.8,2.575],[-72.813,2.583],[-72.842,2.582],[-72.854,2.576],[-72.859,2.572],[-72.875,2.561],[-72.906,2.546],[-72.917,2.538],[-72.934,2.529],[-72.945,2.523],[-72.949,2.512],[-72.949,2.5],[-72.955,2.492],[-72.967,2.49],[-72.974,2.488],[-72.969,2.476],[-72.946,2.465],[-72.938,2.455],[-72.938,2.444],[-72.947,2.443],[-72.954,2.445],[-72.964,2.447],[-72.978,2.453],[-72.985,2.449],[-72.98,2.431],[-72.977,2.417],[-72.97,2.404],[-72.965,2.389],[-72.978,2.39],[-72.983,2.398],[-72.986,2.413],[-73.0,2.42],[-73.006,2.424],[-73.013,2.417],[-73.025,2.411],[-73.036,2.403],[-73.046,2.401],[-73.052,2.402],[-73.057,2.407],[-73.066,2.413],[-73.076,2.411],[-73.081,2.407],[-73.087,2.401],[-73.094,2.392],[-73.104,2.387],[-73.107,2.383],[-73.114,2.372],[-73.121,2.365],[-73.128,2.365],[-73.13,2.381],[-73.144,2.388],[-73.151,2.386],[-73.159,2.385],[-73.164,2.382],[-73.159,2.373],[-73.154,2.365],[-73.143,2.358],[-73.153,2.355],[-73.155,2.355],[-73.163,2.353],[-73.168,2.351],[-73.178,2.349],[-73.178,2.356],[-73.178,2.36],[-73.176,2.37],[-73.182,2.379],[-73.201,2.374],[-73.213,2.37],[-73.224,2.369],[-73.226,2.375],[-73.231,2.385],[-73.243,2.381],[-73.248,2.374],[-73.255,2.366],[-73.266,2.362],[-73.281,2.358],[-73.28,2.349],[-73.261,2.35],[-73.254,2.349],[-73.254,2.342],[-73.263,2.333],[-73.276,2.342],[-73.294,2.33],[-73.306,2.325],[-73.313,2.323],[-73.322,2.322],[-73.334,2.322],[-73.339,2.328],[-73.346,2.328],[-73.353,2.321],[-73.36,2.313],[-73.369,2.31],[-73.368,2.318],[-73.363,2.335],[-73.374,2.344],[-73.384,2.342],[-73.392,2.335],[-73.395,2.329],[-73.395,2.324],[-73.395,2.318],[-73.388,2.312],[-73.396,2.306],[-73.406,2.306],[-73.404,2.319],[-73.402,2.326],[-73.412,2.331],[-73.422,2.33],[-73.427,2.329],[-73.438,2.326],[-73.447,2.322],[-73.45,2.33],[-73.45,2.34],[-73.45,2.352],[-73.457,2.366],[-73.464,2.367],[-73.477,2.362],[-73.475,2.355],[-73.468,2.346],[-73.466,2.339],[-73.465,2.332],[-73.466,2.32],[-73.475,2.318],[-73.479,2.318],[-73.484,2.329],[-73.487,2.335],[-73.493,2.341],[-73.516,2.334],[-73.526,2.324],[-73.533,2.323],[-73.537,2.33],[-73.536,2.336],[-73.536,2.342],[-73.549,2.365],[-73.556,2.357],[-73.563,2.344],[-73.577,2.331],[-73.588,2.342],[-73.597,2.356],[-73.605,2.366],[-73.616,2.36],[-73.619,2.354],[-73.622,2.343],[-73.632,2.337],[-73.638,2.337],[-73.645,2.335],[-73.648,2.333],[-73.648,2.323],[-73.634,2.318],[-73.633,2.317],[-73.647,1.964],[-73.66,1.611],[-73.686,1.613],[-73.718,1.613],[-73.739,1.613],[-73.79,1.606],[-73.821,1.597],[-73.843,1.586],[-73.859,1.582],[-73.897,1.573],[-73.931,1.57],[-73.959,1.572],[-73.985,1.576],[-74.009,1.584],[-74.032,1.593],[-74.047,1.602],[-74.056,1.612],[-74.06,1.621],[-74.063,1.624],[-74.08,1.636],[-74.093,1.647],[-74.118,1.649],[-74.141,1.658],[-74.158,1.683],[-74.17,1.702],[-74.188,1.729],[-74.202,1.744],[-74.224,1.764],[-74.247,1.775],[-74.275,1.785],[-74.3,1.787],[-74.373,1.795],[-74.405,1.797],[-74.436,1.799],[-74.472,1.807],[-74.488,1.815],[-74.504,1.828],[-74.512,1.837],[-74.522,1.849],[-74.541,1.867],[-74.55,1.881],[-74.561,1.902],[-74.575,1.917],[-74.585,1.931],[-74.59,1.944],[-74.597,1.967],[-74.606,1.979],[-74.617,2.001],[-74.631,2.038],[-74.632,2.061],[-74.632,2.078],[-74.629,2.108],[-74.629,2.13],[-74.629,2.145],[-74.631,2.17],[-74.635,2.187],[-74.642,2.207],[-74.65,2.22],[-74.654,2.231],[-74.658,2.24],[-74.661,2.248],[-74.662,2.25],[-74.663,2.271],[-74.666,2.303],[-74.672,2.319],[-74.673,2.333],[-74.675,2.353],[-74.677,2.378],[-74.679,2.404],[-74.678,2.423],[-74.676,2.441],[-74.681,2.46],[-74.689,2.479],[-74.693,2.498],[-74.696,2.519],[-74.691,2.536],[-74.683,2.555],[-74.673,2.576],[-74.661,2.593],[-74.653,2.602],[-74.641,2.616],[-74.625,2.635],[-74.616,2.648],[-74.605,2.668],[-74.604,2.694],[-74.604,2.715],[-74.604,2.748],[-74.605,2.767],[-74.609,2.779],[-74.629,2.793],[-74.647,2.801],[-74.667,2.819],[-74.693,2.833],[-74.723,2.844],[-74.746,2.86],[-74.765,2.873],[-74.814,2.898],[-74.828,2.899],[-74.845,2.906],[-74.859,2.911],[-74.874,2.917],[-74.887,2.924],[-74.896,2.932],[-74.916,2.941],[-74.921,2.944],[-74.91,2.97],[-74.902,2.986],[-74.879,3.005],[-74.868,3.02],[-74.861,3.028],[-74.854,3.036],[-74.849,3.046],[-74.846,3.056],[-74.843,3.058],[-74.827,3.068],[-74.817,3.072],[-74.807,3.082],[-74.793,3.086],[-74.782,3.091],[-74.766,3.098],[-74.752,3.103],[-74.729,3.115],[-74.724,3.138],[-74.719,3.151],[-74.715,3.172],[-74.71,3.187],[-74.695,3.203],[-74.682,3.216],[-74.676,3.22],[-74.671,3.226],[-74.66,3.24],[-74.647,3.254],[-74.636,3.274],[-74.631,3.29],[-74.623,3.314],[-74.623,3.332],[-74.622,3.347],[-74.62,3.356],[-74.619,3.371],[-74.62,3.401],[-74.622,3.43],[-74.622,3.449],[-74.617,3.477],[-74.609,3.491],[-74.602,3.499],[-74.596,3.509],[-74.582,3.523],[-74.571,3.539],[-74.56,3.56],[-74.553,3.577],[-74.545,3.592],[-74.537,3.609],[-74.527,3.627],[-74.521,3.637],[-74.52,3.65],[-74.519,3.658],[-74.517,3.666],[-74.51,3.662],[-74.498,3.655],[-74.481,3.656],[-74.45,3.665],[-74.438,3.676],[-74.432,3.691],[-74.426,3.712],[-74.417,3.727],[-74.406,3.739],[-74.394,3.746],[-74.389,3.755],[-74.384,3.764],[-74.365,3.779],[-74.34,3.805],[-74.33,3.82],[-74.325,3.838],[-74.326,3.852],[-74.327,3.868],[-74.317,3.88],[-74.303,3.891],[-74.286,3.906],[-74.276,3.917],[-74.26,3.939],[-74.251,3.961],[-74.242,3.979],[-74.239,3.986],[-74.229,3.991],[-74.22,3.999],[-74.216,4.003],[-74.198,4.006],[-74.175,4.006],[-74.145,4.015],[-74.114,4.021],[-74.09,4.037],[-74.085,4.04],[-74.071,4.054],[-74.06,4.066],[-74.052,4.079],[-74.039,4.089],[-74.008,4.095],[-73.991,4.095],[-73.978,4.096],[-73.972,4.095],[-73.955,4.096],[-73.929,4.1],[-73.912,4.11],[-73.889,4.126],[-73.863,4.137],[-73.837,4.15],[-73.81,4.167],[-73.776,4.188],[-73.771,4.193],[-73.764,4.2],[-73.766,4.214],[-73.768,4.221],[-73.781,4.232],[-73.791,4.249],[-73.794,4.265],[-73.796,4.273],[-73.801,4.288],[-73.8,4.306],[-73.802,4.316],[-73.805,4.325],[-73.807,4.342],[-73.811,4.353],[-73.82,4.36],[-73.829,4.366],[-73.835,4.376],[-73.835,4.381],[-73.83,4.394],[-73.826,4.407],[-73.823,4.416],[-73.812,4.43],[-73.796,4.448],[-73.775,4.465],[-73.756,4.487],[-73.724,4.505],[-73.71,4.503],[-73.701,4.493],[-73.697,4.486],[-73.694,4.478],[-73.692,4.473],[-73.683,4.467],[-73.668,4.475],[-73.666,4.47],[-73.657,4.465],[-73.646,4.461],[-73.636,4.456],[-73.624,4.46],[-73.621,4.457],[-73.614,4.452],[-73.612,4.451],[-73.604,4.446],[-73.603,4.44],[-73.603,4.435],[-73.604,4.427],[-73.61,4.413],[-73.612,4.41],[-73.614,4.407],[-73.61,4.397],[-73.609,4.386],[-73.608,4.378],[-73.602,4.368],[-73.595,4.36],[-73.589,4.348],[-73.582,4.337],[-73.578,4.331],[-73.574,4.317],[-73.571,4.3],[-73.574,4.285],[-73.561,4.27],[-73.552,4.264],[-73.541,4.265],[-73.521,4.259],[-73.473,4.262],[-73.455,4.265],[-73.44,4.274],[-73.416,4.285],[-73.388,4.278],[-73.363,4.271],[-73.329,4.261],[-73.29,4.255],[-73.252,4.249],[-73.206,4.223],[-73.182,4.205],[-73.159,4.198],[-73.146,4.191],[-73.138,4.221],[-73.11,4.437],[-73.072,4.666],[-73.046,4.635],[-73.037,4.619],[-73.024,4.597],[-73.003,4.563],[-72.981,4.535],[-72.952,4.499],[-72.933,4.475],[-72.918,4.459],[-72.895,4.439],[-72.877,4.418],[-72.871,4.41],[-72.871,4.406],[-72.87,4.398],[-72.859,4.399],[-72.849,4.396],[-72.849,4.384],[-72.85,4.373],[-72.847,4.371],[-72.826,4.371],[-72.813,4.365],[-72.821,4.357],[-72.824,4.348],[-72.817,4.342],[-72.808,4.331],[-72.814,4.323],[-72.809,4.317],[-72.802,4.314],[-72.792,4.313],[-72.781,4.305],[-72.773,4.294],[-72.772,4.288],[-72.77,4.28],[-72.768,4.266],[-72.757,4.262],[-72.747,4.253],[-72.731,4.247],[-72.725,4.247],[-72.721,4.26],[-72.715,4.266],[-72.711,4.27],[-72.701,4.271],[-72.686,4.274],[-72.671,4.274],[-72.655,4.275],[-72.646,4.279],[-72.636,4.283],[-72.622,4.276],[-72.609,4.272],[-72.595,4.272],[-72.563,4.315],[-72.553,4.315],[-72.538,4.311],[-72.522,4.308],[-72.507,4.299],[-72.493,4.287],[-72.483,4.287],[-72.471,4.302],[-72.465,4.309],[-72.448,4.31],[-72.438,4.307],[-72.432,4.304],[-72.417,4.299],[-72.401,4.302],[-72.387,4.311],[-72.367,4.332],[-72.358,4.34],[-72.332,4.359],[-72.297,4.374],[-72.283,4.382],[-72.272,4.387],[-72.262,4.39],[-72.227,4.39],[-72.205,4.395],[-72.184,4.397],[-72.162,4.398],[-72.138,4.398],[-72.124,4.401],[-72.101,4.399],[-72.092,4.388],[-72.089,4.38],[-72.087,4.373],[-72.082,4.361],[-72.071,4.347],[-72.062,4.346],[-72.046,4.346],[-72.028,4.36],[-72.009,4.359],[-71.997,4.363],[-71.984,4.367],[-71.973,4.376],[-71.959,4.385],[-71.951,4.401],[-71.941,4.418],[-71.931,4.429],[-71.911,4.442],[-71.892,4.463],[-71.876,4.481],[-71.863,4.493],[-71.854,4.504],[-71.843,4.516],[-71.828,4.524],[-71.813,4.533],[-71.789,4.541],[-71.778,4.544],[-71.769,4.545],[-71.762,4.547],[-71.756,4.548],[-71.742,4.552],[-71.724,4.557],[-71.707,4.565],[-71.678,4.583],[-71.641,4.594],[-71.629,4.601],[-71.62,4.608],[-71.594,4.622],[-71.586,4.632],[-71.582,4.638],[-71.574,4.648],[-71.555,4.654],[-71.527,4.665],[-71.509,4.675],[-71.486,4.681],[-71.456,4.688],[-71.429,4.698],[-71.395,4.714],[-71.376,4.725],[-71.357,4.735],[-71.338,4.742],[-71.318,4.751],[-71.268,4.766],[-71.249,4.778],[-71.229,4.786],[-71.195,4.797],[-71.187,4.801],[-71.156,4.817],[-71.141,4.827],[-71.127,4.837],[-71.113,4.845],[-71.1,4.85],[-71.088,4.856],[-71.085,4.86],[-71.075,4.672],[-71.08,4.445]]]}},{"type":"Feature","properties":{"n":"NARI\u00d1O"},"geometry":{"type":"Polygon","coordinates":[[[-77.984,2.577],[-77.978,2.564],[-77.97,2.55],[-77.954,2.537],[-77.94,2.521],[-77.926,2.5],[-77.911,2.488],[-77.898,2.466],[-77.882,2.449],[-77.868,2.43],[-77.843,2.404],[-77.837,2.393],[-77.807,2.357],[-77.792,2.342],[-77.775,2.322],[-77.775,2.302],[-77.775,2.291],[-77.769,2.274],[-77.757,2.26],[-77.749,2.253],[-77.728,2.241],[-77.695,2.22],[-77.678,2.209],[-77.657,2.197],[-77.643,2.19],[-77.63,2.188],[-77.619,2.188],[-77.597,2.188],[-77.578,2.188],[-77.559,2.189],[-77.532,2.19],[-77.506,2.193],[-77.491,2.198],[-77.472,2.199],[-77.461,2.204],[-77.454,2.207],[-77.444,2.213],[-77.429,2.213],[-77.418,2.214],[-77.409,2.213],[-77.407,2.213],[-77.4,2.212],[-77.398,2.209],[-77.389,2.195],[-77.382,2.184],[-77.383,2.175],[-77.381,2.165],[-77.38,2.16],[-77.373,2.139],[-77.372,2.119],[-77.368,2.108],[-77.367,2.1],[-77.364,2.09],[-77.357,2.084],[-77.341,2.085],[-77.334,2.088],[-77.331,2.095],[-77.328,2.103],[-77.323,2.109],[-77.312,2.109],[-77.304,2.109],[-77.292,2.086],[-77.29,2.066],[-77.29,2.047],[-77.289,2.037],[-77.29,2.021],[-77.287,2.009],[-77.277,1.995],[-77.267,1.986],[-77.247,1.967],[-77.244,1.964],[-77.241,1.961],[-77.239,1.954],[-77.24,1.949],[-77.241,1.937],[-77.243,1.924],[-77.255,1.916],[-77.261,1.911],[-77.267,1.9],[-77.276,1.883],[-77.282,1.878],[-77.293,1.874],[-77.305,1.862],[-77.31,1.855],[-77.312,1.848],[-77.316,1.835],[-77.327,1.821],[-77.329,1.813],[-77.328,1.797],[-77.323,1.783],[-77.323,1.761],[-77.325,1.749],[-77.33,1.738],[-77.338,1.722],[-77.343,1.717],[-77.347,1.711],[-77.348,1.709],[-77.362,1.694],[-77.365,1.692],[-77.364,1.684],[-77.353,1.674],[-77.336,1.674],[-77.326,1.672],[-77.317,1.671],[-77.306,1.666],[-77.299,1.665],[-77.291,1.671],[-77.283,1.671],[-77.277,1.672],[-77.267,1.661],[-77.252,1.661],[-77.24,1.669],[-77.238,1.671],[-77.229,1.671],[-77.211,1.671],[-77.199,1.673],[-77.188,1.679],[-77.181,1.679],[-77.17,1.68],[-77.165,1.68],[-77.154,1.679],[-77.143,1.678],[-77.134,1.677],[-77.125,1.676],[-77.121,1.675],[-77.107,1.682],[-77.098,1.686],[-77.065,1.689],[-77.074,1.699],[-77.068,1.704],[-77.064,1.709],[-77.061,1.712],[-77.053,1.712],[-77.047,1.716],[-77.036,1.714],[-77.019,1.702],[-77.009,1.698],[-76.989,1.684],[-76.966,1.664],[-76.955,1.658],[-76.944,1.651],[-76.928,1.643],[-76.915,1.633],[-76.911,1.631],[-76.895,1.623],[-76.88,1.613],[-76.865,1.607],[-76.853,1.601],[-76.837,1.597],[-76.832,1.588],[-76.826,1.581],[-76.82,1.569],[-76.817,1.556],[-76.816,1.546],[-76.82,1.518],[-76.828,1.503],[-76.834,1.49],[-76.837,1.48],[-76.847,1.464],[-76.858,1.447],[-76.863,1.44],[-76.866,1.425],[-76.861,1.416],[-76.851,1.403],[-76.839,1.383],[-76.836,1.37],[-76.834,1.358],[-76.834,1.339],[-76.839,1.329],[-76.852,1.312],[-76.859,1.307],[-76.862,1.303],[-76.865,1.304],[-76.891,1.284],[-76.895,1.284],[-76.924,1.268],[-76.952,1.253],[-76.965,1.243],[-76.99,1.238],[-77.002,1.235],[-77.009,1.232],[-77.015,1.232],[-77.035,1.224],[-77.054,1.217],[-77.076,1.211],[-77.096,1.206],[-77.099,1.204],[-77.104,1.201],[-77.114,1.186],[-77.116,1.173],[-77.115,1.162],[-77.115,1.156],[-77.112,1.133],[-77.113,1.098],[-77.112,1.083],[-77.107,1.057],[-77.101,1.033],[-77.101,1.019],[-77.102,0.988],[-77.094,0.958],[-77.104,0.965],[-77.099,0.947],[-77.098,0.925],[-77.09,0.901],[-77.079,0.883],[-77.062,0.867],[-77.063,0.851],[-77.067,0.834],[-77.064,0.805],[-77.057,0.778],[-77.049,0.749],[-77.044,0.73],[-77.038,0.704],[-77.037,0.679],[-77.034,0.67],[-77.031,0.661],[-77.036,0.659],[-77.059,0.651],[-77.072,0.647],[-77.087,0.646],[-77.091,0.642],[-77.106,0.639],[-77.115,0.636],[-77.124,0.634],[-77.144,0.635],[-77.159,0.629],[-77.16,0.624],[-77.153,0.613],[-77.147,0.605],[-77.138,0.595],[-77.134,0.582],[-77.141,0.567],[-77.147,0.555],[-77.151,0.53],[-77.142,0.511],[-77.13,0.496],[-77.125,0.481],[-77.116,0.46],[-77.108,0.447],[-77.107,0.44],[-77.113,0.426],[-77.114,0.417],[-77.11,0.405],[-77.106,0.391],[-77.11,0.376],[-77.113,0.371],[-77.115,0.366],[-77.114,0.359],[-77.121,0.358],[-77.124,0.359],[-77.131,0.359],[-77.141,0.359],[-77.16,0.359],[-77.18,0.358],[-77.197,0.352],[-77.202,0.349],[-77.217,0.341],[-77.238,0.337],[-77.258,0.339],[-77.281,0.343],[-77.312,0.354],[-77.333,0.365],[-77.359,0.375],[-77.386,0.369],[-77.393,0.368],[-77.402,0.361],[-77.408,0.354],[-77.419,0.353],[-77.431,0.352],[-77.435,0.352],[-77.448,0.359],[-77.455,0.368],[-77.461,0.385],[-77.467,0.398],[-77.48,0.422],[-77.495,0.438],[-77.503,0.453],[-77.511,0.467],[-77.523,0.489],[-77.528,0.511],[-77.531,0.536],[-77.528,0.552],[-77.519,0.584],[-77.52,0.591],[-77.531,0.601],[-77.537,0.606],[-77.545,0.62],[-77.548,0.626],[-77.561,0.628],[-77.574,0.636],[-77.596,0.641],[-77.628,0.655],[-77.655,0.665],[-77.674,0.681],[-77.699,0.708],[-77.703,0.72],[-77.703,0.734],[-77.698,0.745],[-77.694,0.757],[-77.689,0.77],[-77.682,0.784],[-77.679,0.798],[-77.68,0.806],[-77.685,0.815],[-77.691,0.825],[-77.694,0.827],[-77.701,0.83],[-77.708,0.837],[-77.712,0.837],[-77.721,0.838],[-77.737,0.837],[-77.741,0.836],[-77.75,0.831],[-77.769,0.831],[-77.794,0.827],[-77.805,0.823],[-77.808,0.822],[-77.812,0.82],[-77.823,0.815],[-77.827,0.813],[-77.854,0.806],[-77.882,0.794],[-77.901,0.789],[-77.919,0.786],[-77.939,0.786],[-77.963,0.789],[-77.991,0.794],[-78.021,0.807],[-78.047,0.824],[-78.063,0.836],[-78.09,0.853],[-78.101,0.864],[-78.123,0.88],[-78.147,0.894],[-78.165,0.902],[-78.18,0.914],[-78.202,0.935],[-78.205,0.938],[-78.209,0.943],[-78.215,0.948],[-78.23,0.952],[-78.245,0.963],[-78.254,0.971],[-78.264,0.985],[-78.274,0.995],[-78.283,1.002],[-78.294,1.013],[-78.299,1.019],[-78.313,1.024],[-78.325,1.028],[-78.348,1.031],[-78.371,1.034],[-78.387,1.036],[-78.406,1.048],[-78.413,1.059],[-78.421,1.072],[-78.421,1.079],[-78.424,1.083],[-78.442,1.098],[-78.451,1.109],[-78.464,1.117],[-78.476,1.131],[-78.485,1.145],[-78.5,1.159],[-78.51,1.169],[-78.523,1.178],[-78.547,1.184],[-78.564,1.186],[-78.571,1.192],[-78.576,1.192],[-78.582,1.19],[-78.588,1.189],[-78.597,1.19],[-78.615,1.191],[-78.638,1.197],[-78.648,1.207],[-78.669,1.231],[-78.69,1.266],[-78.705,1.263],[-78.72,1.266],[-78.731,1.287],[-78.744,1.299],[-78.759,1.327],[-78.793,1.356],[-78.81,1.368],[-78.838,1.389],[-78.863,1.417],[-78.887,1.437],[-78.905,1.452],[-78.915,1.464],[-78.914,1.467],[-78.912,1.488],[-78.934,1.493],[-78.946,1.488],[-78.957,1.484],[-78.96,1.492],[-78.965,1.51],[-78.969,1.518],[-78.993,1.537],[-79.01,1.549],[-79.026,1.564],[-79.047,1.581],[-79.06,1.59],[-79.071,1.606],[-79.072,1.612],[-79.069,1.621],[-79.071,1.636],[-79.073,1.644],[-79.066,1.654],[-79.044,1.679],[-79.03,1.696],[-79.021,1.707],[-79.003,1.723],[-78.987,1.745],[-78.968,1.767],[-78.945,1.792],[-78.938,1.81],[-78.923,1.827],[-78.916,1.828],[-78.906,1.82],[-78.876,1.823],[-78.861,1.819],[-78.847,1.819],[-78.823,1.814],[-78.818,1.812],[-78.794,1.81],[-78.769,1.8],[-78.716,1.8],[-78.669,1.794],[-78.659,1.785],[-78.629,1.787],[-78.62,1.789],[-78.609,1.796],[-78.603,1.813],[-78.605,1.828],[-78.606,1.83],[-78.611,1.833],[-78.604,1.847],[-78.611,1.858],[-78.611,1.863],[-78.609,1.87],[-78.606,1.883],[-78.599,1.891],[-78.601,1.895],[-78.601,1.904],[-78.604,1.912],[-78.609,1.919],[-78.618,1.918],[-78.642,1.921],[-78.639,1.937],[-78.639,1.955],[-78.638,1.985],[-78.64,1.998],[-78.655,2.027],[-78.669,2.036],[-78.692,2.032],[-78.706,2.028],[-78.718,2.025],[-78.724,2.036],[-78.724,2.045],[-78.714,2.089],[-78.714,2.117],[-78.712,2.137],[-78.712,2.146],[-78.702,2.144],[-78.692,2.137],[-78.673,2.138],[-78.655,2.144],[-78.634,2.149],[-78.62,2.152],[-78.617,2.167],[-78.618,2.179],[-78.612,2.191],[-78.607,2.206],[-78.608,2.223],[-78.618,2.226],[-78.628,2.224],[-78.635,2.222],[-78.646,2.23],[-78.648,2.254],[-78.656,2.284],[-78.667,2.313],[-78.672,2.328],[-78.67,2.345],[-78.665,2.361],[-78.66,2.368],[-78.649,2.392],[-78.629,2.422],[-78.62,2.43],[-78.622,2.439],[-78.622,2.449],[-78.621,2.459],[-78.611,2.475],[-78.607,2.482],[-78.594,2.487],[-78.583,2.494],[-78.569,2.503],[-78.558,2.51],[-78.525,2.527],[-78.51,2.545],[-78.498,2.56],[-78.485,2.58],[-78.464,2.593],[-78.447,2.582],[-78.447,2.564],[-78.441,2.549],[-78.43,2.538],[-78.418,2.525],[-78.411,2.505],[-78.403,2.489],[-78.38,2.458],[-78.382,2.469],[-78.387,2.479],[-78.389,2.484],[-78.391,2.495],[-78.388,2.507],[-78.382,2.524],[-78.382,2.547],[-78.383,2.554],[-78.374,2.565],[-78.365,2.581],[-78.351,2.584],[-78.344,2.571],[-78.344,2.56],[-78.345,2.549],[-78.334,2.552],[-78.328,2.567],[-78.318,2.582],[-78.295,2.599],[-78.284,2.609],[-78.274,2.623],[-78.271,2.638],[-78.269,2.648],[-78.264,2.659],[-78.248,2.666],[-78.223,2.678],[-78.202,2.679],[-78.182,2.678],[-78.176,2.663],[-78.165,2.64],[-78.161,2.627],[-78.16,2.615],[-78.15,2.606],[-78.148,2.591],[-78.148,2.58],[-78.146,2.565],[-78.137,2.566],[-78.127,2.579],[-78.109,2.59],[-78.094,2.607],[-78.085,2.622],[-78.077,2.632],[-78.057,2.656],[-78.05,2.672],[-78.04,2.68],[-78.039,2.678],[-78.029,2.669],[-78.025,2.666],[-78.027,2.66],[-78.019,2.635],[-78.015,2.625],[-78.002,2.61],[-77.993,2.594],[-77.984,2.577]]]}},{"type":"Feature","properties":{"n":"NORTE DE SANTANDER"},"geometry":{"type":"Polygon","coordinates":[[[-73.018,9.134],[-73.022,9.124],[-73.018,9.117],[-73.011,9.11],[-73.003,9.105],[-72.998,9.096],[-72.988,9.084],[-72.982,9.081],[-72.978,9.075],[-72.968,9.069],[-72.949,9.078],[-72.946,9.083],[-72.922,9.09],[-72.905,9.088],[-72.882,9.101],[-72.863,9.109],[-72.851,9.104],[-72.846,9.095],[-72.839,9.092],[-72.836,9.084],[-72.836,9.074],[-72.821,9.069],[-72.808,9.068],[-72.69,8.589],[-72.676,8.585],[-72.669,8.584],[-72.653,8.581],[-72.492,8.399],[-72.488,8.393],[-72.479,8.385],[-72.471,8.373],[-72.467,8.369],[-72.458,8.361],[-72.441,8.347],[-72.43,8.329],[-72.421,8.282],[-72.422,8.268],[-72.423,8.258],[-72.425,8.245],[-72.424,8.233],[-72.417,8.224],[-72.413,8.213],[-72.416,8.198],[-72.415,8.179],[-72.407,8.165],[-72.407,8.155],[-72.409,8.147],[-72.412,8.138],[-72.406,8.128],[-72.407,8.12],[-72.408,8.111],[-72.408,8.103],[-72.41,8.09],[-72.411,8.077],[-72.415,8.066],[-72.412,8.056],[-72.409,8.044],[-72.407,8.026],[-72.408,8.012],[-72.408,7.995],[-72.424,7.965],[-72.433,7.963],[-72.441,7.962],[-72.451,7.96],[-72.462,7.944],[-72.47,7.934],[-72.475,7.929],[-72.482,7.919],[-72.494,7.91],[-72.508,7.902],[-72.509,7.897],[-72.507,7.887],[-72.505,7.88],[-72.502,7.872],[-72.492,7.868],[-72.487,7.859],[-72.483,7.847],[-72.481,7.833],[-72.485,7.819],[-72.49,7.81],[-72.496,7.798],[-72.496,7.785],[-72.5,7.772],[-72.508,7.754],[-72.511,7.742],[-72.517,7.726],[-72.523,7.706],[-72.525,7.683],[-72.524,7.653],[-72.52,7.635],[-72.52,7.629],[-72.52,7.625],[-72.519,7.62],[-72.518,7.611],[-72.518,7.605],[-72.517,7.583],[-72.514,7.573],[-72.506,7.559],[-72.499,7.55],[-72.499,7.541],[-72.5,7.536],[-72.504,7.53],[-72.504,7.527],[-72.504,7.525],[-72.507,7.517],[-72.509,7.506],[-72.511,7.498],[-72.515,7.489],[-72.508,7.477],[-72.498,7.467],[-72.481,7.451],[-72.473,7.427],[-72.462,7.402],[-72.461,7.39],[-72.458,7.385],[-72.449,7.381],[-72.418,7.37],[-72.41,7.367],[-72.391,7.36],[-72.381,7.36],[-72.367,7.362],[-72.349,7.365],[-72.334,7.368],[-72.328,7.369],[-72.311,7.372],[-72.284,7.377],[-72.267,7.378],[-72.244,7.371],[-72.232,7.361],[-72.215,7.349],[-72.199,7.349],[-72.199,7.339],[-72.203,7.321],[-72.206,7.309],[-72.211,7.295],[-72.21,7.281],[-72.21,7.248],[-72.09,7.015],[-72.102,7.021],[-72.108,7.023],[-72.112,7.023],[-72.115,7.023],[-72.118,7.023],[-72.124,7.024],[-72.131,7.025],[-72.135,7.024],[-72.138,7.022],[-72.144,7.019],[-72.151,7.018],[-72.16,7.019],[-72.169,7.017],[-72.173,7.015],[-72.179,7.015],[-72.186,7.015],[-72.192,7.016],[-72.197,7.018],[-72.2,7.021],[-72.204,7.025],[-72.206,7.025],[-72.213,7.028],[-72.219,7.026],[-72.227,7.013],[-72.232,7.006],[-72.238,6.994],[-72.243,6.985],[-72.247,6.98],[-72.252,6.976],[-72.257,6.972],[-72.264,6.97],[-72.27,6.966],[-72.274,6.965],[-72.279,6.965],[-72.286,6.964],[-72.286,6.97],[-72.286,6.975],[-72.285,6.981],[-72.284,6.984],[-72.286,6.987],[-72.29,6.993],[-72.294,6.993],[-72.302,6.993],[-72.308,6.993],[-72.314,6.989],[-72.318,6.984],[-72.323,6.971],[-72.329,6.959],[-72.332,6.949],[-72.34,6.933],[-72.344,6.923],[-72.354,6.909],[-72.358,6.904],[-72.366,6.895],[-72.371,6.887],[-72.381,6.883],[-72.39,6.878],[-72.399,6.873],[-72.406,6.868],[-72.412,6.865],[-72.423,6.857],[-72.432,6.858],[-72.439,6.858],[-72.448,6.859],[-72.46,6.863],[-72.466,6.867],[-72.474,6.873],[-72.488,6.877],[-72.487,6.881],[-72.496,6.883],[-72.501,6.886],[-72.513,6.888],[-72.518,6.892],[-72.526,6.893],[-72.531,6.894],[-72.537,6.894],[-72.541,6.89],[-72.547,6.889],[-72.555,6.887],[-72.558,6.886],[-72.564,6.886],[-72.569,6.885],[-72.579,6.886],[-72.581,6.885],[-72.585,6.886],[-72.586,6.892],[-72.588,6.896],[-72.589,6.9],[-72.586,6.911],[-72.583,6.917],[-72.58,6.924],[-72.576,6.931],[-72.576,6.935],[-72.575,6.941],[-72.582,6.949],[-72.589,6.959],[-72.594,6.964],[-72.601,6.978],[-72.607,6.982],[-72.615,6.985],[-72.623,6.985],[-72.633,6.981],[-72.645,6.98],[-72.658,6.979],[-72.673,6.979],[-72.68,6.975],[-72.69,6.97],[-72.703,6.968],[-72.711,6.97],[-72.714,6.977],[-72.716,6.988],[-72.724,6.988],[-72.732,6.988],[-72.744,6.988],[-72.753,6.989],[-72.77,6.991],[-72.775,6.991],[-72.781,6.996],[-72.795,6.998],[-72.803,7.003],[-72.815,7.011],[-72.821,7.015],[-72.824,7.023],[-72.825,7.028],[-72.84,7.031],[-72.852,7.032],[-72.86,7.033],[-72.872,7.033],[-72.877,7.035],[-72.892,7.043],[-72.897,7.049],[-72.907,7.056],[-72.908,7.059],[-72.899,7.076],[-72.893,7.092],[-72.892,7.096],[-72.89,7.1],[-72.889,7.108],[-72.884,7.119],[-72.878,7.127],[-72.877,7.134],[-72.868,7.145],[-72.867,7.148],[-72.867,7.159],[-72.87,7.167],[-72.873,7.171],[-72.88,7.179],[-72.88,7.187],[-72.881,7.198],[-72.886,7.208],[-72.892,7.212],[-72.897,7.216],[-72.903,7.222],[-72.905,7.229],[-72.908,7.237],[-72.905,7.244],[-72.905,7.252],[-72.903,7.257],[-72.898,7.267],[-72.894,7.271],[-72.889,7.279],[-72.884,7.282],[-72.882,7.286],[-72.879,7.287],[-72.876,7.292],[-72.867,7.298],[-72.865,7.303],[-72.864,7.31],[-72.864,7.316],[-72.866,7.323],[-72.87,7.326],[-72.876,7.331],[-72.879,7.338],[-72.882,7.338],[-72.895,7.342],[-72.9,7.35],[-72.904,7.357],[-72.906,7.362],[-72.906,7.364],[-72.908,7.371],[-72.914,7.375],[-72.918,7.383],[-72.924,7.393],[-72.928,7.4],[-72.933,7.41],[-72.937,7.419],[-72.941,7.431],[-72.939,7.44],[-72.941,7.446],[-72.95,7.454],[-72.955,7.468],[-72.971,7.478],[-72.986,7.486],[-72.995,7.497],[-73.001,7.511],[-73.003,7.519],[-73.01,7.529],[-73.021,7.545],[-73.024,7.552],[-73.025,7.562],[-73.028,7.575],[-73.028,7.584],[-73.029,7.594],[-73.031,7.603],[-73.047,7.613],[-73.049,7.615],[-73.064,7.615],[-73.071,7.613],[-73.08,7.602],[-73.087,7.6],[-73.09,7.598],[-73.094,7.598],[-73.104,7.598],[-73.122,7.603],[-73.132,7.604],[-73.151,7.604],[-73.156,7.603],[-73.173,7.596],[-73.18,7.597],[-73.193,7.604],[-73.196,7.607],[-73.206,7.607],[-73.224,7.606],[-73.241,7.605],[-73.263,7.6],[-73.281,7.582],[-73.285,7.561],[-73.285,7.549],[-73.294,7.54],[-73.315,7.517],[-73.336,7.519],[-73.356,7.528],[-73.372,7.536],[-73.386,7.538],[-73.404,7.547],[-73.416,7.554],[-73.423,7.562],[-73.428,7.561],[-73.438,7.559],[-73.453,7.555],[-73.477,7.558],[-73.51,7.571],[-73.53,7.578],[-73.537,7.581],[-73.545,7.588],[-73.548,7.595],[-73.552,7.608],[-73.561,7.626],[-73.575,7.638],[-73.582,7.643],[-73.589,7.654],[-73.597,7.668],[-73.61,7.684],[-73.624,7.695],[-73.643,7.708],[-73.65,7.708],[-73.645,7.716],[-73.623,7.719],[-73.602,7.72],[-73.573,7.705],[-73.539,7.692],[-73.508,7.685],[-73.489,7.684],[-73.459,7.687],[-73.446,7.691],[-73.434,7.695],[-73.431,7.704],[-73.431,7.715],[-73.429,7.722],[-73.423,7.726],[-73.419,7.737],[-73.411,7.742],[-73.406,7.748],[-73.396,7.76],[-73.383,7.777],[-73.37,7.792],[-73.368,7.794],[-73.37,7.807],[-73.373,7.846],[-73.375,7.875],[-73.366,7.885],[-73.344,7.891],[-73.328,7.894],[-73.316,7.901],[-73.309,7.917],[-73.304,7.937],[-73.305,7.952],[-73.307,7.959],[-73.319,7.981],[-73.327,7.999],[-73.355,8.015],[-73.38,8.025],[-73.403,8.032],[-73.411,8.035],[-73.414,8.042],[-73.415,8.052],[-73.417,8.066],[-73.417,8.077],[-73.417,8.086],[-73.413,8.087],[-73.408,8.095],[-73.405,8.098],[-73.407,8.101],[-73.412,8.108],[-73.433,8.123],[-73.427,8.136],[-73.427,8.146],[-73.435,8.16],[-73.431,8.178],[-73.425,8.199],[-73.415,8.212],[-73.405,8.222],[-73.406,8.235],[-73.406,8.248],[-73.396,8.267],[-73.391,8.277],[-73.381,8.289],[-73.381,8.302],[-73.379,8.307],[-73.376,8.315],[-73.375,8.325],[-73.369,8.343],[-73.366,8.356],[-73.366,8.367],[-73.361,8.371],[-73.363,8.379],[-73.365,8.392],[-73.366,8.399],[-73.37,8.414],[-73.376,8.416],[-73.388,8.415],[-73.404,8.422],[-73.417,8.426],[-73.43,8.427],[-73.433,8.427],[-73.439,8.417],[-73.437,8.411],[-73.437,8.404],[-73.434,8.397],[-73.424,8.387],[-73.423,8.379],[-73.42,8.37],[-73.421,8.365],[-73.424,8.358],[-73.424,8.351],[-73.427,8.342],[-73.436,8.334],[-73.447,8.326],[-73.453,8.321],[-73.453,8.318],[-73.457,8.318],[-73.459,8.312],[-73.466,8.305],[-73.473,8.303],[-73.48,8.307],[-73.487,8.316],[-73.492,8.328],[-73.493,8.339],[-73.503,8.347],[-73.512,8.353],[-73.521,8.361],[-73.523,8.371],[-73.514,8.38],[-73.511,8.389],[-73.506,8.396],[-73.501,8.403],[-73.497,8.412],[-73.495,8.417],[-73.494,8.422],[-73.493,8.431],[-73.496,8.441],[-73.496,8.45],[-73.495,8.461],[-73.489,8.472],[-73.496,8.48],[-73.501,8.476],[-73.508,8.469],[-73.511,8.468],[-73.522,8.471],[-73.526,8.479],[-73.529,8.494],[-73.541,8.499],[-73.551,8.503],[-73.551,8.507],[-73.551,8.513],[-73.552,8.517],[-73.556,8.526],[-73.559,8.541],[-73.556,8.553],[-73.555,8.562],[-73.554,8.566],[-73.55,8.585],[-73.548,8.599],[-73.551,8.612],[-73.552,8.627],[-73.552,8.63],[-73.547,8.643],[-73.54,8.652],[-73.529,8.654],[-73.517,8.661],[-73.505,8.676],[-73.489,8.686],[-73.482,8.685],[-73.471,8.689],[-73.469,8.694],[-73.469,8.698],[-73.472,8.705],[-73.477,8.71],[-73.477,8.716],[-73.472,8.726],[-73.467,8.731],[-73.453,8.741],[-73.447,8.75],[-73.444,8.757],[-73.44,8.771],[-73.436,8.786],[-73.437,8.802],[-73.437,8.806],[-73.437,8.811],[-73.437,8.822],[-73.437,8.835],[-73.444,8.848],[-73.444,8.854],[-73.445,8.861],[-73.445,8.872],[-73.447,8.889],[-73.449,8.911],[-73.451,8.926],[-73.451,8.929],[-73.452,8.934],[-73.452,8.94],[-73.452,8.953],[-73.452,8.964],[-73.449,8.97],[-73.446,8.981],[-73.441,8.992],[-73.438,9.005],[-73.437,9.03],[-73.433,9.046],[-73.429,9.066],[-73.426,9.086],[-73.426,9.101],[-73.427,9.107],[-73.428,9.111],[-73.428,9.119],[-73.427,9.125],[-73.418,9.13],[-73.41,9.132],[-73.401,9.134],[-73.393,9.134],[-73.39,9.137],[-73.388,9.139],[-73.383,9.14],[-73.378,9.142],[-73.38,9.146],[-73.371,9.149],[-73.354,9.15],[-73.331,9.15],[-73.323,9.146],[-73.31,9.136],[-73.293,9.134],[-73.267,9.144],[-73.258,9.147],[-73.246,9.148],[-73.234,9.15],[-73.223,9.156],[-73.202,9.171],[-73.184,9.187],[-73.171,9.196],[-73.154,9.201],[-73.149,9.202],[-73.137,9.206],[-73.127,9.207],[-73.104,9.245],[-73.092,9.249],[-73.077,9.261],[-73.052,9.267],[-73.044,9.257],[-73.041,9.245],[-73.035,9.233],[-73.029,9.229],[-73.021,9.224],[-73.021,9.215],[-73.021,9.205],[-73.019,9.188],[-73.012,9.181],[-73.008,9.164],[-73.009,9.155],[-73.012,9.142],[-73.018,9.134]]]}},{"type":"Feature","properties":{"n":"QUINDIO"},"geometry":{"type":"Polygon","coordinates":[[[-75.672,4.695],[-75.662,4.694],[-75.647,4.694],[-75.636,4.693],[-75.628,4.692],[-75.618,4.69],[-75.613,4.689],[-75.609,4.688],[-75.595,4.688],[-75.586,4.688],[-75.579,4.688],[-75.56,4.684],[-75.554,4.679],[-75.545,4.674],[-75.534,4.673],[-75.517,4.67],[-75.502,4.67],[-75.487,4.673],[-75.478,4.676],[-75.463,4.68],[-75.447,4.689],[-75.436,4.696],[-75.425,4.703],[-75.42,4.703],[-75.408,4.695],[-75.41,4.687],[-75.409,4.679],[-75.404,4.677],[-75.396,4.672],[-75.388,4.671],[-75.38,4.665],[-75.374,4.653],[-75.375,4.648],[-75.373,4.645],[-75.383,4.639],[-75.394,4.628],[-75.409,4.619],[-75.42,4.613],[-75.425,4.608],[-75.436,4.599],[-75.443,4.595],[-75.447,4.593],[-75.457,4.586],[-75.477,4.571],[-75.488,4.573],[-75.497,4.565],[-75.515,4.558],[-75.518,4.554],[-75.531,4.545],[-75.537,4.536],[-75.55,4.518],[-75.56,4.508],[-75.565,4.497],[-75.572,4.486],[-75.579,4.465],[-75.591,4.45],[-75.598,4.436],[-75.608,4.42],[-75.608,4.414],[-75.608,4.404],[-75.612,4.396],[-75.617,4.38],[-75.624,4.363],[-75.624,4.35],[-75.628,4.333],[-75.628,4.314],[-75.632,4.312],[-75.634,4.312],[-75.63,4.304],[-75.641,4.28],[-75.649,4.268],[-75.655,4.254],[-75.663,4.245],[-75.663,4.242],[-75.663,4.241],[-75.671,4.226],[-75.683,4.198],[-75.7,4.175],[-75.709,4.159],[-75.715,4.147],[-75.72,4.143],[-75.732,4.143],[-75.741,4.138],[-75.751,4.136],[-75.759,4.136],[-75.771,4.142],[-75.78,4.15],[-75.785,4.156],[-75.79,4.169],[-75.795,4.185],[-75.803,4.198],[-75.804,4.208],[-75.807,4.223],[-75.807,4.232],[-75.811,4.243],[-75.816,4.255],[-75.817,4.26],[-75.827,4.278],[-75.826,4.285],[-75.826,4.295],[-75.826,4.304],[-75.826,4.311],[-75.827,4.32],[-75.827,4.325],[-75.826,4.328],[-75.826,4.335],[-75.825,4.341],[-75.824,4.352],[-75.824,4.353],[-75.824,4.357],[-75.824,4.359],[-75.824,4.365],[-75.826,4.371],[-75.827,4.373],[-75.829,4.378],[-75.836,4.391],[-75.84,4.395],[-75.845,4.401],[-75.848,4.405],[-75.852,4.41],[-75.856,4.414],[-75.858,4.417],[-75.86,4.419],[-75.865,4.425],[-75.866,4.431],[-75.869,4.439],[-75.872,4.452],[-75.873,4.458],[-75.874,4.462],[-75.876,4.47],[-75.876,4.479],[-75.875,4.489],[-75.875,4.494],[-75.871,4.501],[-75.871,4.509],[-75.871,4.517],[-75.872,4.523],[-75.877,4.53],[-75.88,4.538],[-75.884,4.547],[-75.886,4.553],[-75.889,4.557],[-75.89,4.564],[-75.894,4.573],[-75.896,4.576],[-75.9,4.582],[-75.902,4.589],[-75.902,4.592],[-75.901,4.597],[-75.899,4.602],[-75.898,4.605],[-75.897,4.614],[-75.895,4.616],[-75.889,4.62],[-75.882,4.621],[-75.88,4.623],[-75.871,4.622],[-75.861,4.623],[-75.853,4.623],[-75.842,4.622],[-75.835,4.622],[-75.821,4.625],[-75.81,4.626],[-75.801,4.625],[-75.79,4.625],[-75.782,4.626],[-75.773,4.627],[-75.763,4.628],[-75.761,4.629],[-75.756,4.628],[-75.751,4.629],[-75.744,4.63],[-75.74,4.639],[-75.74,4.646],[-75.74,4.657],[-75.74,4.668],[-75.742,4.671],[-75.744,4.679],[-75.746,4.685],[-75.747,4.692],[-75.746,4.7],[-75.746,4.703],[-75.746,4.709],[-75.712,4.703],[-75.698,4.699],[-75.688,4.695],[-75.672,4.695]]]}},{"type":"Feature","properties":{"n":"RISARALDA"},"geometry":{"type":"Polygon","coordinates":[[[-75.887,5.475],[-75.887,5.472],[-75.888,5.461],[-75.887,5.444],[-75.889,5.43],[-75.893,5.412],[-75.897,5.399],[-75.898,5.39],[-75.901,5.381],[-75.904,5.37],[-75.903,5.362],[-75.895,5.353],[-75.887,5.353],[-75.88,5.353],[-75.873,5.357],[-75.866,5.357],[-75.855,5.36],[-75.847,5.362],[-75.84,5.364],[-75.835,5.366],[-75.832,5.37],[-75.826,5.37],[-75.822,5.37],[-75.811,5.378],[-75.796,5.378],[-75.784,5.379],[-75.773,5.379],[-75.762,5.381],[-75.752,5.38],[-75.736,5.381],[-75.734,5.381],[-75.723,5.362],[-75.723,5.358],[-75.715,5.338],[-75.715,5.332],[-75.702,5.331],[-75.693,5.33],[-75.683,5.329],[-75.678,5.326],[-75.686,5.321],[-75.696,5.307],[-75.7,5.304],[-75.703,5.291],[-75.705,5.284],[-75.708,5.275],[-75.713,5.269],[-75.717,5.264],[-75.726,5.256],[-75.735,5.252],[-75.744,5.251],[-75.75,5.249],[-75.757,5.249],[-75.769,5.259],[-75.777,5.265],[-75.789,5.271],[-75.797,5.274],[-75.801,5.275],[-75.803,5.276],[-75.82,5.277],[-75.832,5.279],[-75.842,5.278],[-75.848,5.278],[-75.856,5.277],[-75.859,5.277],[-75.867,5.274],[-75.866,5.266],[-75.864,5.262],[-75.857,5.242],[-75.854,5.223],[-75.852,5.213],[-75.849,5.196],[-75.851,5.187],[-75.86,5.174],[-75.869,5.16],[-75.877,5.151],[-75.879,5.142],[-75.881,5.134],[-75.882,5.126],[-75.884,5.116],[-75.886,5.113],[-75.89,5.109],[-75.903,5.108],[-75.913,5.121],[-75.919,5.125],[-75.922,5.125],[-75.932,5.125],[-75.936,5.124],[-75.94,5.123],[-75.953,5.113],[-75.95,5.087],[-75.95,5.084],[-75.952,5.075],[-75.954,5.056],[-75.955,5.046],[-75.954,5.034],[-75.95,5.032],[-75.942,5.021],[-75.94,5.013],[-75.937,5.003],[-75.938,4.998],[-75.929,4.978],[-75.923,4.965],[-75.921,4.955],[-75.915,4.949],[-75.907,4.945],[-75.901,4.944],[-75.907,4.921],[-75.894,4.92],[-75.877,4.915],[-75.869,4.915],[-75.859,4.917],[-75.85,4.917],[-75.838,4.917],[-75.82,4.918],[-75.812,4.918],[-75.811,4.922],[-75.813,4.929],[-75.819,4.937],[-75.834,4.945],[-75.842,4.953],[-75.837,4.959],[-75.832,4.971],[-75.832,4.981],[-75.831,4.99],[-75.818,4.997],[-75.812,5.006],[-75.805,5.016],[-75.797,5.025],[-75.791,5.03],[-75.784,5.032],[-75.775,5.019],[-75.767,5.005],[-75.762,4.994],[-75.758,4.98],[-75.758,4.965],[-75.758,4.953],[-75.748,4.935],[-75.726,4.924],[-75.723,4.922],[-75.711,4.922],[-75.697,4.922],[-75.688,4.929],[-75.688,4.947],[-75.688,4.957],[-75.679,4.959],[-75.662,4.955],[-75.652,4.945],[-75.651,4.934],[-75.639,4.927],[-75.624,4.925],[-75.619,4.927],[-75.616,4.925],[-75.605,4.925],[-75.582,4.924],[-75.572,4.923],[-75.548,4.921],[-75.534,4.916],[-75.519,4.911],[-75.497,4.891],[-75.485,4.875],[-75.475,4.862],[-75.46,4.851],[-75.445,4.839],[-75.431,4.827],[-75.424,4.815],[-75.423,4.807],[-75.421,4.803],[-75.413,4.806],[-75.417,4.797],[-75.414,4.785],[-75.412,4.782],[-75.411,4.77],[-75.414,4.732],[-75.419,4.718],[-75.419,4.71],[-75.42,4.703],[-75.425,4.703],[-75.436,4.696],[-75.447,4.689],[-75.463,4.68],[-75.478,4.676],[-75.487,4.673],[-75.502,4.67],[-75.517,4.67],[-75.534,4.673],[-75.545,4.674],[-75.554,4.679],[-75.56,4.684],[-75.579,4.688],[-75.586,4.688],[-75.595,4.688],[-75.609,4.688],[-75.613,4.689],[-75.618,4.69],[-75.628,4.692],[-75.636,4.693],[-75.647,4.694],[-75.662,4.694],[-75.672,4.695],[-75.688,4.695],[-75.698,4.699],[-75.712,4.703],[-75.746,4.709],[-75.753,4.71],[-75.767,4.711],[-75.775,4.711],[-75.792,4.711],[-75.816,4.714],[-75.825,4.716],[-75.832,4.721],[-75.851,4.725],[-75.864,4.723],[-75.879,4.723],[-75.882,4.731],[-75.884,4.736],[-75.884,4.742],[-75.884,4.748],[-75.884,4.752],[-75.89,4.766],[-75.899,4.768],[-75.905,4.763],[-75.914,4.757],[-75.934,4.752],[-75.944,4.752],[-75.949,4.752],[-75.958,4.761],[-75.957,4.766],[-75.957,4.773],[-75.959,4.78],[-75.964,4.786],[-75.967,4.789],[-75.967,4.797],[-75.966,4.804],[-75.962,4.807],[-75.954,4.814],[-75.95,4.822],[-75.95,4.835],[-75.947,4.846],[-75.948,4.854],[-75.949,4.86],[-75.953,4.86],[-75.96,4.858],[-75.969,4.857],[-75.975,4.855],[-75.98,4.854],[-75.988,4.852],[-76.001,4.851],[-76.005,4.851],[-76.013,4.857],[-76.019,4.869],[-76.015,4.874],[-76.013,4.88],[-76.013,4.888],[-76.018,4.895],[-76.021,4.898],[-76.027,4.902],[-76.031,4.909],[-76.039,4.914],[-76.05,4.918],[-76.056,4.924],[-76.059,4.931],[-76.059,4.933],[-76.063,4.94],[-76.065,4.949],[-76.068,4.96],[-76.084,4.974],[-76.09,4.976],[-76.093,4.975],[-76.101,4.974],[-76.112,4.971],[-76.124,4.966],[-76.144,4.963],[-76.153,4.963],[-76.163,4.966],[-76.167,4.965],[-76.17,4.965],[-76.177,4.964],[-76.19,4.97],[-76.2,4.977],[-76.21,4.983],[-76.212,4.983],[-76.219,4.988],[-76.229,4.998],[-76.237,5.004],[-76.244,5.016],[-76.25,5.026],[-76.254,5.035],[-76.257,5.047],[-76.258,5.06],[-76.259,5.064],[-76.261,5.074],[-76.264,5.088],[-76.269,5.104],[-76.273,5.113],[-76.278,5.123],[-76.286,5.137],[-76.29,5.146],[-76.298,5.155],[-76.302,5.165],[-76.309,5.18],[-76.319,5.193],[-76.329,5.207],[-76.345,5.22],[-76.353,5.229],[-76.358,5.234],[-76.359,5.244],[-76.359,5.252],[-76.358,5.264],[-76.355,5.272],[-76.355,5.277],[-76.35,5.281],[-76.339,5.283],[-76.331,5.286],[-76.323,5.287],[-76.315,5.29],[-76.307,5.299],[-76.302,5.311],[-76.303,5.319],[-76.301,5.323],[-76.287,5.337],[-76.277,5.349],[-76.265,5.355],[-76.248,5.363],[-76.238,5.368],[-76.224,5.373],[-76.209,5.378],[-76.199,5.381],[-76.188,5.388],[-76.177,5.392],[-76.173,5.393],[-76.164,5.396],[-76.156,5.402],[-76.146,5.413],[-76.14,5.421],[-76.13,5.429],[-76.122,5.438],[-76.115,5.443],[-76.106,5.446],[-76.086,5.452],[-76.073,5.454],[-76.048,5.46],[-76.036,5.464],[-76.026,5.469],[-76.017,5.472],[-76.004,5.473],[-75.987,5.47],[-75.978,5.47],[-75.955,5.472],[-75.939,5.471],[-75.934,5.471],[-75.92,5.471],[-75.912,5.472],[-75.902,5.472],[-75.896,5.472],[-75.893,5.473],[-75.887,5.475]]]}},{"type":"Feature","properties":{"n":"SANTANDER"},"geometry":{"type":"Polygon","coordinates":[[[-73.8,8.115],[-73.796,8.113],[-73.788,8.117],[-73.788,8.108],[-73.796,8.084],[-73.801,8.071],[-73.796,8.066],[-73.786,8.055],[-73.776,8.044],[-73.772,8.033],[-73.769,8.027],[-73.766,8.014],[-73.759,8.006],[-73.756,7.997],[-73.755,7.981],[-73.758,7.965],[-73.751,7.952],[-73.739,7.948],[-73.734,7.947],[-73.721,7.933],[-73.708,7.924],[-73.705,7.913],[-73.707,7.898],[-73.718,7.878],[-73.731,7.865],[-73.732,7.856],[-73.737,7.84],[-73.756,7.82],[-73.765,7.808],[-73.769,7.795],[-73.763,7.783],[-73.761,7.771],[-73.77,7.761],[-73.779,7.747],[-73.779,7.731],[-73.779,7.722],[-73.653,7.709],[-73.65,7.708],[-73.643,7.708],[-73.624,7.695],[-73.61,7.684],[-73.597,7.668],[-73.589,7.654],[-73.582,7.643],[-73.575,7.638],[-73.561,7.626],[-73.552,7.608],[-73.548,7.595],[-73.545,7.588],[-73.537,7.581],[-73.53,7.578],[-73.51,7.571],[-73.477,7.558],[-73.453,7.555],[-73.438,7.559],[-73.428,7.561],[-73.423,7.562],[-73.416,7.554],[-73.404,7.547],[-73.386,7.538],[-73.372,7.536],[-73.356,7.528],[-73.336,7.519],[-73.315,7.517],[-73.294,7.54],[-73.285,7.549],[-73.285,7.561],[-73.281,7.582],[-73.263,7.6],[-73.241,7.605],[-73.224,7.606],[-73.206,7.607],[-73.196,7.607],[-73.193,7.604],[-73.18,7.597],[-73.173,7.596],[-73.156,7.603],[-73.151,7.604],[-73.132,7.604],[-73.122,7.603],[-73.104,7.598],[-73.094,7.598],[-73.09,7.598],[-73.087,7.6],[-73.08,7.602],[-73.071,7.613],[-73.064,7.615],[-73.049,7.615],[-73.047,7.613],[-73.031,7.603],[-73.029,7.594],[-73.028,7.584],[-73.028,7.575],[-73.025,7.562],[-73.024,7.552],[-73.021,7.545],[-73.01,7.529],[-73.003,7.519],[-73.001,7.511],[-72.995,7.497],[-72.986,7.486],[-72.971,7.478],[-72.955,7.468],[-72.95,7.454],[-72.941,7.446],[-72.939,7.44],[-72.941,7.431],[-72.937,7.419],[-72.933,7.41],[-72.928,7.4],[-72.924,7.393],[-72.918,7.383],[-72.914,7.375],[-72.908,7.371],[-72.906,7.364],[-72.906,7.362],[-72.904,7.357],[-72.9,7.35],[-72.895,7.342],[-72.882,7.338],[-72.879,7.338],[-72.876,7.331],[-72.87,7.326],[-72.866,7.323],[-72.864,7.316],[-72.864,7.31],[-72.865,7.303],[-72.867,7.298],[-72.876,7.292],[-72.879,7.287],[-72.882,7.286],[-72.884,7.282],[-72.889,7.279],[-72.894,7.271],[-72.898,7.267],[-72.903,7.257],[-72.905,7.252],[-72.905,7.244],[-72.908,7.237],[-72.905,7.229],[-72.903,7.222],[-72.897,7.216],[-72.892,7.212],[-72.886,7.208],[-72.881,7.198],[-72.88,7.187],[-72.88,7.179],[-72.873,7.171],[-72.87,7.167],[-72.867,7.159],[-72.867,7.148],[-72.868,7.145],[-72.877,7.134],[-72.878,7.127],[-72.884,7.119],[-72.889,7.108],[-72.89,7.1],[-72.892,7.096],[-72.893,7.092],[-72.899,7.076],[-72.908,7.059],[-72.907,7.056],[-72.897,7.049],[-72.892,7.043],[-72.877,7.035],[-72.872,7.033],[-72.86,7.033],[-72.852,7.032],[-72.84,7.031],[-72.825,7.028],[-72.824,7.023],[-72.821,7.015],[-72.815,7.011],[-72.803,7.003],[-72.795,6.998],[-72.781,6.996],[-72.775,6.991],[-72.77,6.991],[-72.753,6.989],[-72.744,6.988],[-72.732,6.988],[-72.724,6.988],[-72.716,6.988],[-72.714,6.977],[-72.711,6.97],[-72.703,6.968],[-72.69,6.97],[-72.68,6.975],[-72.673,6.979],[-72.658,6.979],[-72.645,6.98],[-72.633,6.981],[-72.623,6.985],[-72.615,6.985],[-72.607,6.982],[-72.601,6.978],[-72.594,6.964],[-72.589,6.959],[-72.582,6.949],[-72.575,6.941],[-72.576,6.935],[-72.576,6.931],[-72.58,6.924],[-72.583,6.917],[-72.586,6.911],[-72.589,6.9],[-72.588,6.896],[-72.586,6.892],[-72.585,6.886],[-72.581,6.885],[-72.579,6.886],[-72.569,6.885],[-72.564,6.886],[-72.558,6.886],[-72.555,6.887],[-72.547,6.889],[-72.541,6.89],[-72.537,6.894],[-72.531,6.894],[-72.535,6.872],[-72.526,6.854],[-72.525,6.846],[-72.525,6.831],[-72.524,6.821],[-72.52,6.799],[-72.516,6.781],[-72.518,6.764],[-72.517,6.749],[-72.519,6.739],[-72.522,6.727],[-72.523,6.718],[-72.523,6.715],[-72.523,6.695],[-72.525,6.683],[-72.528,6.671],[-72.524,6.653],[-72.523,6.642],[-72.526,6.621],[-72.527,6.611],[-72.54,6.598],[-72.555,6.587],[-72.562,6.574],[-72.561,6.572],[-72.562,6.57],[-72.567,6.562],[-72.57,6.551],[-72.572,6.539],[-72.571,6.523],[-72.566,6.504],[-72.565,6.492],[-72.564,6.482],[-72.565,6.473],[-72.568,6.47],[-72.576,6.472],[-72.58,6.465],[-72.583,6.465],[-72.589,6.465],[-72.594,6.464],[-72.598,6.457],[-72.603,6.454],[-72.609,6.45],[-72.616,6.445],[-72.62,6.438],[-72.625,6.434],[-72.629,6.43],[-72.633,6.427],[-72.639,6.423],[-72.643,6.419],[-72.651,6.416],[-72.655,6.415],[-72.661,6.414],[-72.664,6.413],[-72.673,6.414],[-72.681,6.413],[-72.685,6.413],[-72.691,6.417],[-72.695,6.425],[-72.697,6.428],[-72.699,6.433],[-72.701,6.439],[-72.703,6.44],[-72.705,6.441],[-72.707,6.444],[-72.71,6.446],[-72.712,6.449],[-72.715,6.451],[-72.718,6.451],[-72.727,6.465],[-72.727,6.475],[-72.731,6.484],[-72.734,6.492],[-72.738,6.501],[-72.743,6.51],[-72.749,6.522],[-72.757,6.527],[-72.764,6.531],[-72.802,6.567],[-72.807,6.562],[-72.812,6.555],[-72.817,6.548],[-72.821,6.545],[-72.833,6.545],[-72.839,6.537],[-72.828,6.511],[-72.813,6.495],[-72.793,6.472],[-72.786,6.463],[-72.778,6.457],[-72.771,6.446],[-72.766,6.439],[-72.758,6.429],[-72.757,6.423],[-72.757,6.41],[-72.76,6.399],[-72.761,6.392],[-72.763,6.385],[-72.762,6.379],[-72.763,6.37],[-72.764,6.366],[-72.764,6.364],[-72.769,6.343],[-72.774,6.325],[-72.782,6.31],[-72.787,6.292],[-72.784,6.278],[-72.784,6.265],[-72.788,6.244],[-72.789,6.231],[-72.794,6.219],[-72.812,6.199],[-72.826,6.19],[-72.833,6.185],[-72.84,6.176],[-72.845,6.168],[-72.855,6.156],[-72.867,6.149],[-72.875,6.143],[-72.882,6.139],[-72.89,6.128],[-72.897,6.118],[-72.905,6.113],[-72.907,6.11],[-72.911,6.102],[-72.913,6.102],[-72.918,6.101],[-72.92,6.099],[-72.927,6.083],[-72.932,6.079],[-72.938,6.068],[-72.943,6.063],[-72.947,6.058],[-72.954,6.053],[-72.96,6.046],[-72.966,6.045],[-72.972,6.04],[-72.975,6.038],[-72.98,6.033],[-72.984,6.024],[-72.988,6.016],[-72.993,6.01],[-72.997,6.001],[-73.0,5.996],[-73.002,5.992],[-73.003,5.988],[-73.013,5.975],[-73.018,5.973],[-73.029,5.968],[-73.036,5.965],[-73.041,5.962],[-73.043,5.958],[-73.048,5.954],[-73.052,5.953],[-73.061,5.954],[-73.067,5.953],[-73.089,5.951],[-73.097,5.953],[-73.113,5.956],[-73.117,5.956],[-73.126,5.958],[-73.133,5.958],[-73.144,5.957],[-73.151,5.956],[-73.156,5.957],[-73.165,5.959],[-73.169,5.959],[-73.176,5.962],[-73.178,5.964],[-73.181,5.965],[-73.189,5.969],[-73.203,5.965],[-73.207,5.965],[-73.21,5.967],[-73.215,5.97],[-73.224,5.975],[-73.232,5.978],[-73.237,5.977],[-73.242,5.97],[-73.249,5.953],[-73.251,5.941],[-73.256,5.932],[-73.26,5.92],[-73.263,5.914],[-73.266,5.902],[-73.269,5.896],[-73.275,5.893],[-73.287,5.886],[-73.294,5.869],[-73.297,5.861],[-73.302,5.851],[-73.308,5.847],[-73.318,5.845],[-73.324,5.841],[-73.334,5.838],[-73.349,5.838],[-73.359,5.835],[-73.369,5.834],[-73.375,5.834],[-73.388,5.824],[-73.391,5.819],[-73.393,5.815],[-73.395,5.809],[-73.395,5.795],[-73.396,5.79],[-73.397,5.785],[-73.409,5.772],[-73.418,5.756],[-73.421,5.754],[-73.424,5.745],[-73.43,5.74],[-73.438,5.745],[-73.447,5.752],[-73.448,5.755],[-73.45,5.762],[-73.452,5.768],[-73.453,5.771],[-73.456,5.778],[-73.462,5.789],[-73.463,5.79],[-73.47,5.792],[-73.476,5.797],[-73.479,5.801],[-73.482,5.808],[-73.486,5.815],[-73.49,5.822],[-73.493,5.826],[-73.496,5.833],[-73.497,5.838],[-73.498,5.845],[-73.482,5.842],[-73.471,5.854],[-73.468,5.86],[-73.467,5.864],[-73.468,5.867],[-73.465,5.868],[-73.462,5.871],[-73.451,5.876],[-73.447,5.886],[-73.441,5.895],[-73.437,5.904],[-73.43,5.913],[-73.424,5.928],[-73.412,5.946],[-73.409,5.953],[-73.404,5.96],[-73.403,5.969],[-73.409,5.985],[-73.416,5.995],[-73.42,6.002],[-73.425,6.011],[-73.431,6.017],[-73.432,6.021],[-73.432,6.025],[-73.437,6.041],[-73.441,6.045],[-73.451,6.051],[-73.455,6.052],[-73.464,6.057],[-73.477,6.065],[-73.485,6.068],[-73.496,6.07],[-73.501,6.073],[-73.505,6.078],[-73.508,6.085],[-73.513,6.09],[-73.517,6.09],[-73.526,6.09],[-73.533,6.094],[-73.539,6.083],[-73.549,6.069],[-73.551,6.064],[-73.555,6.056],[-73.557,6.051],[-73.561,6.046],[-73.566,6.03],[-73.574,6.019],[-73.579,6.009],[-73.584,6.006],[-73.591,6.0],[-73.598,5.997],[-73.604,5.99],[-73.605,5.986],[-73.611,5.974],[-73.617,5.969],[-73.622,5.962],[-73.626,5.956],[-73.63,5.946],[-73.63,5.935],[-73.629,5.927],[-73.63,5.919],[-73.63,5.912],[-73.635,5.905],[-73.636,5.898],[-73.638,5.895],[-73.634,5.884],[-73.628,5.867],[-73.625,5.86],[-73.625,5.84],[-73.632,5.835],[-73.636,5.821],[-73.637,5.81],[-73.64,5.802],[-73.641,5.787],[-73.64,5.778],[-73.638,5.763],[-73.636,5.753],[-73.637,5.744],[-73.646,5.735],[-73.652,5.728],[-73.659,5.713],[-73.663,5.709],[-73.665,5.708],[-73.676,5.706],[-73.687,5.712],[-73.696,5.719],[-73.702,5.728],[-73.705,5.736],[-73.712,5.745],[-73.716,5.752],[-73.723,5.756],[-73.735,5.757],[-73.745,5.759],[-73.758,5.759],[-73.767,5.761],[-73.776,5.761],[-73.781,5.759],[-73.795,5.752],[-73.808,5.746],[-73.822,5.736],[-73.829,5.735],[-73.842,5.735],[-73.853,5.737],[-73.868,5.733],[-73.882,5.73],[-73.887,5.721],[-73.892,5.715],[-73.894,5.709],[-73.903,5.706],[-73.908,5.707],[-73.907,5.713],[-73.914,5.721],[-73.955,5.721],[-73.976,5.721],[-73.988,5.722],[-73.998,5.722],[-74.006,5.725],[-74.01,5.728],[-74.01,5.735],[-74.01,5.749],[-74.02,5.757],[-74.027,5.763],[-74.027,5.769],[-74.027,5.778],[-74.04,5.79],[-74.061,5.794],[-74.078,5.795],[-74.097,5.796],[-74.107,5.799],[-74.112,5.811],[-74.111,5.823],[-74.111,5.832],[-74.119,5.84],[-74.127,5.846],[-74.135,5.852],[-74.154,5.856],[-74.166,5.858],[-74.176,5.86],[-74.185,5.869],[-74.194,5.877],[-74.203,5.881],[-74.202,5.876],[-74.214,5.866],[-74.215,5.859],[-74.224,5.848],[-74.229,5.844],[-74.234,5.84],[-74.24,5.838],[-74.248,5.836],[-74.251,5.836],[-74.252,5.838],[-74.255,5.842],[-74.256,5.843],[-74.259,5.853],[-74.26,5.859],[-74.261,5.871],[-74.263,5.884],[-74.264,5.891],[-74.265,5.894],[-74.264,5.896],[-74.262,5.905],[-74.259,5.916],[-74.261,5.921],[-74.273,5.925],[-74.288,5.933],[-74.291,5.942],[-74.292,5.954],[-74.292,5.964],[-74.29,5.972],[-74.288,5.98],[-74.287,5.991],[-74.29,6.0],[-74.29,6.011],[-74.29,6.024],[-74.29,6.039],[-74.292,6.05],[-74.305,6.061],[-74.321,6.058],[-74.336,6.049],[-74.342,6.039],[-74.352,6.03],[-74.367,6.026],[-74.389,6.022],[-74.399,6.023],[-74.414,6.026],[-74.421,6.032],[-74.424,6.042],[-74.43,6.046],[-74.441,6.047],[-74.455,6.05],[-74.464,6.057],[-74.476,6.069],[-74.479,6.076],[-74.481,6.09],[-74.481,6.101],[-74.481,6.113],[-74.485,6.12],[-74.49,6.126],[-74.496,6.135],[-74.505,6.161],[-74.505,6.175],[-74.505,6.183],[-74.506,6.192],[-74.514,6.2],[-74.528,6.209],[-74.538,6.22],[-74.546,6.234],[-74.55,6.244],[-74.552,6.247],[-74.544,6.249],[-74.532,6.264],[-74.531,6.266],[-74.524,6.272],[-74.516,6.279],[-74.5,6.3],[-74.485,6.312],[-74.475,6.327],[-74.461,6.347],[-74.448,6.367],[-74.438,6.369],[-74.423,6.371],[-74.399,6.377],[-74.395,6.387],[-74.396,6.393],[-74.41,6.405],[-74.418,6.423],[-74.418,6.432],[-74.424,6.454],[-74.431,6.466],[-74.432,6.483],[-74.432,6.497],[-74.434,6.51],[-74.444,6.531],[-74.441,6.538],[-74.438,6.542],[-74.432,6.551],[-74.422,6.564],[-74.418,6.576],[-74.406,6.589],[-74.392,6.603],[-74.378,6.609],[-74.355,6.609],[-74.344,6.613],[-74.335,6.618],[-74.312,6.634],[-74.301,6.645],[-74.289,6.648],[-74.278,6.668],[-74.256,6.689],[-74.241,6.698],[-74.226,6.701],[-74.2,6.712],[-74.185,6.723],[-74.172,6.735],[-74.155,6.749],[-74.146,6.757],[-74.143,6.767],[-74.136,6.786],[-74.129,6.802],[-74.113,6.824],[-74.085,6.848],[-74.076,6.855],[-74.053,6.872],[-74.021,6.898],[-74.009,6.908],[-73.972,6.919],[-73.953,6.929],[-73.926,6.957],[-73.904,6.978],[-73.896,6.992],[-73.896,6.997],[-73.901,7.008],[-73.908,7.029],[-73.916,7.038],[-73.928,7.058],[-73.94,7.084],[-73.938,7.106],[-73.937,7.125],[-73.946,7.155],[-73.951,7.173],[-73.952,7.178],[-73.955,7.21],[-73.956,7.243],[-73.954,7.264],[-73.959,7.275],[-73.953,7.287],[-73.953,7.298],[-73.942,7.313],[-73.938,7.345],[-73.927,7.381],[-73.926,7.393],[-73.928,7.429],[-73.933,7.439],[-73.936,7.459],[-73.934,7.471],[-73.914,7.489],[-73.895,7.507],[-73.89,7.518],[-73.888,7.522],[-73.869,7.558],[-73.857,7.581],[-73.857,7.593],[-73.854,7.599],[-73.844,7.618],[-73.841,7.652],[-73.841,7.669],[-73.837,7.68],[-73.837,7.693],[-73.837,7.716],[-73.829,7.726],[-73.825,7.744],[-73.825,7.76],[-73.834,7.773],[-73.841,7.796],[-73.846,7.819],[-73.846,7.838],[-73.848,7.864],[-73.855,7.886],[-73.864,7.908],[-73.866,7.922],[-73.876,7.951],[-73.89,7.976],[-73.893,7.997],[-73.893,8.014],[-73.892,8.028],[-73.889,8.037],[-73.889,8.049],[-73.888,8.057],[-73.884,8.063],[-73.877,8.069],[-73.865,8.079],[-73.848,8.089],[-73.835,8.098],[-73.823,8.113],[-73.819,8.121],[-73.808,8.118],[-73.8,8.115]]]}},{"type":"Feature","properties":{"n":"SUCRE"},"geometry":{"type":"Polygon","coordinates":[[[-75.483,9.885],[-75.479,9.878],[-75.464,9.88],[-75.45,9.885],[-75.438,9.887],[-75.424,9.881],[-75.397,9.872],[-75.368,9.868],[-75.353,9.865],[-75.345,9.864],[-75.338,9.854],[-75.336,9.839],[-75.34,9.819],[-75.34,9.785],[-75.341,9.769],[-75.348,9.756],[-75.354,9.742],[-75.356,9.726],[-75.364,9.716],[-75.378,9.701],[-75.388,9.688],[-75.392,9.666],[-75.391,9.652],[-75.387,9.63],[-75.382,9.623],[-75.378,9.619],[-75.369,9.62],[-75.361,9.628],[-75.363,9.638],[-75.364,9.653],[-75.364,9.664],[-75.357,9.667],[-75.353,9.669],[-75.342,9.672],[-75.329,9.676],[-75.32,9.678],[-75.299,9.678],[-75.267,9.676],[-75.252,9.676],[-75.227,9.669],[-75.197,9.657],[-75.188,9.645],[-75.17,9.623],[-75.161,9.61],[-75.151,9.603],[-75.141,9.594],[-75.13,9.583],[-75.121,9.574],[-75.105,9.567],[-75.08,9.56],[-75.066,9.556],[-75.043,9.548],[-75.033,9.543],[-75.024,9.534],[-75.017,9.527],[-75.009,9.52],[-75.002,9.513],[-74.993,9.501],[-74.99,9.492],[-74.981,9.48],[-74.977,9.473],[-74.973,9.463],[-74.969,9.455],[-74.966,9.444],[-74.959,9.435],[-74.957,9.433],[-74.948,9.43],[-74.94,9.423],[-74.936,9.416],[-74.93,9.41],[-74.934,9.399],[-74.934,9.377],[-74.933,9.348],[-74.932,9.331],[-74.928,9.299],[-74.928,9.282],[-74.927,9.268],[-74.925,9.245],[-74.921,9.232],[-74.918,9.219],[-74.917,9.212],[-74.914,9.201],[-74.911,9.202],[-74.906,9.193],[-74.902,9.183],[-74.902,9.174],[-74.897,9.168],[-74.885,9.148],[-74.869,9.12],[-74.852,9.104],[-74.85,9.102],[-74.847,9.09],[-74.843,9.072],[-74.828,9.061],[-74.816,9.052],[-74.812,9.043],[-74.802,9.033],[-74.799,9.029],[-74.781,9.019],[-74.757,9.015],[-74.74,9.012],[-74.716,8.999],[-74.696,8.987],[-74.674,8.966],[-74.655,8.936],[-74.625,8.895],[-74.616,8.876],[-74.602,8.862],[-74.591,8.84],[-74.584,8.824],[-74.581,8.811],[-74.58,8.79],[-74.579,8.788],[-74.575,8.771],[-74.58,8.755],[-74.597,8.736],[-74.614,8.731],[-74.62,8.729],[-74.624,8.724],[-74.625,8.719],[-74.626,8.702],[-74.619,8.679],[-74.617,8.661],[-74.616,8.646],[-74.611,8.629],[-74.607,8.612],[-74.605,8.588],[-74.605,8.574],[-74.6,8.565],[-74.591,8.552],[-74.594,8.542],[-74.596,8.527],[-74.589,8.512],[-74.58,8.501],[-74.571,8.493],[-74.567,8.484],[-74.569,8.474],[-74.569,8.466],[-74.561,8.449],[-74.559,8.432],[-74.559,8.417],[-74.567,8.409],[-74.572,8.399],[-74.577,8.39],[-74.578,8.381],[-74.578,8.372],[-74.578,8.371],[-74.588,8.362],[-74.593,8.362],[-74.597,8.362],[-74.604,8.362],[-74.609,8.368],[-74.621,8.371],[-74.623,8.368],[-74.629,8.33],[-74.631,8.315],[-74.641,8.313],[-74.651,8.309],[-74.656,8.298],[-74.664,8.291],[-74.676,8.28],[-74.684,8.283],[-74.7,8.287],[-74.713,8.287],[-74.733,8.276],[-74.751,8.265],[-74.754,8.259],[-74.769,8.255],[-74.773,8.25],[-74.776,8.26],[-74.777,8.265],[-74.784,8.275],[-74.791,8.276],[-74.8,8.291],[-74.803,8.311],[-74.802,8.325],[-74.805,8.333],[-74.809,8.343],[-74.803,8.356],[-74.808,8.366],[-74.817,8.379],[-74.827,8.384],[-74.83,8.385],[-74.85,8.395],[-74.866,8.397],[-74.876,8.402],[-74.882,8.422],[-74.89,8.431],[-74.901,8.445],[-74.91,8.444],[-74.923,8.444],[-74.928,8.444],[-74.936,8.451],[-74.948,8.454],[-74.962,8.46],[-74.984,8.46],[-74.989,8.459],[-75.0,8.46],[-75.011,8.461],[-75.021,8.465],[-75.031,8.469],[-75.044,8.476],[-75.05,8.473],[-75.049,8.462],[-75.049,8.451],[-75.055,8.452],[-75.065,8.439],[-75.079,8.433],[-75.087,8.431],[-75.093,8.422],[-75.107,8.411],[-75.115,8.406],[-75.121,8.396],[-75.138,8.383],[-75.158,8.381],[-75.177,8.385],[-75.189,8.385],[-75.189,8.392],[-75.195,8.404],[-75.204,8.408],[-75.217,8.41],[-75.217,8.425],[-75.215,8.436],[-75.203,8.451],[-75.198,8.467],[-75.21,8.485],[-75.219,8.488],[-75.236,8.487],[-75.259,8.485],[-75.286,8.483],[-75.302,8.484],[-75.315,8.486],[-75.326,8.501],[-75.326,8.514],[-75.333,8.523],[-75.331,8.542],[-75.323,8.547],[-75.323,8.559],[-75.329,8.567],[-75.328,8.574],[-75.328,8.58],[-75.331,8.593],[-75.335,8.602],[-75.335,8.62],[-75.342,8.638],[-75.348,8.659],[-75.348,8.679],[-75.364,8.711],[-75.368,8.72],[-75.359,8.734],[-75.349,8.742],[-75.342,8.743],[-75.343,8.752],[-75.361,8.767],[-75.373,8.778],[-75.384,8.792],[-75.39,8.803],[-75.4,8.815],[-75.404,8.823],[-75.401,8.837],[-75.387,8.834],[-75.368,8.835],[-75.346,8.846],[-75.326,8.86],[-75.316,8.861],[-75.3,8.865],[-75.288,8.866],[-75.272,8.869],[-75.264,8.869],[-75.259,8.864],[-75.256,8.859],[-75.243,8.861],[-75.237,8.861],[-75.227,8.863],[-75.21,8.865],[-75.21,8.878],[-75.212,8.893],[-75.21,8.899],[-75.206,8.913],[-75.206,8.92],[-75.209,8.932],[-75.212,8.949],[-75.215,8.97],[-75.22,8.984],[-75.227,9.0],[-75.231,9.013],[-75.241,9.03],[-75.244,9.035],[-75.247,9.046],[-75.247,9.053],[-75.254,9.056],[-75.262,9.056],[-75.278,9.056],[-75.295,9.058],[-75.306,9.058],[-75.31,9.064],[-75.311,9.077],[-75.313,9.086],[-75.324,9.091],[-75.328,9.101],[-75.334,9.117],[-75.342,9.124],[-75.356,9.13],[-75.365,9.134],[-75.38,9.128],[-75.392,9.125],[-75.411,9.122],[-75.423,9.129],[-75.426,9.131],[-75.429,9.141],[-75.433,9.149],[-75.433,9.154],[-75.424,9.164],[-75.439,9.173],[-75.455,9.171],[-75.471,9.177],[-75.471,9.188],[-75.469,9.204],[-75.467,9.217],[-75.461,9.223],[-75.465,9.237],[-75.467,9.24],[-75.475,9.238],[-75.48,9.237],[-75.484,9.235],[-75.493,9.233],[-75.507,9.23],[-75.51,9.229],[-75.514,9.228],[-75.521,9.227],[-75.533,9.232],[-75.541,9.241],[-75.547,9.252],[-75.551,9.258],[-75.566,9.265],[-75.572,9.27],[-75.591,9.284],[-75.606,9.288],[-75.616,9.296],[-75.623,9.303],[-75.635,9.307],[-75.638,9.302],[-75.643,9.297],[-75.656,9.295],[-75.656,9.298],[-75.657,9.304],[-75.663,9.312],[-75.668,9.311],[-75.674,9.311],[-75.677,9.311],[-75.682,9.317],[-75.682,9.332],[-75.684,9.332],[-75.694,9.331],[-75.702,9.329],[-75.701,9.335],[-75.691,9.344],[-75.686,9.352],[-75.686,9.362],[-75.692,9.366],[-75.693,9.377],[-75.692,9.387],[-75.704,9.402],[-75.69,9.402],[-75.68,9.404],[-75.667,9.413],[-75.652,9.42],[-75.646,9.434],[-75.636,9.448],[-75.628,9.462],[-75.621,9.478],[-75.607,9.5],[-75.595,9.53],[-75.589,9.542],[-75.582,9.564],[-75.576,9.583],[-75.576,9.593],[-75.577,9.603],[-75.583,9.62],[-75.582,9.629],[-75.587,9.636],[-75.59,9.647],[-75.593,9.65],[-75.595,9.658],[-75.598,9.666],[-75.617,9.684],[-75.639,9.697],[-75.665,9.704],[-75.683,9.703],[-75.704,9.707],[-75.692,9.711],[-75.675,9.724],[-75.663,9.737],[-75.654,9.753],[-75.65,9.757],[-75.644,9.768],[-75.635,9.787],[-75.633,9.804],[-75.632,9.813],[-75.633,9.833],[-75.631,9.846],[-75.622,9.874],[-75.609,9.89],[-75.608,9.896],[-75.601,9.926],[-75.586,9.956],[-75.577,9.968],[-75.56,9.977],[-75.54,9.99],[-75.536,10.012],[-75.54,10.023],[-75.552,10.037],[-75.547,10.053],[-75.572,10.069],[-75.587,10.07],[-75.586,10.077],[-75.584,10.082],[-75.576,10.085],[-75.553,10.087],[-75.547,10.092],[-75.544,10.098],[-75.541,10.101],[-75.536,10.108],[-75.531,10.114],[-75.526,10.117],[-75.518,10.118],[-75.513,10.12],[-75.507,10.117],[-75.506,10.111],[-75.511,10.102],[-75.517,10.09],[-75.521,10.078],[-75.524,10.064],[-75.526,10.049],[-75.526,10.041],[-75.515,10.033],[-75.504,10.024],[-75.496,10.019],[-75.485,10.014],[-75.481,10.004],[-75.479,9.995],[-75.477,9.985],[-75.477,9.972],[-75.475,9.963],[-75.472,9.948],[-75.47,9.934],[-75.473,9.921],[-75.478,9.908],[-75.483,9.896],[-75.483,9.885]]]}},{"type":"Feature","properties":{"n":"TOLIMA"},"geometry":{"type":"Polygon","coordinates":[[[-74.84,5.281],[-74.821,5.281],[-74.813,5.281],[-74.797,5.278],[-74.784,5.277],[-74.766,5.273],[-74.763,5.267],[-74.759,5.257],[-74.758,5.24],[-74.757,5.219],[-74.758,5.208],[-74.759,5.188],[-74.756,5.177],[-74.745,5.163],[-74.743,5.158],[-74.743,5.15],[-74.75,5.133],[-74.752,5.125],[-74.746,5.107],[-74.746,5.097],[-74.748,5.081],[-74.751,5.066],[-74.757,5.045],[-74.76,5.036],[-74.759,5.031],[-74.762,5.015],[-74.764,5.007],[-74.766,4.998],[-74.764,4.994],[-74.753,4.984],[-74.746,4.978],[-74.741,4.978],[-74.74,4.971],[-74.74,4.967],[-74.745,4.965],[-74.749,4.962],[-74.753,4.96],[-74.763,4.958],[-74.771,4.955],[-74.777,4.948],[-74.775,4.943],[-74.769,4.938],[-74.765,4.932],[-74.763,4.929],[-74.76,4.927],[-74.759,4.924],[-74.76,4.919],[-74.767,4.913],[-74.77,4.902],[-74.766,4.894],[-74.763,4.881],[-74.764,4.873],[-74.777,4.869],[-74.782,4.866],[-74.78,4.852],[-74.782,4.847],[-74.786,4.834],[-74.788,4.824],[-74.782,4.813],[-74.781,4.794],[-74.783,4.768],[-74.789,4.764],[-74.799,4.756],[-74.806,4.751],[-74.809,4.741],[-74.826,4.729],[-74.841,4.72],[-74.85,4.716],[-74.848,4.711],[-74.841,4.7],[-74.838,4.688],[-74.839,4.686],[-74.839,4.674],[-74.84,4.666],[-74.833,4.655],[-74.826,4.647],[-74.826,4.634],[-74.835,4.619],[-74.84,4.614],[-74.845,4.603],[-74.845,4.599],[-74.839,4.591],[-74.833,4.579],[-74.839,4.571],[-74.845,4.564],[-74.845,4.558],[-74.844,4.541],[-74.841,4.526],[-74.831,4.516],[-74.825,4.497],[-74.825,4.492],[-74.829,4.477],[-74.834,4.469],[-74.836,4.459],[-74.836,4.454],[-74.837,4.449],[-74.84,4.445],[-74.842,4.445],[-74.852,4.434],[-74.863,4.421],[-74.87,4.406],[-74.872,4.398],[-74.874,4.389],[-74.884,4.37],[-74.891,4.349],[-74.895,4.337],[-74.897,4.326],[-74.901,4.314],[-74.905,4.31],[-74.91,4.297],[-74.913,4.297],[-74.918,4.284],[-74.919,4.276],[-74.918,4.266],[-74.916,4.259],[-74.912,4.254],[-74.908,4.252],[-74.902,4.254],[-74.889,4.258],[-74.88,4.26],[-74.868,4.266],[-74.852,4.271],[-74.841,4.273],[-74.828,4.278],[-74.825,4.277],[-74.823,4.272],[-74.819,4.266],[-74.817,4.26],[-74.816,4.255],[-74.809,4.248],[-74.807,4.245],[-74.803,4.245],[-74.796,4.244],[-74.785,4.243],[-74.781,4.236],[-74.779,4.229],[-74.775,4.225],[-74.77,4.225],[-74.758,4.226],[-74.755,4.227],[-74.749,4.226],[-74.739,4.207],[-74.721,4.197],[-74.71,4.197],[-74.697,4.198],[-74.681,4.199],[-74.671,4.207],[-74.663,4.213],[-74.649,4.222],[-74.641,4.23],[-74.634,4.24],[-74.63,4.245],[-74.626,4.248],[-74.62,4.25],[-74.616,4.251],[-74.611,4.253],[-74.609,4.252],[-74.601,4.251],[-74.594,4.251],[-74.59,4.252],[-74.586,4.25],[-74.582,4.249],[-74.57,4.245],[-74.565,4.24],[-74.559,4.238],[-74.554,4.228],[-74.544,4.225],[-74.545,4.222],[-74.545,4.216],[-74.545,4.211],[-74.544,4.2],[-74.539,4.188],[-74.53,4.173],[-74.521,4.161],[-74.515,4.156],[-74.509,4.144],[-74.506,4.132],[-74.504,4.122],[-74.503,4.109],[-74.504,4.1],[-74.506,4.096],[-74.507,4.092],[-74.511,4.087],[-74.512,4.084],[-74.522,4.071],[-74.53,4.064],[-74.53,4.052],[-74.54,4.037],[-74.543,4.026],[-74.539,4.016],[-74.534,4.006],[-74.534,3.993],[-74.539,3.99],[-74.544,3.987],[-74.548,3.979],[-74.552,3.973],[-74.553,3.964],[-74.552,3.96],[-74.537,3.927],[-74.529,3.911],[-74.528,3.905],[-74.53,3.894],[-74.538,3.875],[-74.551,3.856],[-74.555,3.823],[-74.563,3.804],[-74.572,3.808],[-74.572,3.805],[-74.573,3.8],[-74.573,3.793],[-74.575,3.785],[-74.577,3.775],[-74.58,3.772],[-74.581,3.766],[-74.588,3.755],[-74.598,3.73],[-74.602,3.72],[-74.626,3.692],[-74.649,3.677],[-74.662,3.669],[-74.675,3.662],[-74.689,3.647],[-74.709,3.627],[-74.727,3.607],[-74.743,3.594],[-74.757,3.586],[-74.764,3.574],[-74.763,3.557],[-74.763,3.545],[-74.775,3.529],[-74.787,3.519],[-74.807,3.504],[-74.809,3.493],[-74.807,3.485],[-74.807,3.48],[-74.814,3.474],[-74.799,3.46],[-74.797,3.45],[-74.793,3.44],[-74.79,3.432],[-74.793,3.423],[-74.804,3.411],[-74.811,3.402],[-74.815,3.398],[-74.822,3.39],[-74.83,3.381],[-74.841,3.369],[-74.851,3.36],[-74.862,3.352],[-74.87,3.34],[-74.879,3.329],[-74.894,3.318],[-74.904,3.309],[-74.912,3.303],[-74.928,3.291],[-74.939,3.283],[-74.947,3.272],[-74.955,3.267],[-74.962,3.267],[-74.965,3.267],[-74.971,3.267],[-74.979,3.266],[-74.982,3.267],[-74.993,3.267],[-75.008,3.264],[-75.021,3.26],[-75.03,3.26],[-75.035,3.262],[-75.038,3.265],[-75.046,3.269],[-75.055,3.272],[-75.068,3.274],[-75.084,3.275],[-75.089,3.275],[-75.097,3.281],[-75.099,3.283],[-75.102,3.291],[-75.104,3.301],[-75.096,3.309],[-75.089,3.314],[-75.079,3.32],[-75.07,3.327],[-75.062,3.334],[-75.06,3.341],[-75.052,3.346],[-75.045,3.355],[-75.041,3.365],[-75.046,3.378],[-75.049,3.385],[-75.05,3.394],[-75.056,3.408],[-75.06,3.414],[-75.062,3.417],[-75.063,3.424],[-75.076,3.43],[-75.087,3.428],[-75.1,3.425],[-75.116,3.419],[-75.127,3.415],[-75.143,3.409],[-75.155,3.405],[-75.167,3.402],[-75.185,3.398],[-75.194,3.394],[-75.2,3.389],[-75.201,3.384],[-75.203,3.376],[-75.204,3.37],[-75.215,3.366],[-75.219,3.366],[-75.226,3.383],[-75.23,3.39],[-75.237,3.395],[-75.244,3.398],[-75.259,3.395],[-75.266,3.391],[-75.276,3.388],[-75.279,3.379],[-75.281,3.371],[-75.281,3.362],[-75.284,3.356],[-75.289,3.355],[-75.298,3.362],[-75.303,3.368],[-75.313,3.374],[-75.322,3.38],[-75.335,3.388],[-75.339,3.392],[-75.353,3.392],[-75.361,3.388],[-75.367,3.386],[-75.384,3.389],[-75.396,3.387],[-75.406,3.379],[-75.41,3.364],[-75.411,3.355],[-75.428,3.346],[-75.45,3.335],[-75.462,3.331],[-75.469,3.323],[-75.481,3.3],[-75.493,3.294],[-75.517,3.286],[-75.535,3.277],[-75.547,3.269],[-75.551,3.263],[-75.558,3.254],[-75.572,3.244],[-75.59,3.233],[-75.599,3.224],[-75.605,3.215],[-75.606,3.206],[-75.606,3.2],[-75.606,3.188],[-75.6,3.18],[-75.597,3.17],[-75.594,3.165],[-75.592,3.159],[-75.592,3.152],[-75.596,3.145],[-75.605,3.138],[-75.612,3.137],[-75.615,3.137],[-75.618,3.137],[-75.623,3.136],[-75.633,3.137],[-75.65,3.134],[-75.667,3.13],[-75.687,3.123],[-75.701,3.112],[-75.715,3.103],[-75.735,3.092],[-75.746,3.083],[-75.758,3.076],[-75.76,3.069],[-75.763,3.064],[-75.77,3.059],[-75.78,3.048],[-75.78,3.04],[-75.781,3.038],[-75.786,3.033],[-75.793,3.034],[-75.797,3.036],[-75.803,3.041],[-75.81,3.046],[-75.823,3.048],[-75.835,3.048],[-75.842,3.045],[-75.852,3.039],[-75.86,3.031],[-75.866,3.023],[-75.873,3.014],[-75.875,3.011],[-75.878,3.005],[-75.881,2.998],[-75.882,2.994],[-75.886,2.986],[-75.889,2.983],[-75.893,2.98],[-75.898,2.977],[-75.918,2.975],[-75.93,2.973],[-75.932,2.973],[-75.935,2.972],[-75.949,2.97],[-75.956,2.967],[-75.968,2.975],[-75.976,2.976],[-75.991,2.975],[-76.005,2.969],[-76.013,2.976],[-76.019,2.98],[-76.022,2.984],[-76.034,2.991],[-76.054,2.999],[-76.057,3.0],[-76.067,3.011],[-76.074,3.024],[-76.076,3.027],[-76.08,3.03],[-76.082,3.038],[-76.084,3.047],[-76.092,3.059],[-76.094,3.067],[-76.098,3.08],[-76.101,3.092],[-76.1,3.108],[-76.101,3.117],[-76.1,3.13],[-76.1,3.144],[-76.1,3.164],[-76.096,3.167],[-76.096,3.168],[-76.095,3.172],[-76.097,3.186],[-76.098,3.202],[-76.097,3.209],[-76.095,3.219],[-76.095,3.229],[-76.093,3.239],[-76.085,3.252],[-76.083,3.263],[-76.076,3.279],[-76.069,3.297],[-76.065,3.32],[-76.063,3.327],[-76.062,3.334],[-76.053,3.361],[-76.046,3.383],[-76.038,3.401],[-76.031,3.408],[-76.025,3.432],[-76.02,3.469],[-76.02,3.472],[-76.02,3.477],[-76.014,3.493],[-76.01,3.514],[-76.01,3.541],[-76.012,3.559],[-76.012,3.572],[-76.009,3.594],[-76.001,3.614],[-75.998,3.638],[-75.992,3.655],[-75.982,3.683],[-75.978,3.69],[-75.978,3.697],[-75.977,3.7],[-75.975,3.703],[-75.972,3.709],[-75.967,3.723],[-75.96,3.74],[-75.959,3.748],[-75.95,3.769],[-75.946,3.786],[-75.936,3.803],[-75.924,3.825],[-75.913,3.849],[-75.9,3.874],[-75.887,3.896],[-75.873,3.913],[-75.854,3.931],[-75.84,3.94],[-75.826,3.936],[-75.824,3.933],[-75.779,3.926],[-75.761,3.933],[-75.753,3.94],[-75.751,3.955],[-75.744,3.973],[-75.732,3.986],[-75.728,3.99],[-75.725,3.992],[-75.714,4.0],[-75.71,4.015],[-75.714,4.033],[-75.718,4.042],[-75.725,4.065],[-75.729,4.089],[-75.729,4.117],[-75.728,4.136],[-75.72,4.143],[-75.715,4.147],[-75.709,4.159],[-75.7,4.175],[-75.683,4.198],[-75.671,4.226],[-75.663,4.241],[-75.663,4.242],[-75.663,4.245],[-75.655,4.254],[-75.649,4.268],[-75.641,4.28],[-75.63,4.304],[-75.634,4.312],[-75.632,4.312],[-75.628,4.314],[-75.628,4.333],[-75.624,4.35],[-75.624,4.363],[-75.617,4.38],[-75.612,4.396],[-75.608,4.404],[-75.608,4.414],[-75.608,4.42],[-75.598,4.436],[-75.591,4.45],[-75.579,4.465],[-75.572,4.486],[-75.565,4.497],[-75.56,4.508],[-75.55,4.518],[-75.537,4.536],[-75.531,4.545],[-75.518,4.554],[-75.515,4.558],[-75.497,4.565],[-75.488,4.573],[-75.477,4.571],[-75.457,4.586],[-75.447,4.593],[-75.443,4.595],[-75.436,4.599],[-75.425,4.608],[-75.42,4.613],[-75.409,4.619],[-75.394,4.628],[-75.383,4.639],[-75.373,4.645],[-75.375,4.648],[-75.374,4.653],[-75.38,4.665],[-75.388,4.671],[-75.396,4.672],[-75.404,4.677],[-75.409,4.679],[-75.41,4.687],[-75.408,4.695],[-75.42,4.703],[-75.419,4.71],[-75.419,4.718],[-75.414,4.732],[-75.411,4.77],[-75.412,4.782],[-75.414,4.785],[-75.417,4.797],[-75.413,4.806],[-75.412,4.812],[-75.405,4.819],[-75.395,4.832],[-75.386,4.835],[-75.379,4.836],[-75.368,4.839],[-75.359,4.846],[-75.355,4.852],[-75.355,4.865],[-75.353,4.874],[-75.353,4.881],[-75.353,4.885],[-75.357,4.891],[-75.36,4.902],[-75.362,4.909],[-75.363,4.912],[-75.364,4.928],[-75.362,4.94],[-75.362,4.944],[-75.359,4.954],[-75.354,4.968],[-75.347,4.984],[-75.345,4.994],[-75.348,5.002],[-75.348,5.015],[-75.356,5.027],[-75.357,5.034],[-75.36,5.043],[-75.362,5.051],[-75.361,5.068],[-75.361,5.084],[-75.359,5.086],[-75.356,5.088],[-75.347,5.098],[-75.341,5.105],[-75.335,5.117],[-75.325,5.127],[-75.311,5.129],[-75.3,5.125],[-75.291,5.124],[-75.275,5.124],[-75.264,5.126],[-75.254,5.128],[-75.242,5.131],[-75.229,5.137],[-75.217,5.144],[-75.208,5.154],[-75.196,5.155],[-75.19,5.155],[-75.187,5.155],[-75.184,5.153],[-75.177,5.146],[-75.166,5.145],[-75.162,5.145],[-75.156,5.149],[-75.151,5.153],[-75.145,5.167],[-75.136,5.18],[-75.125,5.206],[-75.116,5.223],[-75.106,5.24],[-75.094,5.253],[-75.092,5.256],[-75.087,5.257],[-75.076,5.258],[-75.063,5.271],[-75.052,5.273],[-75.037,5.278],[-75.031,5.278],[-75.025,5.278],[-75.011,5.28],[-75.005,5.281],[-74.999,5.281],[-74.987,5.281],[-74.973,5.281],[-74.96,5.281],[-74.948,5.281],[-74.925,5.281],[-74.91,5.282],[-74.901,5.287],[-74.891,5.292],[-74.876,5.291],[-74.873,5.291],[-74.865,5.291],[-74.856,5.29],[-74.85,5.29],[-74.844,5.282],[-74.84,5.281]]]}},{"type":"Feature","properties":{"n":"VALLE DEL CAUCA"},"geometry":{"type":"Polygon","coordinates":[[[-76.084,4.974],[-76.068,4.96],[-76.065,4.949],[-76.062,4.94],[-76.059,4.933],[-76.059,4.931],[-76.056,4.924],[-76.05,4.918],[-76.039,4.914],[-76.031,4.909],[-76.027,4.902],[-76.021,4.898],[-76.018,4.895],[-76.013,4.888],[-76.013,4.88],[-76.015,4.874],[-76.019,4.869],[-76.013,4.857],[-76.005,4.851],[-76.001,4.851],[-75.988,4.852],[-75.98,4.854],[-75.975,4.855],[-75.969,4.857],[-75.96,4.858],[-75.953,4.86],[-75.949,4.86],[-75.948,4.854],[-75.947,4.846],[-75.95,4.835],[-75.95,4.822],[-75.954,4.814],[-75.962,4.807],[-75.966,4.804],[-75.967,4.797],[-75.967,4.789],[-75.964,4.786],[-75.959,4.78],[-75.957,4.773],[-75.957,4.766],[-75.958,4.761],[-75.949,4.752],[-75.944,4.752],[-75.934,4.752],[-75.914,4.757],[-75.905,4.763],[-75.899,4.768],[-75.89,4.766],[-75.884,4.752],[-75.884,4.748],[-75.884,4.742],[-75.884,4.736],[-75.882,4.731],[-75.879,4.723],[-75.864,4.723],[-75.851,4.725],[-75.832,4.721],[-75.825,4.716],[-75.816,4.714],[-75.792,4.711],[-75.775,4.711],[-75.767,4.711],[-75.753,4.71],[-75.746,4.709],[-75.746,4.703],[-75.746,4.7],[-75.747,4.692],[-75.746,4.685],[-75.744,4.679],[-75.742,4.671],[-75.74,4.668],[-75.74,4.657],[-75.74,4.646],[-75.74,4.639],[-75.744,4.63],[-75.751,4.629],[-75.756,4.628],[-75.761,4.629],[-75.763,4.628],[-75.773,4.627],[-75.782,4.626],[-75.79,4.625],[-75.801,4.625],[-75.81,4.626],[-75.821,4.625],[-75.835,4.622],[-75.842,4.622],[-75.853,4.623],[-75.861,4.623],[-75.871,4.622],[-75.88,4.623],[-75.882,4.621],[-75.889,4.62],[-75.895,4.616],[-75.897,4.614],[-75.898,4.605],[-75.899,4.602],[-75.901,4.597],[-75.902,4.592],[-75.902,4.589],[-75.9,4.582],[-75.896,4.576],[-75.894,4.573],[-75.89,4.564],[-75.889,4.557],[-75.886,4.553],[-75.884,4.547],[-75.88,4.538],[-75.877,4.53],[-75.872,4.523],[-75.871,4.517],[-75.871,4.509],[-75.871,4.501],[-75.875,4.494],[-75.875,4.489],[-75.876,4.479],[-75.876,4.47],[-75.874,4.462],[-75.873,4.458],[-75.872,4.452],[-75.869,4.439],[-75.866,4.431],[-75.865,4.425],[-75.86,4.419],[-75.858,4.417],[-75.856,4.414],[-75.852,4.41],[-75.848,4.405],[-75.845,4.401],[-75.84,4.395],[-75.836,4.391],[-75.829,4.378],[-75.827,4.373],[-75.826,4.371],[-75.824,4.365],[-75.824,4.359],[-75.824,4.357],[-75.824,4.353],[-75.824,4.352],[-75.825,4.341],[-75.826,4.335],[-75.826,4.328],[-75.827,4.325],[-75.827,4.32],[-75.826,4.311],[-75.826,4.304],[-75.826,4.295],[-75.826,4.285],[-75.827,4.278],[-75.817,4.26],[-75.816,4.255],[-75.811,4.243],[-75.807,4.232],[-75.807,4.223],[-75.804,4.208],[-75.803,4.198],[-75.795,4.185],[-75.79,4.169],[-75.785,4.156],[-75.78,4.15],[-75.771,4.142],[-75.759,4.136],[-75.751,4.136],[-75.741,4.138],[-75.732,4.143],[-75.72,4.143],[-75.728,4.136],[-75.729,4.117],[-75.729,4.089],[-75.725,4.065],[-75.718,4.042],[-75.714,4.033],[-75.71,4.015],[-75.714,4.0],[-75.725,3.992],[-75.728,3.99],[-75.732,3.986],[-75.744,3.973],[-75.751,3.955],[-75.753,3.94],[-75.761,3.933],[-75.779,3.926],[-75.824,3.933],[-75.826,3.936],[-75.84,3.94],[-75.854,3.931],[-75.873,3.913],[-75.887,3.896],[-75.9,3.874],[-75.913,3.849],[-75.924,3.825],[-75.936,3.803],[-75.946,3.786],[-75.95,3.769],[-75.959,3.748],[-75.96,3.74],[-75.967,3.723],[-75.972,3.709],[-75.975,3.703],[-75.977,3.7],[-75.978,3.697],[-75.978,3.69],[-75.982,3.683],[-75.992,3.655],[-75.998,3.638],[-76.001,3.614],[-76.009,3.594],[-76.012,3.572],[-76.012,3.559],[-76.01,3.541],[-76.01,3.514],[-76.014,3.493],[-76.02,3.477],[-76.02,3.472],[-76.02,3.469],[-76.025,3.432],[-76.031,3.408],[-76.038,3.401],[-76.046,3.383],[-76.053,3.361],[-76.062,3.334],[-76.063,3.327],[-76.065,3.32],[-76.069,3.297],[-76.076,3.279],[-76.083,3.263],[-76.085,3.252],[-76.093,3.239],[-76.095,3.229],[-76.095,3.219],[-76.097,3.209],[-76.102,3.209],[-76.106,3.209],[-76.11,3.209],[-76.118,3.21],[-76.128,3.21],[-76.143,3.213],[-76.153,3.213],[-76.165,3.217],[-76.181,3.226],[-76.206,3.235],[-76.225,3.247],[-76.234,3.253],[-76.241,3.262],[-76.247,3.27],[-76.26,3.274],[-76.285,3.275],[-76.311,3.275],[-76.32,3.275],[-76.339,3.275],[-76.355,3.276],[-76.375,3.275],[-76.393,3.283],[-76.399,3.284],[-76.407,3.286],[-76.417,3.289],[-76.425,3.293],[-76.433,3.298],[-76.441,3.301],[-76.453,3.307],[-76.46,3.316],[-76.474,3.316],[-76.49,3.316],[-76.493,3.315],[-76.496,3.313],[-76.498,3.308],[-76.5,3.303],[-76.505,3.299],[-76.511,3.296],[-76.52,3.293],[-76.523,3.288],[-76.518,3.282],[-76.516,3.281],[-76.515,3.277],[-76.51,3.272],[-76.501,3.267],[-76.5,3.261],[-76.505,3.256],[-76.508,3.252],[-76.508,3.246],[-76.496,3.242],[-76.493,3.242],[-76.492,3.237],[-76.501,3.228],[-76.504,3.223],[-76.505,3.215],[-76.512,3.206],[-76.52,3.203],[-76.524,3.195],[-76.524,3.188],[-76.524,3.18],[-76.524,3.171],[-76.528,3.168],[-76.53,3.161],[-76.531,3.152],[-76.533,3.149],[-76.534,3.147],[-76.538,3.145],[-76.543,3.144],[-76.55,3.143],[-76.555,3.143],[-76.555,3.134],[-76.553,3.128],[-76.553,3.121],[-76.553,3.114],[-76.553,3.109],[-76.556,3.103],[-76.565,3.099],[-76.575,3.098],[-76.588,3.104],[-76.592,3.109],[-76.602,3.115],[-76.607,3.114],[-76.613,3.112],[-76.617,3.106],[-76.621,3.1],[-76.629,3.097],[-76.643,3.098],[-76.649,3.099],[-76.655,3.107],[-76.67,3.112],[-76.681,3.106],[-76.7,3.104],[-76.705,3.102],[-76.731,3.097],[-76.75,3.094],[-76.76,3.094],[-76.771,3.094],[-76.776,3.091],[-76.785,3.088],[-76.795,3.084],[-76.808,3.08],[-76.821,3.079],[-76.841,3.077],[-76.839,3.083],[-76.842,3.083],[-76.87,3.081],[-76.882,3.079],[-76.899,3.078],[-76.909,3.078],[-76.93,3.071],[-76.946,3.069],[-76.952,3.064],[-76.961,3.072],[-76.969,3.087],[-76.976,3.093],[-76.98,3.095],[-76.995,3.097],[-77.002,3.095],[-77.015,3.092],[-77.028,3.086],[-77.04,3.078],[-77.056,3.078],[-77.075,3.08],[-77.091,3.084],[-77.101,3.085],[-77.13,3.093],[-77.143,3.096],[-77.164,3.101],[-77.198,3.109],[-77.212,3.108],[-77.224,3.103],[-77.232,3.098],[-77.245,3.094],[-77.255,3.095],[-77.254,3.104],[-77.252,3.12],[-77.254,3.131],[-77.27,3.141],[-77.279,3.149],[-77.286,3.156],[-77.294,3.155],[-77.298,3.166],[-77.303,3.174],[-77.305,3.179],[-77.315,3.182],[-77.328,3.18],[-77.339,3.175],[-77.356,3.172],[-77.372,3.174],[-77.38,3.178],[-77.387,3.194],[-77.402,3.211],[-77.408,3.218],[-77.412,3.23],[-77.417,3.243],[-77.427,3.251],[-77.439,3.261],[-77.455,3.262],[-77.466,3.261],[-77.473,3.258],[-77.484,3.256],[-77.495,3.253],[-77.499,3.252],[-77.518,3.248],[-77.52,3.253],[-77.529,3.258],[-77.544,3.266],[-77.555,3.267],[-77.563,3.273],[-77.56,3.284],[-77.543,3.299],[-77.531,3.31],[-77.51,3.325],[-77.49,3.34],[-77.479,3.343],[-77.484,3.355],[-77.477,3.359],[-77.474,3.363],[-77.458,3.376],[-77.45,3.375],[-77.438,3.375],[-77.424,3.375],[-77.424,3.387],[-77.418,3.395],[-77.413,3.399],[-77.404,3.398],[-77.39,3.399],[-77.377,3.413],[-77.371,3.435],[-77.368,3.448],[-77.363,3.468],[-77.363,3.489],[-77.371,3.49],[-77.375,3.491],[-77.382,3.496],[-77.375,3.507],[-77.366,3.515],[-77.354,3.526],[-77.347,3.54],[-77.342,3.55],[-77.329,3.571],[-77.31,3.588],[-77.298,3.593],[-77.279,3.603],[-77.259,3.608],[-77.228,3.619],[-77.214,3.635],[-77.211,3.651],[-77.198,3.662],[-77.182,3.665],[-77.185,3.674],[-77.185,3.704],[-77.189,3.699],[-77.207,3.695],[-77.204,3.706],[-77.203,3.713],[-77.203,3.736],[-77.201,3.751],[-77.2,3.762],[-77.196,3.777],[-77.184,3.81],[-77.184,3.817],[-77.174,3.819],[-77.155,3.815],[-77.132,3.812],[-77.126,3.818],[-77.121,3.84],[-77.12,3.861],[-77.102,3.89],[-77.087,3.901],[-77.07,3.91],[-77.069,3.918],[-77.1,3.908],[-77.117,3.902],[-77.14,3.898],[-77.154,3.888],[-77.192,3.884],[-77.201,3.884],[-77.233,3.877],[-77.257,3.868],[-77.284,3.858],[-77.314,3.86],[-77.333,3.866],[-77.343,3.872],[-77.328,3.886],[-77.313,3.902],[-77.323,3.914],[-77.334,3.904],[-77.34,3.912],[-77.357,3.92],[-77.361,3.932],[-77.362,3.945],[-77.344,3.944],[-77.324,3.955],[-77.322,3.966],[-77.315,3.979],[-77.3,3.979],[-77.3,3.968],[-77.304,3.96],[-77.297,3.961],[-77.283,3.97],[-77.272,3.971],[-77.26,3.982],[-77.271,3.988],[-77.271,3.996],[-77.266,4.007],[-77.266,4.019],[-77.266,4.033],[-77.261,4.045],[-77.258,4.06],[-77.271,4.072],[-77.285,4.075],[-77.285,4.08],[-77.292,4.094],[-77.31,4.094],[-77.316,4.091],[-77.316,4.083],[-77.322,4.076],[-77.331,4.075],[-77.337,4.075],[-77.347,4.07],[-77.35,4.06],[-77.359,4.044],[-77.362,4.028],[-77.368,4.016],[-77.372,4.004],[-77.375,3.986],[-77.378,3.966],[-77.406,3.942],[-77.414,3.953],[-77.43,3.972],[-77.441,3.987],[-77.46,4.007],[-77.474,4.03],[-77.469,4.048],[-77.476,4.06],[-77.469,4.08],[-77.469,4.095],[-77.477,4.117],[-77.475,4.125],[-77.463,4.131],[-77.447,4.135],[-77.438,4.138],[-77.432,4.146],[-77.426,4.164],[-77.42,4.184],[-77.41,4.193],[-77.4,4.191],[-77.395,4.194],[-77.39,4.197],[-77.383,4.199],[-77.371,4.199],[-77.361,4.194],[-77.349,4.186],[-77.341,4.179],[-77.328,4.182],[-77.325,4.189],[-77.318,4.2],[-77.312,4.206],[-77.311,4.214],[-77.311,4.225],[-77.31,4.231],[-77.299,4.24],[-77.295,4.24],[-77.291,4.233],[-77.289,4.224],[-77.285,4.209],[-77.28,4.195],[-77.274,4.18],[-77.264,4.166],[-77.239,4.163],[-77.232,4.169],[-77.223,4.174],[-77.215,4.179],[-77.202,4.184],[-77.188,4.181],[-77.175,4.171],[-77.156,4.162],[-77.148,4.155],[-77.132,4.14],[-77.125,4.127],[-77.11,4.118],[-77.1,4.114],[-77.083,4.111],[-77.07,4.108],[-77.052,4.107],[-77.041,4.107],[-77.025,4.11],[-77.009,4.112],[-76.984,4.115],[-76.957,4.104],[-76.946,4.093],[-76.933,4.083],[-76.91,4.075],[-76.896,4.067],[-76.874,4.049],[-76.862,4.039],[-76.844,4.02],[-76.833,4.01],[-76.816,4.0],[-76.799,3.993],[-76.793,3.993],[-76.785,3.995],[-76.766,3.999],[-76.754,4.003],[-76.741,4.006],[-76.733,4.008],[-76.728,4.009],[-76.717,4.015],[-76.706,4.027],[-76.692,4.037],[-76.664,4.036],[-76.629,4.038],[-76.61,4.049],[-76.592,4.058],[-76.583,4.074],[-76.575,4.082],[-76.563,4.092],[-76.542,4.102],[-76.534,4.106],[-76.528,4.112],[-76.525,4.117],[-76.523,4.119],[-76.512,4.127],[-76.51,4.133],[-76.504,4.134],[-76.494,4.136],[-76.484,4.141],[-76.477,4.148],[-76.473,4.155],[-76.47,4.16],[-76.464,4.163],[-76.463,4.165],[-76.462,4.17],[-76.469,4.174],[-76.471,4.178],[-76.477,4.183],[-76.481,4.188],[-76.491,4.195],[-76.507,4.205],[-76.515,4.211],[-76.524,4.216],[-76.527,4.219],[-76.53,4.222],[-76.538,4.225],[-76.544,4.23],[-76.556,4.242],[-76.557,4.257],[-76.556,4.268],[-76.556,4.279],[-76.56,4.3],[-76.567,4.319],[-76.573,4.333],[-76.575,4.345],[-76.581,4.359],[-76.584,4.371],[-76.591,4.403],[-76.591,4.41],[-76.585,4.412],[-76.58,4.415],[-76.576,4.416],[-76.57,4.418],[-76.564,4.42],[-76.559,4.421],[-76.552,4.422],[-76.546,4.424],[-76.541,4.424],[-76.532,4.427],[-76.52,4.46],[-76.519,4.463],[-76.516,4.476],[-76.514,4.491],[-76.512,4.498],[-76.51,4.508],[-76.507,4.515],[-76.499,4.525],[-76.493,4.537],[-76.489,4.547],[-76.489,4.556],[-76.483,4.563],[-76.48,4.568],[-76.476,4.571],[-76.475,4.583],[-76.472,4.594],[-76.466,4.61],[-76.459,4.623],[-76.452,4.638],[-76.44,4.659],[-76.433,4.672],[-76.426,4.681],[-76.415,4.701],[-76.41,4.707],[-76.405,4.712],[-76.397,4.716],[-76.383,4.727],[-76.386,4.731],[-76.379,4.737],[-76.372,4.749],[-76.366,4.762],[-76.362,4.767],[-76.359,4.77],[-76.35,4.777],[-76.343,4.782],[-76.334,4.786],[-76.31,4.799],[-76.307,4.801],[-76.298,4.806],[-76.286,4.81],[-76.276,4.816],[-76.271,4.818],[-76.26,4.822],[-76.252,4.825],[-76.242,4.834],[-76.239,4.843],[-76.234,4.845],[-76.231,4.852],[-76.217,4.87],[-76.209,4.882],[-76.2,4.9],[-76.195,4.916],[-76.186,4.933],[-76.177,4.951],[-76.172,4.959],[-76.17,4.958],[-76.17,4.965],[-76.167,4.965],[-76.163,4.966],[-76.153,4.963],[-76.144,4.963],[-76.124,4.966],[-76.112,4.971],[-76.101,4.974],[-76.093,4.975],[-76.09,4.976],[-76.084,4.974]]]}},{"type":"Feature","properties":{"n":"ARAUCA"},"geometry":{"type":"Polygon","coordinates":[[[-70.699,7.059],[-70.693,7.053],[-70.686,7.053],[-70.672,7.046],[-70.67,7.045],[-70.657,7.038],[-70.652,7.038],[-70.644,7.039],[-70.636,7.041],[-70.626,7.043],[-70.617,7.047],[-70.604,7.049],[-70.595,7.049],[-70.582,7.045],[-70.577,7.036],[-70.571,7.026],[-70.57,7.019],[-70.568,7.011],[-70.559,7.004],[-70.555,6.997],[-70.529,6.985],[-70.506,6.986],[-70.496,6.986],[-70.488,6.986],[-70.471,6.983],[-70.459,6.975],[-70.447,6.971],[-70.425,6.971],[-70.409,6.951],[-70.394,6.94],[-70.364,6.918],[-70.348,6.912],[-70.335,6.913],[-70.322,6.915],[-70.305,6.923],[-70.298,6.927],[-70.279,6.933],[-70.258,6.94],[-70.244,6.944],[-70.226,6.945],[-70.207,6.946],[-70.179,6.948],[-70.169,6.956],[-70.161,6.956],[-70.15,6.955],[-70.145,6.956],[-69.801,6.518],[-69.452,6.073],[-69.447,6.069],[-69.443,6.066],[-69.448,6.056],[-69.452,6.051],[-69.452,6.04],[-69.458,6.033],[-69.47,6.031],[-69.481,6.022],[-69.49,6.023],[-69.521,6.02],[-69.542,6.018],[-69.564,6.007],[-69.591,6.002],[-69.607,5.992],[-69.623,5.989],[-69.632,5.989],[-69.655,5.991],[-69.679,5.993],[-69.696,5.993],[-69.713,5.991],[-69.739,5.998],[-69.771,6.005],[-69.784,6.009],[-69.794,6.005],[-69.806,6.0],[-69.821,6.002],[-69.846,6.009],[-69.848,6.005],[-69.852,6.004],[-69.859,6.005],[-69.872,6.007],[-69.882,6.007],[-69.896,6.01],[-69.904,6.013],[-69.911,6.016],[-69.915,6.026],[-69.919,6.035],[-69.921,6.05],[-69.918,6.056],[-69.923,6.058],[-69.929,6.067],[-69.936,6.075],[-69.941,6.079],[-69.958,6.098],[-69.982,6.106],[-70.0,6.11],[-70.008,6.107],[-70.031,6.106],[-70.046,6.106],[-70.055,6.108],[-70.057,6.12],[-70.058,6.135],[-70.075,6.152],[-70.087,6.167],[-70.112,6.179],[-70.133,6.203],[-70.159,6.22],[-70.168,6.24],[-70.173,6.248],[-70.182,6.248],[-70.186,6.243],[-70.201,6.244],[-70.209,6.246],[-70.237,6.246],[-70.258,6.244],[-70.273,6.24],[-70.294,6.239],[-70.332,6.242],[-70.355,6.246],[-70.368,6.246],[-70.397,6.245],[-70.413,6.245],[-70.418,6.242],[-70.437,6.242],[-70.447,6.242],[-70.458,6.231],[-70.467,6.225],[-70.48,6.225],[-70.491,6.224],[-70.499,6.216],[-70.503,6.211],[-70.511,6.206],[-70.516,6.206],[-70.529,6.214],[-70.538,6.202],[-70.549,6.204],[-70.56,6.206],[-70.574,6.204],[-70.588,6.204],[-70.61,6.198],[-70.623,6.196],[-70.642,6.191],[-70.669,6.188],[-70.688,6.187],[-70.707,6.191],[-70.714,6.191],[-70.724,6.191],[-70.737,6.191],[-70.75,6.191],[-70.763,6.191],[-70.774,6.192],[-70.782,6.196],[-70.795,6.205],[-70.813,6.205],[-70.826,6.201],[-70.836,6.199],[-70.852,6.199],[-70.869,6.199],[-70.88,6.188],[-70.896,6.185],[-70.904,6.185],[-70.916,6.186],[-70.929,6.192],[-70.96,6.195],[-70.973,6.196],[-70.995,6.202],[-71.019,6.213],[-71.03,6.22],[-71.049,6.221],[-71.063,6.222],[-71.083,6.224],[-71.101,6.229],[-71.124,6.229],[-71.135,6.227],[-71.149,6.226],[-71.163,6.229],[-71.169,6.236],[-71.184,6.237],[-71.204,6.243],[-71.223,6.251],[-71.237,6.248],[-71.238,6.246],[-71.24,6.241],[-71.25,6.23],[-71.258,6.231],[-71.27,6.233],[-71.281,6.235],[-71.286,6.232],[-71.291,6.227],[-71.301,6.229],[-71.311,6.23],[-71.318,6.229],[-71.338,6.215],[-71.348,6.209],[-71.36,6.204],[-71.374,6.199],[-71.384,6.199],[-71.39,6.199],[-71.393,6.202],[-71.401,6.207],[-71.416,6.203],[-71.422,6.201],[-71.427,6.201],[-71.431,6.201],[-71.441,6.197],[-71.446,6.197],[-71.454,6.204],[-71.46,6.197],[-71.46,6.192],[-71.466,6.185],[-71.482,6.177],[-71.496,6.176],[-71.511,6.177],[-71.52,6.168],[-71.536,6.17],[-71.548,6.178],[-71.558,6.177],[-71.561,6.169],[-71.565,6.165],[-71.58,6.172],[-71.585,6.174],[-71.59,6.169],[-71.595,6.165],[-71.609,6.171],[-71.615,6.175],[-71.629,6.188],[-71.646,6.194],[-71.665,6.2],[-71.685,6.2],[-71.706,6.196],[-71.731,6.192],[-71.748,6.187],[-71.771,6.182],[-71.79,6.175],[-71.798,6.173],[-71.818,6.163],[-71.83,6.15],[-71.838,6.141],[-71.848,6.137],[-71.857,6.135],[-71.915,6.13],[-71.935,6.131],[-71.952,6.134],[-71.964,6.131],[-71.971,6.128],[-71.98,6.12],[-71.99,6.116],[-72.0,6.112],[-72.012,6.107],[-72.024,6.104],[-72.039,6.101],[-72.05,6.098],[-72.075,6.092],[-72.089,6.085],[-72.101,6.074],[-72.106,6.071],[-72.112,6.067],[-72.124,6.054],[-72.131,6.047],[-72.138,6.043],[-72.146,6.04],[-72.151,6.04],[-72.159,6.042],[-72.173,6.049],[-72.188,6.055],[-72.205,6.061],[-72.227,6.073],[-72.242,6.082],[-72.263,6.091],[-72.279,6.096],[-72.288,6.108],[-72.293,6.115],[-72.304,6.127],[-72.309,6.136],[-72.31,6.149],[-72.308,6.161],[-72.309,6.167],[-72.312,6.173],[-72.331,6.18],[-72.344,6.18],[-72.365,6.182],[-72.381,6.18],[-72.396,6.186],[-72.403,6.21],[-72.42,6.227],[-72.421,6.24],[-72.422,6.244],[-72.416,6.256],[-72.408,6.271],[-72.398,6.284],[-72.394,6.295],[-72.383,6.306],[-72.372,6.318],[-72.358,6.329],[-72.356,6.329],[-72.349,6.332],[-72.332,6.342],[-72.325,6.344],[-72.317,6.353],[-72.313,6.366],[-72.313,6.383],[-72.317,6.393],[-72.317,6.405],[-72.317,6.416],[-72.31,6.421],[-72.305,6.42],[-72.3,6.418],[-72.28,6.411],[-72.27,6.411],[-72.26,6.411],[-72.244,6.412],[-72.231,6.413],[-72.221,6.421],[-72.203,6.437],[-72.192,6.445],[-72.177,6.46],[-72.165,6.473],[-72.161,6.484],[-72.156,6.497],[-72.155,6.514],[-72.152,6.535],[-72.148,6.554],[-72.146,6.576],[-72.141,6.597],[-72.133,6.617],[-72.128,6.633],[-72.119,6.648],[-72.108,6.66],[-72.101,6.672],[-72.099,6.679],[-72.091,6.694],[-72.085,6.706],[-72.078,6.721],[-72.073,6.731],[-72.066,6.743],[-72.063,6.751],[-72.055,6.766],[-72.054,6.778],[-72.049,6.798],[-72.047,6.807],[-72.045,6.818],[-72.037,6.83],[-72.034,6.844],[-72.029,6.855],[-72.02,6.869],[-72.015,6.889],[-72.004,6.898],[-71.989,6.98],[-71.987,6.985],[-71.983,6.984],[-71.972,6.988],[-71.95,6.992],[-71.934,6.989],[-71.92,6.99],[-71.909,6.992],[-71.885,6.993],[-71.868,6.998],[-71.856,7.013],[-71.842,7.021],[-71.821,7.03],[-71.804,7.035],[-71.8,7.041],[-71.786,7.04],[-71.777,7.027],[-71.771,7.034],[-71.76,7.04],[-71.752,7.041],[-71.745,7.03],[-71.742,7.023],[-71.737,7.012],[-71.73,7.012],[-71.72,7.012],[-71.708,7.012],[-71.706,7.009],[-71.695,7.003],[-71.689,7.005],[-71.684,7.006],[-71.684,7.018],[-71.684,7.032],[-71.678,7.035],[-71.656,7.022],[-71.651,7.025],[-71.642,7.028],[-71.627,7.019],[-71.623,7.007],[-71.605,7.003],[-71.585,7.008],[-71.577,7.004],[-71.559,7.002],[-71.549,7.005],[-71.538,7.011],[-71.529,7.004],[-71.521,7.005],[-71.517,7.011],[-71.501,6.999],[-71.486,6.992],[-71.47,7.001],[-71.454,7.011],[-71.432,7.004],[-71.422,6.997],[-71.405,6.993],[-71.386,6.987],[-71.375,6.988],[-71.367,6.992],[-71.348,6.996],[-71.332,6.998],[-71.321,6.998],[-71.3,6.997],[-71.287,6.997],[-71.28,6.99],[-71.269,6.99],[-71.261,6.992],[-71.245,6.987],[-71.232,6.985],[-71.218,6.985],[-71.198,6.989],[-71.174,7.003],[-71.168,7.004],[-71.161,7.002],[-71.159,7.002],[-71.13,6.971],[-71.115,6.965],[-71.104,6.962],[-71.089,6.955],[-71.07,6.958],[-71.041,6.961],[-71.032,6.967],[-71.02,6.975],[-71.009,6.984],[-70.979,6.994],[-70.963,6.997],[-70.951,7.003],[-70.921,7.022],[-70.916,7.03],[-70.905,7.038],[-70.884,7.044],[-70.871,7.052],[-70.849,7.047],[-70.828,7.051],[-70.808,7.055],[-70.748,7.069],[-70.733,7.071],[-70.719,7.072],[-70.699,7.064],[-70.699,7.059]]]}},{"type":"Feature","properties":{"n":"CASANARE"},"geometry":{"type":"Polygon","coordinates":[[[-70.173,6.248],[-70.168,6.24],[-70.159,6.22],[-70.133,6.203],[-70.112,6.179],[-70.087,6.167],[-70.075,6.152],[-70.058,6.135],[-70.057,6.12],[-70.055,6.108],[-70.046,6.106],[-70.031,6.106],[-70.008,6.107],[-70.0,6.11],[-69.982,6.106],[-69.958,6.098],[-69.941,6.079],[-69.936,6.075],[-69.929,6.067],[-69.923,6.058],[-69.918,6.056],[-69.921,6.05],[-69.919,6.035],[-69.915,6.026],[-69.911,6.016],[-69.904,6.013],[-69.896,6.01],[-69.882,6.007],[-69.872,6.007],[-69.859,6.005],[-69.852,6.004],[-69.848,6.005],[-69.85,6.001],[-69.853,5.991],[-69.861,5.983],[-69.875,5.967],[-69.882,5.955],[-69.892,5.927],[-69.907,5.909],[-69.923,5.892],[-69.931,5.889],[-69.938,5.876],[-69.942,5.858],[-69.955,5.836],[-69.971,5.818],[-69.98,5.798],[-69.999,5.763],[-70.003,5.741],[-70.02,5.722],[-70.037,5.71],[-70.047,5.695],[-70.052,5.678],[-70.049,5.666],[-70.05,5.654],[-70.088,5.64],[-70.1,5.635],[-70.116,5.634],[-70.124,5.623],[-70.126,5.618],[-70.128,5.598],[-70.142,5.588],[-70.188,5.566],[-70.205,5.565],[-70.221,5.558],[-70.24,5.545],[-70.256,5.54],[-70.276,5.536],[-70.296,5.533],[-70.324,5.533],[-70.349,5.534],[-70.363,5.534],[-70.381,5.531],[-70.388,5.529],[-70.391,5.529],[-70.401,5.523],[-70.418,5.518],[-70.433,5.51],[-70.442,5.504],[-70.446,5.502],[-70.486,5.477],[-70.501,5.468],[-70.51,5.459],[-70.523,5.448],[-70.535,5.434],[-70.548,5.423],[-70.563,5.415],[-70.577,5.407],[-70.596,5.391],[-70.601,5.384],[-70.633,5.364],[-70.639,5.361],[-70.651,5.354],[-70.669,5.341],[-70.683,5.331],[-70.692,5.322],[-70.695,5.306],[-70.697,5.268],[-70.705,5.255],[-70.714,5.24],[-70.726,5.226],[-70.74,5.208],[-70.752,5.198],[-70.77,5.189],[-70.789,5.175],[-70.804,5.166],[-70.82,5.157],[-70.836,5.149],[-70.848,5.133],[-70.852,5.12],[-70.868,5.105],[-70.895,5.093],[-70.913,5.089],[-70.915,5.089],[-70.922,5.088],[-70.929,5.086],[-70.944,5.083],[-70.954,5.083],[-70.963,5.073],[-70.972,5.063],[-70.977,5.054],[-70.981,5.045],[-70.988,5.035],[-70.989,5.022],[-70.999,5.003],[-70.999,5.0],[-71.002,4.988],[-71.007,4.972],[-71.012,4.962],[-71.017,4.947],[-71.024,4.934],[-71.029,4.928],[-71.036,4.918],[-71.039,4.916],[-71.063,4.89],[-71.067,4.886],[-71.076,4.875],[-71.082,4.866],[-71.085,4.863],[-71.085,4.86],[-71.088,4.856],[-71.1,4.85],[-71.113,4.845],[-71.127,4.837],[-71.141,4.827],[-71.156,4.817],[-71.187,4.801],[-71.195,4.797],[-71.229,4.786],[-71.249,4.778],[-71.268,4.766],[-71.318,4.751],[-71.338,4.742],[-71.357,4.735],[-71.376,4.725],[-71.395,4.714],[-71.429,4.698],[-71.456,4.688],[-71.486,4.681],[-71.509,4.675],[-71.527,4.665],[-71.555,4.654],[-71.574,4.648],[-71.582,4.638],[-71.586,4.632],[-71.594,4.622],[-71.62,4.608],[-71.629,4.601],[-71.641,4.594],[-71.678,4.583],[-71.707,4.565],[-71.724,4.557],[-71.742,4.552],[-71.756,4.548],[-71.762,4.547],[-71.769,4.545],[-71.778,4.544],[-71.789,4.541],[-71.813,4.533],[-71.828,4.524],[-71.843,4.516],[-71.854,4.504],[-71.863,4.493],[-71.876,4.481],[-71.892,4.463],[-71.911,4.442],[-71.931,4.429],[-71.941,4.418],[-71.951,4.401],[-71.959,4.385],[-71.973,4.376],[-71.984,4.367],[-71.997,4.363],[-72.009,4.359],[-72.028,4.36],[-72.046,4.346],[-72.062,4.346],[-72.071,4.347],[-72.082,4.361],[-72.087,4.373],[-72.089,4.38],[-72.092,4.388],[-72.101,4.399],[-72.124,4.401],[-72.138,4.398],[-72.162,4.398],[-72.184,4.397],[-72.205,4.395],[-72.227,4.39],[-72.262,4.39],[-72.272,4.387],[-72.283,4.382],[-72.297,4.374],[-72.332,4.359],[-72.358,4.34],[-72.367,4.332],[-72.387,4.311],[-72.401,4.302],[-72.417,4.299],[-72.432,4.304],[-72.438,4.307],[-72.448,4.31],[-72.465,4.309],[-72.471,4.302],[-72.483,4.287],[-72.493,4.287],[-72.507,4.299],[-72.522,4.308],[-72.538,4.311],[-72.553,4.315],[-72.563,4.315],[-72.595,4.272],[-72.609,4.272],[-72.622,4.276],[-72.636,4.283],[-72.646,4.279],[-72.655,4.275],[-72.671,4.274],[-72.686,4.274],[-72.701,4.271],[-72.711,4.27],[-72.715,4.266],[-72.721,4.26],[-72.725,4.247],[-72.731,4.247],[-72.747,4.253],[-72.757,4.262],[-72.768,4.266],[-72.77,4.28],[-72.772,4.288],[-72.773,4.294],[-72.781,4.305],[-72.792,4.313],[-72.802,4.314],[-72.809,4.317],[-72.814,4.323],[-72.808,4.331],[-72.817,4.342],[-72.824,4.348],[-72.821,4.357],[-72.813,4.365],[-72.826,4.371],[-72.847,4.371],[-72.85,4.373],[-72.849,4.384],[-72.849,4.396],[-72.859,4.399],[-72.87,4.398],[-72.871,4.406],[-72.871,4.41],[-72.877,4.418],[-72.895,4.439],[-72.918,4.459],[-72.933,4.475],[-72.952,4.499],[-72.981,4.535],[-73.003,4.563],[-73.024,4.597],[-73.037,4.619],[-73.046,4.635],[-73.072,4.666],[-73.073,4.677],[-73.068,4.687],[-73.068,4.692],[-73.069,4.703],[-73.078,4.714],[-73.078,4.719],[-73.077,4.722],[-73.08,4.732],[-73.081,4.741],[-73.087,4.767],[-73.099,4.779],[-73.095,4.78],[-73.09,4.791],[-73.087,4.798],[-73.083,4.804],[-73.082,4.81],[-73.076,4.826],[-73.071,4.837],[-73.068,4.848],[-73.064,4.863],[-73.06,4.885],[-73.059,4.909],[-73.061,4.92],[-73.047,4.952],[-73.04,4.955],[-73.032,4.957],[-73.027,4.958],[-73.019,4.961],[-73.01,4.964],[-73.006,4.966],[-72.996,4.971],[-72.988,4.974],[-72.977,4.982],[-72.969,4.987],[-72.958,4.995],[-72.949,5.001],[-72.938,5.013],[-72.936,5.014],[-72.933,5.016],[-72.93,5.022],[-72.931,5.024],[-72.935,5.037],[-72.933,5.045],[-72.93,5.056],[-72.934,5.063],[-72.943,5.068],[-72.949,5.072],[-72.965,5.09],[-72.976,5.103],[-72.986,5.114],[-72.982,5.128],[-72.977,5.14],[-72.968,5.162],[-72.958,5.181],[-72.959,5.189],[-72.959,5.196],[-72.963,5.2],[-72.965,5.205],[-72.972,5.21],[-72.961,5.221],[-72.951,5.227],[-72.932,5.242],[-72.913,5.26],[-72.897,5.28],[-72.882,5.289],[-72.87,5.311],[-72.86,5.322],[-72.851,5.328],[-72.832,5.341],[-72.824,5.343],[-72.809,5.34],[-72.801,5.33],[-72.79,5.323],[-72.78,5.315],[-72.772,5.304],[-72.76,5.292],[-72.753,5.278],[-72.749,5.272],[-72.739,5.276],[-72.726,5.255],[-72.72,5.248],[-72.714,5.235],[-72.709,5.236],[-72.702,5.244],[-72.696,5.253],[-72.69,5.271],[-72.686,5.28],[-72.682,5.283],[-72.675,5.29],[-72.673,5.305],[-72.668,5.318],[-72.655,5.325],[-72.647,5.328],[-72.636,5.328],[-72.622,5.334],[-72.608,5.34],[-72.599,5.351],[-72.603,5.351],[-72.603,5.355],[-72.599,5.362],[-72.599,5.364],[-72.598,5.37],[-72.592,5.378],[-72.58,5.382],[-72.566,5.389],[-72.549,5.403],[-72.538,5.413],[-72.526,5.425],[-72.517,5.437],[-72.507,5.451],[-72.502,5.464],[-72.487,5.477],[-72.475,5.481],[-72.46,5.493],[-72.457,5.494],[-72.454,5.499],[-72.452,5.502],[-72.451,5.51],[-72.444,5.522],[-72.44,5.531],[-72.433,5.537],[-72.421,5.543],[-72.416,5.543],[-72.407,5.539],[-72.406,5.529],[-72.401,5.52],[-72.398,5.51],[-72.391,5.499],[-72.382,5.49],[-72.372,5.481],[-72.36,5.474],[-72.354,5.465],[-72.343,5.466],[-72.327,5.471],[-72.321,5.487],[-72.325,5.498],[-72.325,5.508],[-72.326,5.515],[-72.324,5.532],[-72.315,5.549],[-72.31,5.569],[-72.308,5.589],[-72.307,5.611],[-72.306,5.624],[-72.296,5.633],[-72.284,5.641],[-72.272,5.648],[-72.253,5.66],[-72.262,5.669],[-72.271,5.676],[-72.287,5.694],[-72.3,5.707],[-72.307,5.719],[-72.311,5.731],[-72.322,5.749],[-72.337,5.764],[-72.359,5.777],[-72.375,5.785],[-72.407,5.8],[-72.409,5.801],[-72.413,5.801],[-72.419,5.806],[-72.431,5.814],[-72.442,5.816],[-72.455,5.816],[-72.475,5.829],[-72.475,5.833],[-72.468,5.838],[-72.462,5.846],[-72.456,5.856],[-72.446,5.867],[-72.43,5.872],[-72.424,5.871],[-72.42,5.876],[-72.414,5.885],[-72.41,5.892],[-72.406,5.912],[-72.401,5.931],[-72.399,5.949],[-72.396,5.963],[-72.391,5.982],[-72.387,5.991],[-72.385,6.004],[-72.377,6.023],[-72.374,6.031],[-72.368,6.043],[-72.363,6.049],[-72.36,6.054],[-72.359,6.063],[-72.365,6.068],[-72.371,6.068],[-72.377,6.069],[-72.384,6.07],[-72.391,6.076],[-72.396,6.084],[-72.397,6.089],[-72.403,6.094],[-72.406,6.102],[-72.409,6.112],[-72.419,6.141],[-72.426,6.156],[-72.434,6.169],[-72.433,6.183],[-72.428,6.193],[-72.421,6.203],[-72.421,6.216],[-72.42,6.227],[-72.403,6.21],[-72.396,6.186],[-72.381,6.18],[-72.365,6.182],[-72.344,6.18],[-72.331,6.18],[-72.312,6.173],[-72.309,6.167],[-72.308,6.161],[-72.31,6.149],[-72.309,6.136],[-72.304,6.127],[-72.293,6.115],[-72.288,6.108],[-72.279,6.096],[-72.263,6.091],[-72.242,6.082],[-72.227,6.073],[-72.205,6.061],[-72.188,6.055],[-72.173,6.049],[-72.159,6.042],[-72.151,6.04],[-72.146,6.04],[-72.138,6.043],[-72.131,6.047],[-72.124,6.054],[-72.112,6.067],[-72.106,6.071],[-72.101,6.074],[-72.089,6.085],[-72.075,6.092],[-72.05,6.098],[-72.039,6.101],[-72.024,6.104],[-72.012,6.107],[-72.0,6.112],[-71.99,6.116],[-71.98,6.12],[-71.971,6.128],[-71.964,6.131],[-71.952,6.134],[-71.935,6.131],[-71.915,6.13],[-71.857,6.135],[-71.848,6.137],[-71.838,6.141],[-71.83,6.15],[-71.818,6.163],[-71.798,6.173],[-71.79,6.175],[-71.771,6.182],[-71.748,6.187],[-71.731,6.192],[-71.706,6.196],[-71.685,6.2],[-71.665,6.2],[-71.646,6.194],[-71.629,6.187],[-71.615,6.175],[-71.609,6.171],[-71.595,6.165],[-71.59,6.169],[-71.585,6.174],[-71.58,6.172],[-71.565,6.165],[-71.561,6.169],[-71.558,6.177],[-71.548,6.178],[-71.536,6.17],[-71.52,6.168],[-71.511,6.177],[-71.496,6.176],[-71.482,6.177],[-71.466,6.185],[-71.46,6.192],[-71.46,6.197],[-71.454,6.204],[-71.446,6.197],[-71.441,6.197],[-71.431,6.201],[-71.427,6.201],[-71.422,6.201],[-71.416,6.203],[-71.401,6.207],[-71.393,6.202],[-71.39,6.199],[-71.384,6.199],[-71.374,6.199],[-71.36,6.204],[-71.348,6.209],[-71.338,6.215],[-71.318,6.229],[-71.311,6.23],[-71.301,6.229],[-71.291,6.227],[-71.286,6.232],[-71.281,6.235],[-71.27,6.233],[-71.258,6.231],[-71.25,6.23],[-71.24,6.241],[-71.238,6.246],[-71.237,6.248],[-71.223,6.251],[-71.204,6.243],[-71.184,6.237],[-71.169,6.236],[-71.163,6.229],[-71.149,6.226],[-71.135,6.227],[-71.124,6.229],[-71.101,6.229],[-71.083,6.224],[-71.063,6.222],[-71.049,6.221],[-71.03,6.22],[-71.019,6.213],[-70.995,6.202],[-70.973,6.196],[-70.96,6.195],[-70.929,6.192],[-70.916,6.186],[-70.904,6.185],[-70.896,6.185],[-70.88,6.188],[-70.869,6.199],[-70.852,6.199],[-70.836,6.199],[-70.826,6.201],[-70.813,6.205],[-70.795,6.205],[-70.782,6.196],[-70.774,6.192],[-70.763,6.191],[-70.75,6.191],[-70.737,6.191],[-70.724,6.191],[-70.714,6.191],[-70.707,6.191],[-70.688,6.187],[-70.669,6.188],[-70.642,6.191],[-70.623,6.196],[-70.61,6.198],[-70.588,6.204],[-70.574,6.204],[-70.56,6.206],[-70.549,6.204],[-70.538,6.202],[-70.529,6.214],[-70.516,6.206],[-70.511,6.206],[-70.503,6.211],[-70.499,6.216],[-70.491,6.224],[-70.48,6.225],[-70.467,6.225],[-70.458,6.231],[-70.447,6.242],[-70.437,6.242],[-70.418,6.242],[-70.413,6.245],[-70.397,6.245],[-70.368,6.246],[-70.355,6.246],[-70.332,6.242],[-70.294,6.239],[-70.273,6.24],[-70.258,6.244],[-70.237,6.246],[-70.209,6.246],[-70.201,6.244],[-70.186,6.243],[-70.182,6.248],[-70.173,6.248]]]}},{"type":"Feature","properties":{"n":"PUTUMAYO"},"geometry":{"type":"Polygon","coordinates":[[[-76.578,1.316],[-76.567,1.266],[-76.562,1.235],[-76.562,1.219],[-76.564,1.197],[-76.573,1.168],[-76.581,1.143],[-76.588,1.119],[-76.588,1.092],[-76.588,1.076],[-76.585,1.058],[-76.581,1.047],[-76.565,1.036],[-76.556,1.032],[-76.543,1.026],[-76.523,1.014],[-76.498,0.998],[-76.48,0.992],[-76.454,0.976],[-76.439,0.969],[-76.427,0.969],[-76.406,0.969],[-76.385,0.968],[-76.363,0.965],[-76.326,0.954],[-76.31,0.958],[-76.293,0.967],[-76.27,0.963],[-76.263,0.963],[-76.241,0.97],[-76.223,0.975],[-76.218,0.979],[-76.225,0.993],[-76.213,1.006],[-76.199,1.007],[-76.195,1.015],[-76.173,1.01],[-76.16,1.004],[-76.15,0.999],[-76.138,0.997],[-76.124,0.996],[-76.123,1.012],[-76.108,1.012],[-76.094,1.019],[-76.101,1.032],[-76.105,1.039],[-76.104,1.046],[-76.089,1.038],[-76.079,1.038],[-76.067,1.038],[-76.054,1.039],[-76.043,1.039],[-76.024,1.04],[-76.014,1.03],[-76.004,1.028],[-76.006,1.034],[-76.013,1.043],[-76.01,1.053],[-76.004,1.055],[-75.998,1.046],[-75.987,1.038],[-75.979,1.033],[-75.97,1.02],[-75.963,1.019],[-75.953,1.019],[-75.939,1.009],[-75.944,1.003],[-75.937,0.995],[-75.943,0.988],[-75.963,0.987],[-75.967,0.976],[-75.946,0.967],[-75.932,0.949],[-75.924,0.931],[-75.909,0.918],[-75.894,0.899],[-75.883,0.881],[-75.874,0.87],[-75.861,0.869],[-75.853,0.873],[-75.842,0.877],[-75.837,0.877],[-75.832,0.877],[-75.829,0.877],[-75.802,0.86],[-75.802,0.848],[-75.8,0.827],[-75.789,0.817],[-75.77,0.817],[-75.769,0.822],[-75.765,0.834],[-75.759,0.839],[-75.743,0.84],[-75.72,0.84],[-75.704,0.845],[-75.683,0.853],[-75.669,0.857],[-75.658,0.86],[-75.642,0.86],[-75.643,0.856],[-75.645,0.846],[-75.638,0.835],[-75.621,0.834],[-75.611,0.832],[-75.593,0.831],[-75.577,0.829],[-75.564,0.818],[-75.56,0.805],[-75.562,0.789],[-75.553,0.768],[-75.544,0.76],[-75.534,0.759],[-75.521,0.76],[-75.508,0.76],[-75.5,0.746],[-75.496,0.745],[-75.478,0.737],[-75.47,0.734],[-75.454,0.73],[-75.439,0.728],[-75.425,0.73],[-75.416,0.733],[-75.404,0.733],[-75.39,0.736],[-75.368,0.743],[-75.357,0.743],[-75.341,0.739],[-75.324,0.727],[-75.316,0.725],[-75.29,0.713],[-75.277,0.689],[-75.282,0.673],[-75.288,0.654],[-75.284,0.644],[-75.27,0.632],[-75.25,0.613],[-75.238,0.586],[-75.246,0.574],[-75.251,0.567],[-75.26,0.555],[-75.266,0.548],[-75.266,0.539],[-75.257,0.528],[-75.252,0.522],[-75.248,0.518],[-75.233,0.493],[-75.237,0.478],[-75.232,0.466],[-75.215,0.464],[-75.189,0.46],[-75.171,0.46],[-75.167,0.464],[-75.158,0.472],[-75.153,0.476],[-75.144,0.483],[-75.132,0.487],[-75.123,0.486],[-75.126,0.477],[-75.128,0.471],[-75.126,0.462],[-75.097,0.457],[-75.073,0.457],[-75.056,0.457],[-75.045,0.457],[-75.037,0.456],[-75.04,0.446],[-75.034,0.435],[-75.023,0.421],[-75.012,0.407],[-75.003,0.395],[-75.003,0.388],[-75.008,0.379],[-75.017,0.376],[-75.022,0.37],[-75.023,0.354],[-75.023,0.345],[-75.025,0.337],[-75.022,0.323],[-75.014,0.312],[-75.006,0.303],[-75.005,0.294],[-75.01,0.284],[-75.022,0.272],[-75.029,0.26],[-75.028,0.25],[-75.015,0.246],[-74.996,0.234],[-74.97,0.227],[-74.962,0.225],[-74.944,0.22],[-74.926,0.213],[-74.868,0.194],[-74.851,0.194],[-74.835,0.192],[-74.799,0.185],[-74.786,0.187],[-74.755,0.179],[-74.738,0.173],[-74.728,0.156],[-74.725,0.151],[-74.719,0.143],[-74.708,0.132],[-74.707,0.124],[-74.708,0.111],[-74.707,0.094],[-74.707,0.082],[-74.709,0.072],[-74.718,0.065],[-74.73,0.07],[-74.733,0.061],[-74.736,0.047],[-74.729,0.044],[-74.721,0.042],[-74.708,0.042],[-74.698,0.04],[-74.693,0.028],[-74.695,0.023],[-74.702,0.019],[-74.716,0.015],[-74.721,0.013],[-74.72,0.002],[-74.708,-0.014],[-74.705,-0.03],[-74.695,-0.049],[-74.682,-0.06],[-74.682,-0.066],[-74.692,-0.076],[-74.701,-0.097],[-74.701,-0.103],[-74.696,-0.105],[-74.689,-0.1],[-74.681,-0.096],[-74.675,-0.095],[-74.67,-0.091],[-74.661,-0.092],[-74.65,-0.103],[-74.647,-0.111],[-74.642,-0.126],[-74.642,-0.133],[-74.624,-0.14],[-74.607,-0.145],[-74.587,-0.153],[-74.572,-0.157],[-74.56,-0.161],[-74.554,-0.16],[-74.555,-0.152],[-74.557,-0.149],[-74.557,-0.14],[-74.547,-0.135],[-74.535,-0.14],[-74.536,-0.154],[-74.537,-0.164],[-74.529,-0.173],[-74.519,-0.17],[-74.506,-0.169],[-74.494,-0.155],[-74.491,-0.142],[-74.488,-0.131],[-74.486,-0.12],[-74.481,-0.119],[-74.468,-0.121],[-74.462,-0.125],[-74.447,-0.134],[-74.448,-0.139],[-74.457,-0.144],[-74.463,-0.152],[-74.459,-0.162],[-74.448,-0.167],[-74.433,-0.163],[-74.422,-0.162],[-74.415,-0.156],[-74.406,-0.151],[-74.396,-0.148],[-74.388,-0.15],[-74.376,-0.153],[-74.371,-0.157],[-74.36,-0.16],[-74.354,-0.164],[-74.347,-0.169],[-74.341,-0.173],[-74.325,-0.176],[-74.317,-0.176],[-74.298,-0.178],[-74.295,-0.2],[-74.302,-0.208],[-74.317,-0.229],[-74.317,-0.236],[-74.315,-0.242],[-74.301,-0.249],[-74.291,-0.254],[-74.279,-0.26],[-74.269,-0.265],[-74.259,-0.27],[-74.255,-0.271],[-74.252,-0.273],[-74.251,-0.266],[-74.251,-0.259],[-74.247,-0.255],[-74.23,-0.258],[-74.225,-0.273],[-74.219,-0.291],[-74.213,-0.296],[-74.205,-0.3],[-74.195,-0.299],[-74.186,-0.293],[-74.179,-0.289],[-74.172,-0.285],[-74.168,-0.28],[-74.164,-0.279],[-74.149,-0.285],[-74.135,-0.293],[-74.119,-0.311],[-74.114,-0.314],[-74.108,-0.316],[-74.097,-0.317],[-74.082,-0.315],[-74.075,-0.333],[-74.057,-0.365],[-74.023,-0.381],[-74.01,-0.383],[-73.99,-0.391],[-73.977,-0.395],[-73.965,-0.397],[-73.956,-0.399],[-73.95,-0.399],[-73.941,-0.401],[-73.933,-0.406],[-73.917,-0.414],[-73.901,-0.422],[-73.893,-0.427],[-73.886,-0.429],[-73.884,-0.431],[-74.412,-0.588],[-74.413,-0.583],[-74.417,-0.579],[-74.424,-0.577],[-74.433,-0.572],[-74.442,-0.575],[-74.446,-0.573],[-74.446,-0.569],[-74.446,-0.558],[-74.445,-0.547],[-74.443,-0.533],[-74.452,-0.529],[-74.464,-0.527],[-74.472,-0.525],[-74.484,-0.513],[-74.498,-0.506],[-74.509,-0.51],[-74.516,-0.497],[-74.525,-0.485],[-74.532,-0.492],[-74.542,-0.501],[-74.547,-0.501],[-74.55,-0.492],[-74.554,-0.478],[-74.556,-0.464],[-74.565,-0.45],[-74.572,-0.436],[-74.581,-0.423],[-74.592,-0.417],[-74.607,-0.407],[-74.616,-0.405],[-74.619,-0.402],[-74.621,-0.394],[-74.642,-0.385],[-74.66,-0.391],[-74.673,-0.402],[-74.682,-0.403],[-74.688,-0.397],[-74.69,-0.384],[-74.694,-0.379],[-74.696,-0.375],[-74.696,-0.367],[-74.705,-0.361],[-74.711,-0.364],[-74.72,-0.367],[-74.728,-0.37],[-74.735,-0.37],[-74.741,-0.347],[-74.738,-0.323],[-74.743,-0.312],[-74.752,-0.299],[-74.758,-0.287],[-74.772,-0.262],[-74.784,-0.244],[-74.803,-0.222],[-74.844,-0.185],[-74.85,-0.191],[-74.851,-0.205],[-74.847,-0.219],[-74.852,-0.227],[-74.863,-0.238],[-74.885,-0.25],[-74.897,-0.249],[-74.907,-0.241],[-74.915,-0.236],[-74.925,-0.229],[-74.931,-0.217],[-74.935,-0.213],[-74.945,-0.214],[-74.954,-0.22],[-74.965,-0.222],[-74.969,-0.22],[-74.977,-0.208],[-74.983,-0.203],[-74.997,-0.186],[-75.005,-0.171],[-75.017,-0.161],[-75.025,-0.158],[-75.049,-0.147],[-75.057,-0.134],[-75.066,-0.126],[-75.078,-0.119],[-75.089,-0.11],[-75.122,-0.088],[-75.135,-0.089],[-75.145,-0.086],[-75.16,-0.078],[-75.171,-0.068],[-75.183,-0.06],[-75.194,-0.056],[-75.199,-0.053],[-75.211,-0.049],[-75.214,-0.047],[-75.229,-0.048],[-75.237,-0.054],[-75.246,-0.061],[-75.25,-0.071],[-75.256,-0.079],[-75.262,-0.083],[-75.268,-0.094],[-75.272,-0.106],[-75.28,-0.114],[-75.291,-0.127],[-75.304,-0.125],[-75.314,-0.116],[-75.328,-0.108],[-75.352,-0.101],[-75.372,-0.096],[-75.391,-0.092],[-75.4,-0.09],[-75.416,-0.1],[-75.428,-0.098],[-75.441,-0.094],[-75.466,-0.075],[-75.471,-0.06],[-75.486,-0.054],[-75.522,-0.043],[-75.546,-0.024],[-75.562,-0.019],[-75.584,-0.013],[-75.598,0.006],[-75.607,0.012],[-75.617,0.025],[-75.624,0.049],[-75.64,0.063],[-75.66,0.057],[-75.675,0.047],[-75.687,0.038],[-75.708,0.034],[-75.725,0.032],[-75.743,0.036],[-75.767,0.041],[-75.784,0.045],[-75.803,0.052],[-75.828,0.059],[-75.846,0.064],[-75.857,0.075],[-75.868,0.088],[-75.882,0.1],[-75.892,0.101],[-75.909,0.113],[-75.92,0.128],[-75.932,0.14],[-75.945,0.153],[-75.957,0.16],[-75.965,0.169],[-75.983,0.2],[-75.986,0.21],[-76.001,0.223],[-76.019,0.236],[-76.026,0.245],[-76.021,0.263],[-76.026,0.273],[-76.032,0.278],[-76.037,0.289],[-76.041,0.299],[-76.056,0.305],[-76.08,0.313],[-76.089,0.318],[-76.104,0.325],[-76.112,0.326],[-76.119,0.334],[-76.123,0.334],[-76.132,0.333],[-76.139,0.33],[-76.148,0.323],[-76.153,0.329],[-76.154,0.343],[-76.156,0.352],[-76.162,0.36],[-76.166,0.368],[-76.182,0.38],[-76.199,0.381],[-76.216,0.379],[-76.227,0.384],[-76.235,0.387],[-76.242,0.387],[-76.251,0.387],[-76.262,0.392],[-76.272,0.392],[-76.284,0.394],[-76.301,0.4],[-76.309,0.406],[-76.329,0.417],[-76.344,0.419],[-76.349,0.414],[-76.356,0.405],[-76.367,0.393],[-76.373,0.379],[-76.388,0.381],[-76.398,0.383],[-76.415,0.383],[-76.428,0.382],[-76.441,0.383],[-76.456,0.382],[-76.451,0.251],[-76.46,0.25],[-76.474,0.251],[-76.493,0.252],[-76.513,0.252],[-76.531,0.246],[-76.548,0.24],[-76.559,0.233],[-76.587,0.221],[-76.602,0.21],[-76.613,0.205],[-76.617,0.214],[-76.622,0.231],[-76.631,0.244],[-76.652,0.26],[-76.689,0.273],[-76.713,0.274],[-76.727,0.274],[-76.748,0.278],[-76.769,0.28],[-76.78,0.28],[-76.796,0.276],[-76.809,0.275],[-76.81,0.272],[-76.805,0.263],[-76.797,0.254],[-76.788,0.235],[-76.787,0.231],[-76.799,0.237],[-76.827,0.252],[-76.848,0.256],[-76.863,0.252],[-76.873,0.246],[-76.888,0.243],[-76.902,0.244],[-76.915,0.25],[-76.938,0.261],[-76.946,0.263],[-76.956,0.265],[-76.964,0.283],[-76.968,0.291],[-76.983,0.292],[-77.006,0.292],[-77.026,0.298],[-77.048,0.297],[-77.068,0.298],[-77.08,0.298],[-77.088,0.298],[-77.1,0.322],[-77.107,0.339],[-77.121,0.358],[-77.114,0.359],[-77.115,0.366],[-77.113,0.371],[-77.11,0.376],[-77.106,0.391],[-77.11,0.405],[-77.114,0.417],[-77.113,0.426],[-77.107,0.44],[-77.108,0.447],[-77.116,0.46],[-77.125,0.481],[-77.13,0.496],[-77.142,0.511],[-77.151,0.53],[-77.147,0.555],[-77.141,0.567],[-77.134,0.582],[-77.138,0.595],[-77.147,0.605],[-77.153,0.613],[-77.16,0.624],[-77.159,0.629],[-77.144,0.635],[-77.124,0.634],[-77.115,0.636],[-77.106,0.639],[-77.091,0.642],[-77.087,0.646],[-77.072,0.647],[-77.059,0.651],[-77.036,0.659],[-77.031,0.661],[-77.034,0.67],[-77.037,0.679],[-77.038,0.704],[-77.044,0.73],[-77.049,0.749],[-77.057,0.778],[-77.064,0.805],[-77.067,0.834],[-77.063,0.851],[-77.062,0.867],[-77.079,0.883],[-77.09,0.901],[-77.098,0.925],[-77.099,0.947],[-77.104,0.965],[-77.094,0.958],[-77.102,0.988],[-77.101,1.019],[-77.101,1.033],[-77.107,1.057],[-77.112,1.083],[-77.113,1.098],[-77.112,1.133],[-77.115,1.156],[-77.115,1.162],[-77.116,1.173],[-77.114,1.186],[-77.104,1.201],[-77.099,1.204],[-77.096,1.206],[-77.076,1.211],[-77.054,1.217],[-77.035,1.224],[-77.015,1.232],[-77.009,1.232],[-77.002,1.235],[-76.99,1.238],[-76.965,1.243],[-76.952,1.253],[-76.924,1.268],[-76.895,1.284],[-76.891,1.284],[-76.865,1.304],[-76.862,1.303],[-76.855,1.299],[-76.843,1.293],[-76.835,1.294],[-76.83,1.294],[-76.821,1.295],[-76.818,1.292],[-76.809,1.293],[-76.796,1.293],[-76.783,1.298],[-76.767,1.311],[-76.761,1.322],[-76.754,1.334],[-76.749,1.345],[-76.748,1.36],[-76.746,1.375],[-76.742,1.383],[-76.737,1.394],[-76.725,1.403],[-76.712,1.415],[-76.701,1.424],[-76.685,1.427],[-76.676,1.427],[-76.666,1.413],[-76.662,1.41],[-76.648,1.405],[-76.628,1.393],[-76.61,1.383],[-76.588,1.361],[-76.577,1.339],[-76.578,1.316]]]}},{"type":"Feature","properties":{"n":"AMAZONAS"},"geometry":{"type":"Polygon","coordinates":[[[-71.386,0.119],[-71.376,0.112],[-71.372,0.113],[-71.369,0.124],[-71.369,0.131],[-71.359,0.125],[-71.355,0.111],[-71.355,0.102],[-71.351,0.091],[-71.343,0.084],[-71.332,0.075],[-71.329,0.065],[-71.326,0.058],[-71.321,0.051],[-71.317,0.044],[-71.306,0.04],[-71.305,0.043],[-71.297,0.046],[-71.285,0.038],[-71.279,0.033],[-71.261,0.03],[-71.25,0.028],[-71.248,0.033],[-71.247,0.043],[-71.245,0.052],[-71.239,0.058],[-71.231,0.056],[-71.223,0.057],[-71.221,0.064],[-71.21,0.062],[-71.195,0.058],[-71.185,0.042],[-71.179,0.03],[-71.17,0.011],[-71.167,0.001],[-71.164,-0.008],[-71.152,-0.008],[-71.146,-0.0],[-71.133,-0.005],[-71.129,-0.014],[-71.129,-0.023],[-71.118,-0.029],[-71.112,-0.026],[-71.1,-0.032],[-71.091,-0.033],[-71.08,-0.034],[-71.068,-0.038],[-71.066,-0.043],[-71.07,-0.049],[-71.072,-0.053],[-71.069,-0.058],[-71.061,-0.065],[-71.054,-0.07],[-71.049,-0.063],[-71.049,-0.058],[-71.05,-0.05],[-71.039,-0.047],[-71.028,-0.043],[-71.017,-0.046],[-71.01,-0.049],[-70.993,-0.062],[-70.982,-0.071],[-70.967,-0.084],[-70.962,-0.087],[-70.954,-0.1],[-70.951,-0.113],[-70.944,-0.122],[-70.932,-0.138],[-70.918,-0.154],[-70.919,-0.16],[-70.921,-0.163],[-70.925,-0.166],[-70.929,-0.166],[-70.933,-0.165],[-70.941,-0.164],[-70.945,-0.166],[-70.953,-0.175],[-70.957,-0.179],[-70.959,-0.189],[-70.954,-0.194],[-70.95,-0.199],[-70.948,-0.203],[-70.943,-0.211],[-70.94,-0.223],[-70.936,-0.226],[-70.933,-0.227],[-70.93,-0.229],[-70.928,-0.232],[-70.927,-0.237],[-70.915,-0.245],[-70.913,-0.251],[-70.913,-0.257],[-70.91,-0.268],[-70.901,-0.276],[-70.896,-0.29],[-70.898,-0.298],[-70.901,-0.312],[-70.901,-0.333],[-70.9,-0.339],[-70.891,-0.346],[-70.876,-0.352],[-70.868,-0.369],[-70.867,-0.371],[-70.863,-0.375],[-70.86,-0.381],[-70.852,-0.389],[-70.845,-0.385],[-70.834,-0.382],[-70.822,-0.382],[-70.814,-0.382],[-70.805,-0.377],[-70.796,-0.372],[-70.79,-0.363],[-70.789,-0.356],[-70.788,-0.35],[-70.784,-0.341],[-70.768,-0.332],[-70.764,-0.325],[-70.748,-0.332],[-70.725,-0.345],[-70.706,-0.354],[-70.695,-0.363],[-70.671,-0.379],[-70.667,-0.372],[-70.659,-0.363],[-70.643,-0.363],[-70.634,-0.368],[-70.62,-0.388],[-70.604,-0.405],[-70.596,-0.413],[-70.584,-0.418],[-70.576,-0.414],[-70.562,-0.408],[-70.564,-0.4],[-70.557,-0.401],[-70.547,-0.405],[-70.54,-0.401],[-70.533,-0.402],[-70.524,-0.407],[-70.514,-0.414],[-70.5,-0.429],[-70.497,-0.432],[-70.489,-0.442],[-70.482,-0.454],[-70.473,-0.468],[-70.466,-0.479],[-70.461,-0.485],[-70.458,-0.493],[-70.457,-0.513],[-70.458,-0.516],[-70.459,-0.521],[-70.444,-0.52],[-70.43,-0.513],[-70.408,-0.504],[-70.395,-0.502],[-70.386,-0.509],[-70.38,-0.517],[-70.368,-0.526],[-70.343,-0.519],[-70.328,-0.519],[-70.336,-0.514],[-70.343,-0.51],[-70.354,-0.504],[-70.356,-0.503],[-70.36,-0.501],[-70.364,-0.499],[-70.364,-0.492],[-70.359,-0.488],[-70.354,-0.485],[-70.342,-0.482],[-70.334,-0.48],[-70.316,-0.481],[-70.31,-0.474],[-70.304,-0.464],[-70.299,-0.458],[-70.288,-0.458],[-70.269,-0.471],[-70.254,-0.479],[-70.237,-0.479],[-70.219,-0.484],[-70.209,-0.489],[-70.205,-0.503],[-70.208,-0.512],[-70.216,-0.516],[-70.224,-0.519],[-70.235,-0.512],[-70.238,-0.512],[-70.247,-0.522],[-70.258,-0.533],[-70.27,-0.545],[-70.292,-0.56],[-70.301,-0.573],[-70.312,-0.587],[-70.317,-0.608],[-70.316,-0.621],[-70.312,-0.623],[-70.308,-0.616],[-70.294,-0.6],[-70.275,-0.612],[-70.267,-0.635],[-70.267,-0.659],[-70.265,-0.691],[-70.259,-0.71],[-70.26,-0.726],[-70.264,-0.739],[-70.259,-0.771],[-70.258,-0.781],[-70.271,-0.788],[-70.283,-0.799],[-70.286,-0.803],[-70.289,-0.81],[-70.284,-0.832],[-70.284,-0.843],[-70.277,-0.858],[-70.262,-0.869],[-70.242,-0.894],[-70.236,-0.914],[-70.239,-0.932],[-70.248,-0.948],[-70.261,-0.969],[-70.265,-0.977],[-70.275,-0.981],[-70.291,-0.982],[-70.296,-0.989],[-70.3,-0.999],[-70.294,-1.021],[-70.28,-1.044],[-70.269,-1.054],[-70.242,-1.054],[-70.239,-1.041],[-70.239,-1.035],[-70.231,-1.025],[-70.22,-1.017],[-70.201,-1.017],[-70.195,-1.024],[-70.202,-1.053],[-70.212,-1.062],[-70.221,-1.074],[-70.224,-1.085],[-70.22,-1.096],[-70.206,-1.098],[-70.189,-1.105],[-70.182,-1.119],[-70.175,-1.134],[-70.166,-1.145],[-70.151,-1.149],[-70.139,-1.137],[-70.132,-1.122],[-70.126,-1.099],[-70.119,-1.1],[-70.111,-1.096],[-70.097,-1.09],[-70.084,-1.082],[-70.084,-1.073],[-70.088,-1.059],[-70.094,-1.052],[-70.1,-1.05],[-70.115,-1.055],[-70.124,-1.058],[-70.137,-1.055],[-70.142,-1.051],[-70.145,-1.033],[-70.137,-1.021],[-70.121,-1.013],[-70.107,-1.003],[-70.077,-0.986],[-70.067,-0.995],[-70.061,-1.0],[-70.051,-1.009],[-70.047,-1.01],[-70.035,-1.0],[-70.036,-0.989],[-70.037,-0.975],[-70.029,-0.968],[-70.018,-0.975],[-70.012,-0.98],[-70.01,-0.99],[-70.004,-1.004],[-70.0,-1.008],[-69.983,-1.0],[-69.975,-0.999],[-69.971,-0.996],[-69.966,-0.989],[-69.959,-0.984],[-69.948,-0.985],[-69.93,-0.999],[-69.921,-1.005],[-69.913,-1.012],[-69.915,-1.015],[-69.923,-1.017],[-69.928,-1.018],[-69.942,-1.026],[-69.947,-1.034],[-69.95,-1.041],[-69.948,-1.057],[-69.943,-1.062],[-69.951,-1.092],[-69.969,-1.106],[-69.973,-1.111],[-69.975,-1.119],[-69.974,-1.123],[-69.968,-1.126],[-69.963,-1.132],[-69.954,-1.132],[-69.95,-1.13],[-69.938,-1.127],[-69.93,-1.121],[-69.92,-1.117],[-69.904,-1.114],[-69.901,-1.114],[-69.887,-1.113],[-69.877,-1.111],[-69.862,-1.09],[-69.846,-1.077],[-69.84,-1.072],[-69.83,-1.07],[-69.825,-1.069],[-69.821,-1.082],[-69.817,-1.085],[-69.798,-1.109],[-69.791,-1.12],[-69.786,-1.131],[-69.772,-1.136],[-69.759,-1.137],[-69.752,-1.137],[-69.745,-1.132],[-69.743,-1.125],[-69.764,-1.117],[-69.764,-1.108],[-69.768,-1.101],[-69.768,-1.091],[-69.773,-1.091],[-69.782,-1.082],[-69.773,-1.072],[-69.761,-1.069],[-69.751,-1.069],[-69.737,-1.072],[-69.732,-1.072],[-69.718,-1.082],[-69.702,-1.093],[-69.696,-1.103],[-69.689,-1.112],[-69.685,-1.123],[-69.674,-1.136],[-69.663,-1.144],[-69.66,-1.155],[-69.668,-1.164],[-69.678,-1.164],[-69.683,-1.173],[-69.679,-1.188],[-69.682,-1.208],[-69.687,-1.231],[-69.683,-1.244],[-69.671,-1.259],[-69.66,-1.262],[-69.64,-1.258],[-69.64,-1.241],[-69.639,-1.232],[-69.63,-1.218],[-69.615,-1.206],[-69.606,-1.204],[-69.591,-1.202],[-69.58,-1.21],[-69.572,-1.223],[-69.56,-1.224],[-69.549,-1.226],[-69.529,-1.238],[-69.511,-1.251],[-69.487,-1.252],[-69.482,-1.244],[-69.478,-1.233],[-69.478,-1.217],[-69.489,-1.204],[-69.494,-1.19],[-69.49,-1.189],[-69.48,-1.189],[-69.475,-1.182],[-69.476,-1.166],[-69.485,-1.154],[-69.49,-1.141],[-69.489,-1.128],[-69.476,-1.128],[-69.459,-1.117],[-69.448,-1.115],[-69.436,-1.115],[-69.436,-1.111],[-69.433,-1.117],[-69.425,-1.123],[-69.411,-1.143],[-69.405,-1.175],[-69.41,-1.191],[-69.421,-1.213],[-69.43,-1.229],[-69.439,-1.244],[-69.44,-1.258],[-69.433,-1.279],[-69.426,-1.308],[-69.418,-1.339],[-69.414,-1.36],[-69.418,-1.373],[-69.421,-1.397],[-69.434,-1.416],[-69.439,-1.434],[-69.439,-1.444],[-69.438,-1.454],[-69.443,-1.479],[-69.451,-1.494],[-69.46,-1.509],[-69.468,-1.526],[-69.469,-1.542],[-69.47,-1.559],[-69.468,-1.57],[-69.467,-1.581],[-69.467,-1.592],[-69.468,-1.602],[-69.529,-1.963],[-69.563,-2.15],[-69.743,-3.114],[-69.773,-3.271],[-69.8,-3.421],[-69.953,-4.247],[-69.955,-4.245],[-69.972,-4.232],[-69.986,-4.216],[-70.002,-4.193],[-70.015,-4.18],[-70.029,-4.165],[-70.037,-4.154],[-70.045,-4.145],[-70.053,-4.136],[-70.061,-4.124],[-70.073,-4.108],[-70.085,-4.093],[-70.104,-4.076],[-70.115,-4.064],[-70.13,-4.052],[-70.14,-4.043],[-70.146,-4.035],[-70.153,-4.027],[-70.163,-4.009],[-70.168,-3.997],[-70.176,-3.975],[-70.178,-3.961],[-70.187,-3.94],[-70.19,-3.936],[-70.194,-3.915],[-70.201,-3.903],[-70.205,-3.89],[-70.21,-3.886],[-70.214,-3.879],[-70.221,-3.868],[-70.228,-3.856],[-70.236,-3.852],[-70.248,-3.848],[-70.259,-3.845],[-70.273,-3.84],[-70.287,-3.842],[-70.29,-3.845],[-70.296,-3.84],[-70.3,-3.84],[-70.303,-3.839],[-70.309,-3.839],[-70.315,-3.839],[-70.329,-3.839],[-70.34,-3.839],[-70.347,-3.838],[-70.356,-3.834],[-70.368,-3.829],[-70.374,-3.827],[-70.379,-3.827],[-70.386,-3.835],[-70.394,-3.839],[-70.4,-3.845],[-70.404,-3.851],[-70.412,-3.855],[-70.417,-3.862],[-70.423,-3.871],[-70.428,-3.878],[-70.434,-3.885],[-70.44,-3.891],[-70.445,-3.895],[-70.449,-3.899],[-70.452,-3.9],[-70.464,-3.905],[-70.477,-3.911],[-70.49,-3.911],[-70.499,-3.911],[-70.519,-3.902],[-70.53,-3.897],[-70.541,-3.892],[-70.553,-3.886],[-70.565,-3.883],[-70.574,-3.88],[-70.586,-3.881],[-70.589,-3.882],[-70.596,-3.884],[-70.621,-3.884],[-70.635,-3.883],[-70.651,-3.876],[-70.659,-3.874],[-70.679,-3.854],[-70.685,-3.841],[-70.692,-3.839],[-70.702,-3.836],[-70.709,-3.835],[-70.417,-3.355],[-70.328,-3.209],[-70.326,-3.205],[-70.322,-3.199],[-70.078,-2.797],[-70.081,-2.787],[-70.085,-2.767],[-70.087,-2.74],[-70.088,-2.713],[-70.102,-2.692],[-70.113,-2.692],[-70.118,-2.705],[-70.125,-2.712],[-70.128,-2.719],[-70.131,-2.733],[-70.17,-2.749],[-70.169,-2.737],[-70.168,-2.716],[-70.167,-2.705],[-70.16,-2.695],[-70.177,-2.671],[-70.185,-2.662],[-70.195,-2.665],[-70.203,-2.673],[-70.209,-2.682],[-70.213,-2.692],[-70.223,-2.694],[-70.227,-2.695],[-70.232,-2.685],[-70.231,-2.68],[-70.23,-2.669],[-70.229,-2.659],[-70.226,-2.64],[-70.227,-2.622],[-70.229,-2.621],[-70.248,-2.6],[-70.258,-2.596],[-70.275,-2.6],[-70.291,-2.608],[-70.301,-2.609],[-70.324,-2.613],[-70.353,-2.596],[-70.352,-2.591],[-70.343,-2.583],[-70.322,-2.575],[-70.302,-2.57],[-70.295,-2.562],[-70.298,-2.55],[-70.31,-2.542],[-70.324,-2.538],[-70.347,-2.535],[-70.363,-2.54],[-70.387,-2.542],[-70.396,-2.544],[-70.406,-2.547],[-70.414,-2.551],[-70.424,-2.552],[-70.437,-2.55],[-70.445,-2.549],[-70.453,-2.536],[-70.455,-2.512],[-70.472,-2.494],[-70.493,-2.503],[-70.506,-2.509],[-70.515,-2.504],[-70.52,-2.5],[-70.532,-2.489],[-70.557,-2.466],[-70.568,-2.464],[-70.585,-2.466],[-70.584,-2.47],[-70.575,-2.486],[-70.565,-2.503],[-70.563,-2.513],[-70.575,-2.524],[-70.585,-2.525],[-70.605,-2.53],[-70.628,-2.517],[-70.634,-2.495],[-70.617,-2.463],[-70.621,-2.447],[-70.634,-2.441],[-70.652,-2.441],[-70.665,-2.443],[-70.662,-2.425],[-70.659,-2.411],[-70.67,-2.392],[-70.685,-2.381],[-70.707,-2.374],[-70.728,-2.373],[-70.752,-2.353],[-70.769,-2.334],[-70.791,-2.336],[-70.805,-2.332],[-70.816,-2.323],[-70.828,-2.3],[-70.848,-2.278],[-70.867,-2.269],[-70.881,-2.27],[-70.892,-2.274],[-70.91,-2.28],[-70.937,-2.287],[-70.938,-2.286],[-70.956,-2.271],[-70.976,-2.255],[-70.99,-2.248],[-71.009,-2.241],[-71.019,-2.234],[-71.021,-2.244],[-71.019,-2.253],[-71.013,-2.274],[-71.009,-2.284],[-71.003,-2.297],[-71.001,-2.317],[-71.001,-2.325],[-71.014,-2.329],[-71.031,-2.32],[-71.039,-2.317],[-71.056,-2.308],[-71.069,-2.302],[-71.077,-2.305],[-71.088,-2.307],[-71.093,-2.31],[-71.106,-2.316],[-71.118,-2.316],[-71.127,-2.319],[-71.134,-2.328],[-71.134,-2.337],[-71.133,-2.345],[-71.132,-2.364],[-71.13,-2.378],[-71.14,-2.385],[-71.155,-2.384],[-71.168,-2.375],[-71.173,-2.385],[-71.177,-2.4],[-71.184,-2.403],[-71.192,-2.405],[-71.199,-2.403],[-71.208,-2.397],[-71.22,-2.387],[-71.236,-2.376],[-71.242,-2.377],[-71.249,-2.387],[-71.256,-2.394],[-71.259,-2.402],[-71.259,-2.411],[-71.277,-2.414],[-71.274,-2.393],[-71.277,-2.378],[-71.29,-2.372],[-71.304,-2.374],[-71.332,-2.404],[-71.348,-2.408],[-71.359,-2.416],[-71.367,-2.424],[-71.383,-2.43],[-71.388,-2.431],[-71.395,-2.428],[-71.393,-2.4],[-71.399,-2.381],[-71.405,-2.372],[-71.416,-2.366],[-71.419,-2.356],[-71.423,-2.34],[-71.43,-2.331],[-71.44,-2.323],[-71.45,-2.313],[-71.46,-2.307],[-71.484,-2.297],[-71.495,-2.299],[-71.5,-2.315],[-71.503,-2.326],[-71.503,-2.335],[-71.502,-2.342],[-71.502,-2.351],[-71.499,-2.36],[-71.491,-2.372],[-71.492,-2.374],[-71.499,-2.371],[-71.508,-2.365],[-71.518,-2.347],[-71.518,-2.334],[-71.518,-2.32],[-71.516,-2.306],[-71.516,-2.291],[-71.517,-2.279],[-71.522,-2.274],[-71.527,-2.272],[-71.533,-2.272],[-71.541,-2.271],[-71.549,-2.271],[-71.557,-2.27],[-71.565,-2.268],[-71.575,-2.264],[-71.591,-2.259],[-71.601,-2.254],[-71.615,-2.25],[-71.624,-2.247],[-71.638,-2.241],[-71.651,-2.237],[-71.66,-2.237],[-71.667,-2.238],[-71.681,-2.241],[-71.693,-2.242],[-71.7,-2.244],[-71.719,-2.247],[-71.724,-2.243],[-71.726,-2.228],[-71.725,-2.206],[-71.723,-2.189],[-71.729,-2.177],[-71.74,-2.172],[-71.751,-2.177],[-71.757,-2.181],[-71.762,-2.185],[-71.778,-2.194],[-71.787,-2.199],[-71.794,-2.207],[-71.797,-2.216],[-71.805,-2.226],[-71.808,-2.228],[-71.812,-2.23],[-71.814,-2.228],[-71.829,-2.22],[-71.838,-2.222],[-71.838,-2.226],[-71.84,-2.246],[-71.852,-2.256],[-71.852,-2.258],[-71.87,-2.313],[-71.876,-2.325],[-71.876,-2.33],[-71.888,-2.338],[-71.895,-2.339],[-71.904,-2.341],[-71.915,-2.342],[-71.922,-2.34],[-71.933,-2.343],[-71.937,-2.349],[-71.937,-2.358],[-71.937,-2.365],[-71.937,-2.372],[-71.936,-2.378],[-71.934,-2.387],[-71.924,-2.403],[-71.927,-2.405],[-71.932,-2.406],[-71.94,-2.403],[-71.946,-2.395],[-71.954,-2.39],[-71.96,-2.389],[-71.965,-2.392],[-71.975,-2.398],[-71.986,-2.398],[-71.994,-2.395],[-72.0,-2.391],[-72.01,-2.387],[-72.024,-2.377],[-72.044,-2.368],[-72.051,-2.365],[-72.06,-2.369],[-72.062,-2.377],[-72.071,-2.394],[-72.085,-2.408],[-72.115,-2.432],[-72.13,-2.445],[-72.141,-2.452],[-72.146,-2.462],[-72.151,-2.471],[-72.15,-2.479],[-72.147,-2.49],[-72.146,-2.506],[-72.155,-2.503],[-72.16,-2.502],[-72.163,-2.49],[-72.174,-2.47],[-72.187,-2.473],[-72.201,-2.473],[-72.211,-2.471],[-72.218,-2.468],[-72.232,-2.467],[-72.24,-2.468],[-72.251,-2.469],[-72.251,-2.477],[-72.269,-2.493],[-72.278,-2.498],[-72.294,-2.502],[-72.303,-2.507],[-72.315,-2.513],[-72.323,-2.516],[-72.338,-2.521],[-72.351,-2.525],[-72.361,-2.524],[-72.369,-2.52],[-72.376,-2.517],[-72.383,-2.51],[-72.387,-2.499],[-72.39,-2.477],[-72.399,-2.459],[-72.41,-2.458],[-72.423,-2.463],[-72.432,-2.464],[-72.443,-2.463],[-72.452,-2.46],[-72.466,-2.458],[-72.48,-2.455],[-72.502,-2.457],[-72.518,-2.461],[-72.532,-2.46],[-72.548,-2.46],[-72.562,-2.452],[-72.579,-2.441],[-72.592,-2.437],[-72.609,-2.432],[-72.616,-2.432],[-72.629,-2.43],[-72.647,-2.426],[-72.647,-2.432],[-72.647,-2.441],[-72.647,-2.444],[-72.649,-2.453],[-72.657,-2.466],[-72.665,-2.474],[-72.665,-2.485],[-72.669,-2.497],[-72.682,-2.508],[-72.688,-2.507],[-72.701,-2.49],[-72.699,-2.471],[-72.707,-2.462],[-72.717,-2.455],[-72.736,-2.444],[-72.74,-2.447],[-72.743,-2.458],[-72.742,-2.469],[-72.745,-2.481],[-72.751,-2.493],[-72.758,-2.492],[-72.761,-2.485],[-72.764,-2.477],[-72.768,-2.466],[-72.77,-2.458],[-72.777,-2.456],[-72.785,-2.456],[-72.79,-2.459],[-72.802,-2.468],[-72.825,-2.48],[-72.846,-2.484],[-72.87,-2.499],[-72.895,-2.504],[-72.906,-2.51],[-72.925,-2.523],[-72.939,-2.527],[-72.934,-2.515],[-72.927,-2.506],[-72.925,-2.493],[-72.939,-2.481],[-72.947,-2.475],[-72.962,-2.45],[-72.965,-2.427],[-72.956,-2.402],[-72.964,-2.395],[-72.977,-2.401],[-72.988,-2.412],[-73.008,-2.42],[-73.015,-2.416],[-73.036,-2.399],[-73.041,-2.382],[-73.056,-2.385],[-73.056,-2.396],[-73.061,-2.414],[-73.073,-2.428],[-73.079,-2.422],[-73.08,-2.408],[-73.077,-2.397],[-73.075,-2.383],[-73.088,-2.382],[-73.097,-2.389],[-73.107,-2.395],[-73.118,-2.395],[-73.13,-2.394],[-73.128,-2.387],[-73.125,-2.379],[-73.123,-2.376],[-73.12,-2.368],[-73.12,-2.36],[-73.131,-2.342],[-73.138,-2.339],[-73.152,-2.326],[-73.17,-2.31],[-73.181,-2.296],[-73.188,-2.287],[-73.188,-2.274],[-73.182,-2.27],[-73.169,-2.262],[-73.155,-2.255],[-73.14,-2.25],[-73.136,-2.245],[-73.128,-2.234],[-73.119,-2.219],[-73.109,-2.188],[-73.079,-2.162],[-73.077,-2.154],[-73.093,-2.151],[-73.108,-2.148],[-73.113,-2.141],[-73.11,-2.124],[-73.109,-2.112],[-73.112,-2.1],[-73.121,-2.082],[-73.128,-2.074],[-73.126,-2.051],[-73.125,-2.027],[-73.123,-2.014],[-73.125,-2.0],[-73.12,-1.984],[-73.115,-1.969],[-73.118,-1.95],[-73.13,-1.943],[-73.146,-1.937],[-73.158,-1.933],[-73.161,-1.918],[-73.161,-1.909],[-73.161,-1.903],[-73.161,-1.886],[-73.163,-1.88],[-73.169,-1.876],[-73.181,-1.87],[-73.193,-1.864],[-73.207,-1.857],[-73.218,-1.848],[-73.223,-1.84],[-73.23,-1.827],[-73.237,-1.808],[-73.243,-1.81],[-73.244,-1.816],[-73.247,-1.828],[-73.252,-1.844],[-73.26,-1.863],[-73.274,-1.866],[-73.273,-1.857],[-73.273,-1.852],[-73.273,-1.843],[-73.282,-1.843],[-73.305,-1.842],[-73.327,-1.842],[-73.328,-1.851],[-73.322,-1.864],[-73.323,-1.879],[-73.331,-1.879],[-73.336,-1.874],[-73.349,-1.867],[-73.361,-1.861],[-73.376,-1.85],[-73.384,-1.843],[-73.401,-1.843],[-73.422,-1.848],[-73.437,-1.845],[-73.447,-1.832],[-73.453,-1.814],[-73.469,-1.8],[-73.488,-1.797],[-73.506,-1.794],[-73.535,-1.788],[-73.553,-1.782],[-73.556,-1.77],[-73.556,-1.755],[-73.552,-1.746],[-73.539,-1.736],[-73.536,-1.727],[-73.533,-1.707],[-73.529,-1.69],[-73.521,-1.679],[-73.514,-1.671],[-73.514,-1.667],[-73.5,-1.658],[-73.484,-1.649],[-73.481,-1.63],[-73.492,-1.618],[-73.505,-1.614],[-73.514,-1.611],[-73.514,-1.605],[-73.507,-1.597],[-73.505,-1.587],[-73.506,-1.578],[-73.514,-1.572],[-73.513,-1.568],[-73.513,-1.559],[-73.517,-1.541],[-73.522,-1.537],[-73.544,-1.524],[-73.552,-1.516],[-73.554,-1.493],[-73.569,-1.477],[-73.588,-1.477],[-73.601,-1.471],[-73.6,-1.468],[-73.59,-1.458],[-73.578,-1.449],[-73.576,-1.447],[-73.576,-1.437],[-73.588,-1.423],[-73.6,-1.415],[-73.602,-1.399],[-73.601,-1.39],[-73.605,-1.374],[-73.616,-1.374],[-73.626,-1.373],[-73.633,-1.372],[-73.639,-1.361],[-73.642,-1.348],[-73.642,-1.334],[-73.642,-1.326],[-73.663,-1.311],[-73.674,-1.311],[-73.686,-1.309],[-73.696,-1.306],[-73.709,-1.29],[-73.716,-1.291],[-73.732,-1.294],[-73.745,-1.294],[-73.754,-1.294],[-73.765,-1.277],[-73.77,-1.253],[-73.785,-1.251],[-73.79,-1.259],[-73.795,-1.278],[-73.799,-1.294],[-73.809,-1.297],[-73.814,-1.294],[-73.822,-1.286],[-73.833,-1.29],[-73.842,-1.289],[-73.863,-1.281],[-73.885,-1.27],[-73.893,-1.261],[-73.898,-1.25],[-73.905,-1.236],[-73.907,-1.229],[-73.917,-1.202],[-73.921,-1.191],[-73.929,-1.176],[-73.94,-1.166],[-73.949,-1.169],[-73.963,-1.171],[-73.974,-1.174],[-73.986,-1.174],[-73.988,-1.17],[-73.988,-1.165],[-73.987,-1.158],[-73.981,-1.147],[-73.98,-1.14],[-73.99,-1.135],[-73.997,-1.137],[-74.014,-1.152],[-74.025,-1.153],[-74.041,-1.142],[-74.051,-1.122],[-74.058,-1.104],[-74.066,-1.081],[-74.069,-1.055],[-74.08,-1.062],[-74.084,-1.074],[-74.088,-1.087],[-74.096,-1.096],[-74.109,-1.099],[-74.122,-1.092],[-74.132,-1.088],[-74.162,-1.072],[-74.188,-1.067],[-74.213,-1.062],[-74.244,-1.051],[-74.258,-1.044],[-74.277,-1.034],[-74.294,-1.023],[-74.3,-1.004],[-74.304,-0.989],[-74.304,-0.975],[-74.303,-0.96],[-74.315,-0.951],[-74.334,-0.949],[-74.345,-0.927],[-74.327,-0.924],[-74.31,-0.93],[-74.299,-0.931],[-74.29,-0.929],[-74.292,-0.912],[-74.289,-0.893],[-74.282,-0.891],[-74.28,-0.872],[-74.292,-0.858],[-74.305,-0.858],[-74.316,-0.856],[-74.316,-0.846],[-74.317,-0.829],[-74.319,-0.826],[-74.321,-0.826],[-74.331,-0.833],[-74.336,-0.832],[-74.341,-0.825],[-74.345,-0.813],[-74.345,-0.804],[-74.355,-0.795],[-74.366,-0.795],[-74.373,-0.794],[-74.385,-0.784],[-74.394,-0.779],[-74.4,-0.767],[-74.388,-0.749],[-74.376,-0.734],[-74.374,-0.712],[-74.375,-0.704],[-74.384,-0.697],[-74.393,-0.689],[-74.393,-0.686],[-74.392,-0.673],[-74.392,-0.659],[-74.397,-0.644],[-74.397,-0.635],[-74.401,-0.609],[-74.403,-0.598],[-74.412,-0.588],[-73.884,-0.431],[-73.876,-0.428],[-73.87,-0.427],[-73.864,-0.434],[-73.86,-0.437],[-73.853,-0.441],[-73.848,-0.442],[-73.843,-0.442],[-73.84,-0.443],[-73.835,-0.443],[-73.828,-0.444],[-73.826,-0.443],[-73.822,-0.443],[-73.816,-0.441],[-73.811,-0.441],[-73.804,-0.438],[-73.8,-0.437],[-73.796,-0.435],[-73.793,-0.432],[-73.79,-0.429],[-73.789,-0.425],[-73.787,-0.421],[-73.787,-0.419],[-73.783,-0.417],[-73.774,-0.413],[-73.764,-0.411],[-73.754,-0.41],[-73.751,-0.41],[-73.744,-0.416],[-73.74,-0.419],[-73.733,-0.42],[-73.732,-0.422],[-73.731,-0.424],[-73.727,-0.428],[-73.724,-0.433],[-73.712,-0.44],[-73.705,-0.444],[-73.702,-0.444],[-73.7,-0.444],[-73.694,-0.443],[-73.691,-0.442],[-73.688,-0.442],[-73.678,-0.445],[-73.678,-0.453],[-73.68,-0.463],[-73.68,-0.472],[-73.679,-0.476],[-73.668,-0.474],[-73.662,-0.472],[-73.654,-0.47],[-73.645,-0.468],[-73.634,-0.467],[-73.629,-0.469],[-73.624,-0.478],[-73.623,-0.488],[-73.622,-0.494],[-73.617,-0.501],[-73.606,-0.51],[-73.588,-0.519],[-73.596,-0.528],[-73.596,-0.54],[-73.596,-0.544],[-73.584,-0.545],[-73.581,-0.544],[-73.575,-0.538],[-73.571,-0.532],[-73.559,-0.542],[-73.548,-0.551],[-73.538,-0.555],[-73.533,-0.556],[-73.525,-0.556],[-73.518,-0.556],[-73.502,-0.556],[-73.489,-0.555],[-73.476,-0.552],[-73.462,-0.55],[-73.454,-0.547],[-73.436,-0.556],[-73.43,-0.557],[-73.42,-0.557],[-73.416,-0.557],[-73.404,-0.552],[-73.387,-0.545],[-73.385,-0.545],[-73.366,-0.552],[-73.352,-0.559],[-73.34,-0.565],[-73.333,-0.568],[-73.321,-0.571],[-73.307,-0.573],[-73.294,-0.582],[-73.287,-0.594],[-73.284,-0.599],[-73.278,-0.607],[-73.276,-0.614],[-73.272,-0.615],[-73.254,-0.625],[-73.253,-0.637],[-73.24,-0.645],[-73.231,-0.653],[-73.223,-0.658],[-73.216,-0.658],[-73.208,-0.657],[-73.198,-0.65],[-73.189,-0.645],[-73.182,-0.643],[-73.171,-0.638],[-73.164,-0.636],[-73.157,-0.636],[-73.144,-0.635],[-73.135,-0.639],[-73.127,-0.644],[-73.117,-0.648],[-73.105,-0.648],[-73.1,-0.646],[-73.093,-0.642],[-73.093,-0.633],[-73.092,-0.625],[-73.092,-0.613],[-73.092,-0.601],[-73.088,-0.595],[-73.085,-0.592],[-73.078,-0.584],[-73.075,-0.576],[-73.069,-0.559],[-73.061,-0.554],[-73.049,-0.554],[-73.033,-0.554],[-73.031,-0.554],[-73.016,-0.556],[-72.998,-0.564],[-72.993,-0.573],[-72.987,-0.579],[-72.977,-0.586],[-72.967,-0.608],[-72.963,-0.617],[-72.958,-0.632],[-72.953,-0.64],[-72.951,-0.646],[-72.943,-0.646],[-72.936,-0.646],[-72.923,-0.644],[-72.914,-0.644],[-72.899,-0.649],[-72.882,-0.648],[-72.871,-0.645],[-72.859,-0.642],[-72.851,-0.637],[-72.843,-0.634],[-72.834,-0.63],[-72.826,-0.622],[-72.823,-0.619],[-72.818,-0.618],[-72.81,-0.607],[-72.803,-0.601],[-72.796,-0.59],[-72.784,-0.585],[-72.772,-0.585],[-72.767,-0.592],[-72.765,-0.599],[-72.743,-0.611],[-72.732,-0.617],[-72.725,-0.628],[-72.717,-0.634],[-72.714,-0.638],[-72.71,-0.642],[-72.651,-0.691],[-72.643,-0.697],[-72.632,-0.705],[-72.622,-0.711],[-72.613,-0.718],[-72.602,-0.724],[-72.591,-0.729],[-72.589,-0.73],[-72.58,-0.73],[-72.571,-0.722],[-72.567,-0.713],[-72.562,-0.707],[-72.556,-0.701],[-72.549,-0.695],[-72.541,-0.688],[-72.534,-0.68],[-72.526,-0.667],[-72.52,-0.662],[-72.512,-0.653],[-72.507,-0.644],[-72.504,-0.639],[-72.495,-0.632],[-72.491,-0.623],[-72.484,-0.617],[-72.481,-0.612],[-72.471,-0.605],[-72.452,-0.59],[-72.444,-0.586],[-72.433,-0.586],[-72.433,-0.593],[-72.432,-0.604],[-72.431,-0.614],[-72.427,-0.619],[-72.421,-0.622],[-72.414,-0.63],[-72.411,-0.634],[-72.402,-0.642],[-72.399,-0.648],[-72.394,-0.651],[-72.387,-0.655],[-72.382,-0.655],[-72.374,-0.662],[-72.367,-0.666],[-72.361,-0.669],[-72.353,-0.67],[-72.347,-0.67],[-72.338,-0.672],[-72.336,-0.672],[-72.32,-0.666],[-72.31,-0.661],[-72.297,-0.657],[-72.289,-0.654],[-72.261,-0.617],[-72.25,-0.592],[-72.245,-0.573],[-72.238,-0.55],[-72.228,-0.528],[-72.218,-0.51],[-72.212,-0.498],[-72.201,-0.454],[-72.192,-0.44],[-72.175,-0.424],[-72.163,-0.414],[-72.15,-0.402],[-72.138,-0.392],[-72.125,-0.389],[-72.111,-0.379],[-72.096,-0.371],[-72.076,-0.36],[-72.073,-0.349],[-72.076,-0.339],[-72.076,-0.326],[-72.07,-0.308],[-72.058,-0.297],[-72.047,-0.285],[-72.029,-0.281],[-72.008,-0.28],[-72.007,-0.281],[-71.986,-0.284],[-71.964,-0.289],[-71.949,-0.293],[-71.934,-0.294],[-71.917,-0.3],[-71.903,-0.303],[-71.89,-0.306],[-71.856,-0.301],[-71.833,-0.293],[-71.814,-0.276],[-71.801,-0.263],[-71.773,-0.182],[-71.762,-0.16],[-71.755,-0.153],[-71.743,-0.139],[-71.733,-0.127],[-71.718,-0.117],[-71.71,-0.113],[-71.691,-0.092],[-71.664,-0.078],[-71.645,-0.065],[-71.628,-0.051],[-71.623,-0.032],[-71.616,-0.02],[-71.612,-0.013],[-71.597,-0.002],[-71.579,0.01],[-71.571,0.021],[-71.563,0.025],[-71.552,0.037],[-71.541,0.047],[-71.533,0.057],[-71.521,0.075],[-71.508,0.09],[-71.505,0.098],[-71.497,0.108],[-71.493,0.108],[-71.49,0.114],[-71.488,0.113],[-71.486,0.118],[-71.47,0.121],[-71.467,0.121],[-71.451,0.118],[-71.437,0.118],[-71.434,0.123],[-71.43,0.129],[-71.43,0.135],[-71.43,0.147],[-71.427,0.159],[-71.421,0.16],[-71.412,0.159],[-71.411,0.152],[-71.406,0.14],[-71.401,0.13],[-71.396,0.128],[-71.386,0.119]]]}},{"type":"Feature","properties":{"n":"GUAINIA"},"geometry":{"type":"Polygon","coordinates":[[[-67.688,3.861],[-67.683,3.844],[-67.671,3.821],[-67.669,3.814],[-67.662,3.788],[-67.657,3.755],[-67.652,3.74],[-67.639,3.721],[-67.609,3.701],[-67.579,3.703],[-67.55,3.712],[-67.538,3.726],[-67.517,3.721],[-67.508,3.713],[-67.497,3.681],[-67.494,3.671],[-67.485,3.653],[-67.466,3.633],[-67.467,3.626],[-67.462,3.608],[-67.458,3.593],[-67.455,3.578],[-67.45,3.549],[-67.426,3.504],[-67.417,3.487],[-67.413,3.463],[-67.419,3.451],[-67.403,3.431],[-67.385,3.421],[-67.365,3.409],[-67.348,3.401],[-67.339,3.389],[-67.34,3.384],[-67.336,3.366],[-67.324,3.336],[-67.324,3.314],[-67.33,3.302],[-67.339,3.28],[-67.345,3.269],[-67.356,3.262],[-67.374,3.252],[-67.382,3.241],[-67.381,3.231],[-67.381,3.217],[-67.381,3.207],[-67.383,3.196],[-67.43,3.196],[-67.563,3.069],[-67.859,2.79],[-67.859,2.751],[-67.855,2.752],[-67.826,2.772],[-67.816,2.773],[-67.781,2.78],[-67.757,2.776],[-67.739,2.76],[-67.73,2.75],[-67.711,2.743],[-67.681,2.732],[-67.654,2.733],[-67.619,2.73],[-67.598,2.719],[-67.591,2.693],[-67.582,2.681],[-67.572,2.667],[-67.572,2.649],[-67.577,2.637],[-67.576,2.606],[-67.575,2.599],[-67.565,2.602],[-67.545,2.611],[-67.503,2.604],[-67.489,2.581],[-67.481,2.57],[-67.456,2.557],[-67.433,2.533],[-67.428,2.527],[-67.414,2.512],[-67.392,2.486],[-67.383,2.476],[-67.372,2.471],[-67.359,2.46],[-67.352,2.447],[-67.34,2.432],[-67.322,2.404],[-67.3,2.374],[-67.287,2.363],[-67.264,2.355],[-67.252,2.351],[-67.243,2.335],[-67.233,2.322],[-67.223,2.308],[-67.216,2.3],[-67.212,2.285],[-67.214,2.266],[-67.226,2.254],[-67.237,2.233],[-67.239,2.22],[-67.24,2.201],[-67.232,2.172],[-67.228,2.157],[-67.214,2.135],[-67.209,2.111],[-67.189,2.076],[-67.18,2.065],[-67.166,2.065],[-67.138,2.058],[-67.133,2.053],[-67.139,2.038],[-67.131,2.015],[-67.127,1.999],[-67.127,1.981],[-67.133,1.97],[-67.139,1.954],[-67.146,1.938],[-67.149,1.935],[-67.145,1.921],[-67.117,1.896],[-67.096,1.863],[-67.087,1.846],[-67.081,1.827],[-67.075,1.81],[-67.065,1.796],[-67.06,1.778],[-67.058,1.755],[-67.055,1.737],[-67.055,1.718],[-67.054,1.71],[-67.031,1.67],[-67.018,1.622],[-67.014,1.604],[-67.003,1.586],[-66.991,1.569],[-66.985,1.549],[-66.981,1.526],[-66.977,1.511],[-66.964,1.494],[-66.954,1.478],[-66.949,1.454],[-66.945,1.439],[-66.938,1.415],[-66.936,1.396],[-66.936,1.375],[-66.931,1.353],[-66.922,1.338],[-66.902,1.32],[-66.895,1.302],[-66.884,1.28],[-66.884,1.26],[-66.887,1.252],[-66.89,1.247],[-66.893,1.233],[-66.9,1.223],[-66.905,1.215],[-66.905,1.207],[-66.901,1.197],[-66.894,1.186],[-66.883,1.168],[-66.874,1.141],[-67.093,1.101],[-67.091,1.13],[-67.096,1.169],[-67.105,1.195],[-67.107,1.221],[-67.1,1.252],[-67.097,1.27],[-67.101,1.3],[-67.103,1.332],[-67.104,1.36],[-67.11,1.39],[-67.124,1.436],[-67.138,1.468],[-67.149,1.499],[-67.154,1.514],[-67.16,1.548],[-67.171,1.588],[-67.184,1.625],[-67.197,1.658],[-67.215,1.686],[-67.232,1.712],[-67.255,1.74],[-67.275,1.757],[-67.293,1.769],[-67.31,1.806],[-67.323,1.847],[-67.339,1.887],[-67.354,1.921],[-67.366,1.961],[-67.382,1.988],[-67.407,2.021],[-67.437,2.051],[-67.45,2.057],[-67.472,2.063],[-67.484,2.067],[-67.511,2.074],[-67.521,2.063],[-67.541,2.046],[-67.555,2.038],[-67.568,2.024],[-67.593,2.011],[-67.609,1.998],[-67.62,1.985],[-67.64,1.95],[-67.664,1.917],[-67.674,1.897],[-67.692,1.876],[-67.709,1.845],[-67.714,1.836],[-67.744,1.814],[-67.763,1.788],[-67.778,1.773],[-67.794,1.761],[-67.803,1.749],[-67.816,1.732],[-67.835,1.719],[-67.854,1.71],[-67.875,1.697],[-67.899,1.684],[-67.926,1.677],[-67.947,1.682],[-67.964,1.688],[-67.993,1.704],[-68.016,1.714],[-68.037,1.732],[-68.052,1.747],[-68.064,1.758],[-68.075,1.766],[-68.084,1.783],[-68.1,1.811],[-68.108,1.842],[-68.129,1.868],[-68.144,1.881],[-68.16,1.889],[-68.181,1.894],[-68.204,1.903],[-68.217,1.911],[-68.231,1.914],[-68.237,1.902],[-68.239,1.895],[-68.245,1.879],[-68.256,1.87],[-68.261,1.857],[-68.265,1.841],[-68.27,1.821],[-68.277,1.814],[-68.284,1.803],[-68.292,1.79],[-68.307,1.772],[-68.297,1.771],[-68.272,1.769],[-68.267,1.768],[-68.256,1.755],[-68.255,1.745],[-68.259,1.742],[-68.261,1.735],[-68.265,1.714],[-68.26,1.714],[-68.256,1.712],[-68.247,1.71],[-68.238,1.711],[-68.233,1.721],[-68.229,1.721],[-68.223,1.716],[-68.214,1.704],[-68.209,1.703],[-68.208,1.694],[-68.21,1.689],[-68.215,1.681],[-68.223,1.675],[-68.211,1.668],[-68.206,1.671],[-68.201,1.675],[-68.196,1.686],[-68.194,1.684],[-68.191,1.678],[-68.191,1.669],[-68.189,1.658],[-68.188,1.653],[-68.19,1.648],[-69.408,1.69],[-69.419,1.694],[-69.428,1.699],[-69.437,1.699],[-69.445,1.706],[-69.456,1.707],[-69.464,1.709],[-69.472,1.714],[-69.482,1.714],[-69.492,1.714],[-69.501,1.715],[-69.512,1.717],[-69.52,1.721],[-69.525,1.724],[-69.53,1.724],[-69.538,1.724],[-69.55,1.724],[-69.557,1.727],[-69.57,1.727],[-69.584,1.722],[-69.608,1.712],[-69.626,1.707],[-69.638,1.699],[-69.657,1.691],[-69.664,1.691],[-69.687,1.689],[-69.697,1.689],[-69.707,1.696],[-69.728,1.699],[-69.757,1.699],[-69.766,1.687],[-69.781,1.676],[-69.8,1.667],[-69.815,1.662],[-69.826,1.66],[-69.854,1.667],[-69.866,1.666],[-69.882,1.677],[-69.897,1.68],[-69.924,1.692],[-69.951,1.696],[-69.968,1.699],[-69.986,1.702],[-70.003,1.705],[-70.024,1.719],[-70.044,1.73],[-70.068,1.746],[-70.084,1.758],[-70.095,1.768],[-70.105,1.778],[-70.118,1.789],[-70.13,1.804],[-70.139,1.815],[-70.146,1.819],[-70.168,1.821],[-70.177,1.824],[-70.183,1.835],[-70.183,1.846],[-70.182,1.857],[-70.181,1.869],[-70.184,1.884],[-70.186,1.892],[-70.187,1.905],[-70.19,1.913],[-70.189,1.922],[-70.179,1.922],[-70.164,1.926],[-70.153,1.928],[-70.145,1.93],[-70.137,1.936],[-70.131,1.944],[-70.125,1.953],[-70.119,1.963],[-70.115,1.976],[-70.113,1.985],[-70.11,2.004],[-70.111,2.016],[-70.114,2.027],[-70.114,2.033],[-70.117,2.033],[-70.119,2.039],[-70.122,2.048],[-70.126,2.058],[-70.123,2.07],[-70.11,2.076],[-70.095,2.08],[-70.069,2.094],[-70.061,2.103],[-70.056,2.112],[-70.052,2.124],[-70.032,2.139],[-70.021,2.154],[-70.005,2.175],[-70.01,2.185],[-70.024,2.197],[-70.019,2.207],[-70.009,2.21],[-69.998,2.215],[-70.017,2.225],[-70.027,2.225],[-70.041,2.225],[-70.039,2.232],[-70.047,2.232],[-70.045,2.24],[-70.046,2.248],[-70.066,2.24],[-70.078,2.23],[-70.092,2.226],[-70.113,2.221],[-70.134,2.222],[-70.151,2.227],[-70.156,2.221],[-70.158,2.214],[-70.164,2.214],[-70.163,2.203],[-70.174,2.201],[-70.186,2.209],[-70.195,2.199],[-70.205,2.198],[-70.218,2.2],[-70.226,2.201],[-70.233,2.202],[-70.241,2.202],[-70.239,2.208],[-70.238,2.217],[-70.261,2.207],[-70.275,2.205],[-70.288,2.211],[-70.299,2.212],[-70.3,2.198],[-70.289,2.196],[-70.294,2.187],[-70.313,2.176],[-70.322,2.176],[-70.326,2.184],[-70.338,2.185],[-70.342,2.191],[-70.344,2.204],[-70.359,2.198],[-70.386,2.204],[-70.39,2.21],[-70.397,2.21],[-70.397,2.216],[-70.396,2.223],[-70.409,2.218],[-70.428,2.216],[-70.435,2.22],[-70.444,2.214],[-70.451,2.213],[-70.466,2.207],[-70.465,2.199],[-70.472,2.194],[-70.484,2.193],[-70.491,2.199],[-70.5,2.197],[-70.506,2.202],[-70.499,2.211],[-70.501,2.215],[-70.51,2.226],[-70.51,2.236],[-70.526,2.235],[-70.538,2.232],[-70.551,2.235],[-70.567,2.241],[-70.582,2.246],[-70.609,2.258],[-70.627,2.268],[-70.639,2.283],[-70.645,2.3],[-70.656,2.328],[-70.666,2.346],[-70.676,2.361],[-70.687,2.375],[-70.69,2.394],[-70.698,2.408],[-70.706,2.418],[-70.727,2.452],[-70.747,2.462],[-70.755,2.48],[-70.761,2.5],[-70.773,2.503],[-70.787,2.497],[-70.8,2.492],[-70.814,2.49],[-70.84,2.494],[-70.844,2.503],[-70.839,2.511],[-70.849,2.521],[-70.857,2.533],[-70.86,2.542],[-70.502,2.747],[-70.502,2.753],[-70.487,2.77],[-70.465,2.775],[-70.453,2.78],[-70.421,2.794],[-70.399,2.796],[-70.369,2.801],[-70.35,2.807],[-70.343,2.829],[-70.35,2.842],[-70.347,2.854],[-70.33,2.866],[-70.315,2.872],[-70.301,2.876],[-70.294,2.884],[-70.285,2.899],[-70.28,2.911],[-70.277,2.935],[-70.28,2.948],[-70.287,2.97],[-70.298,2.985],[-70.29,2.995],[-70.271,2.992],[-70.254,3.001],[-70.257,3.013],[-70.264,3.022],[-70.275,3.026],[-70.283,3.028],[-70.298,3.033],[-70.314,3.029],[-70.311,3.039],[-70.298,3.049],[-70.291,3.053],[-70.28,3.075],[-70.273,3.083],[-70.253,3.1],[-70.248,3.105],[-70.24,3.117],[-70.23,3.131],[-70.222,3.134],[-70.216,3.14],[-70.218,3.148],[-70.212,3.155],[-70.205,3.15],[-70.194,3.145],[-70.185,3.128],[-70.176,3.128],[-70.164,3.141],[-70.165,3.165],[-70.172,3.175],[-70.167,3.184],[-70.153,3.179],[-70.141,3.165],[-70.135,3.157],[-70.124,3.157],[-70.12,3.165],[-70.121,3.186],[-70.128,3.201],[-70.144,3.212],[-70.151,3.235],[-70.139,3.24],[-70.134,3.243],[-70.119,3.242],[-70.107,3.248],[-70.109,3.257],[-70.12,3.263],[-70.132,3.267],[-70.143,3.279],[-70.157,3.287],[-70.168,3.296],[-70.172,3.307],[-70.156,3.318],[-70.14,3.323],[-70.131,3.329],[-70.129,3.34],[-70.113,3.349],[-70.105,3.345],[-70.098,3.341],[-70.092,3.345],[-70.081,3.351],[-70.056,3.372],[-70.056,3.373],[-70.035,3.378],[-70.024,3.372],[-70.02,3.365],[-70.016,3.358],[-70.012,3.346],[-70.009,3.335],[-70.001,3.33],[-69.983,3.332],[-69.977,3.337],[-69.968,3.343],[-69.96,3.344],[-69.945,3.354],[-69.942,3.358],[-69.947,3.369],[-69.955,3.384],[-69.964,3.396],[-69.958,3.419],[-69.933,3.403],[-69.914,3.385],[-69.898,3.376],[-69.888,3.369],[-69.877,3.367],[-69.87,3.371],[-69.869,3.38],[-69.868,3.397],[-69.862,3.405],[-69.869,3.425],[-69.876,3.439],[-69.88,3.45],[-69.887,3.467],[-69.894,3.474],[-69.906,3.48],[-69.917,3.493],[-69.913,3.504],[-69.896,3.502],[-69.883,3.493],[-69.873,3.481],[-69.869,3.475],[-69.86,3.46],[-69.851,3.448],[-69.844,3.436],[-69.835,3.423],[-69.827,3.416],[-69.816,3.414],[-69.809,3.415],[-69.805,3.419],[-69.811,3.431],[-69.82,3.443],[-69.828,3.455],[-69.842,3.471],[-69.849,3.477],[-69.853,3.491],[-69.854,3.501],[-69.843,3.512],[-69.831,3.51],[-69.822,3.501],[-69.815,3.489],[-69.811,3.477],[-69.808,3.466],[-69.804,3.462],[-69.798,3.463],[-69.791,3.475],[-69.791,3.487],[-69.792,3.507],[-69.78,3.519],[-69.762,3.516],[-69.751,3.512],[-69.737,3.506],[-69.727,3.507],[-69.725,3.514],[-69.736,3.532],[-69.743,3.54],[-69.725,3.546],[-69.712,3.541],[-69.702,3.526],[-69.702,3.515],[-69.699,3.493],[-69.697,3.492],[-69.684,3.511],[-69.68,3.527],[-69.664,3.537],[-69.65,3.531],[-69.641,3.525],[-69.628,3.533],[-69.619,3.552],[-69.611,3.543],[-69.608,3.528],[-69.597,3.533],[-69.594,3.553],[-69.593,3.58],[-69.589,3.612],[-69.592,3.631],[-69.6,3.635],[-69.58,3.642],[-69.565,3.64],[-69.543,3.641],[-69.52,3.641],[-69.504,3.635],[-69.498,3.617],[-69.489,3.629],[-69.487,3.64],[-69.479,3.659],[-69.467,3.674],[-69.451,3.668],[-69.44,3.657],[-69.433,3.643],[-69.427,3.634],[-69.412,3.625],[-69.405,3.62],[-69.397,3.62],[-69.374,3.63],[-69.351,3.643],[-69.332,3.657],[-69.306,3.668],[-69.29,3.663],[-69.287,3.653],[-69.293,3.64],[-69.297,3.634],[-69.301,3.619],[-69.302,3.609],[-69.302,3.595],[-69.276,3.603],[-69.272,3.606],[-69.265,3.612],[-69.263,3.631],[-69.271,3.655],[-69.274,3.664],[-69.272,3.677],[-69.264,3.672],[-69.242,3.661],[-69.241,3.648],[-69.243,3.637],[-69.241,3.631],[-69.231,3.631],[-69.22,3.636],[-69.217,3.643],[-69.212,3.658],[-69.197,3.65],[-69.192,3.636],[-69.17,3.641],[-69.164,3.627],[-69.173,3.614],[-69.193,3.602],[-69.177,3.593],[-69.162,3.603],[-69.161,3.608],[-69.144,3.618],[-69.131,3.623],[-69.112,3.636],[-69.102,3.626],[-69.102,3.616],[-69.099,3.604],[-69.081,3.609],[-69.071,3.61],[-69.066,3.603],[-69.061,3.593],[-69.053,3.593],[-69.046,3.603],[-69.035,3.613],[-69.018,3.628],[-68.995,3.635],[-68.979,3.642],[-68.968,3.642],[-68.956,3.638],[-68.945,3.632],[-68.938,3.632],[-68.934,3.636],[-68.932,3.642],[-68.934,3.653],[-68.937,3.667],[-68.945,3.68],[-68.947,3.69],[-68.933,3.694],[-68.924,3.682],[-68.918,3.672],[-68.918,3.655],[-68.905,3.65],[-68.895,3.646],[-68.878,3.643],[-68.86,3.642],[-68.842,3.632],[-68.831,3.627],[-68.826,3.631],[-68.83,3.641],[-68.837,3.651],[-68.853,3.668],[-68.856,3.68],[-68.83,3.686],[-68.819,3.683],[-68.807,3.676],[-68.794,3.673],[-68.79,3.673],[-68.782,3.676],[-68.775,3.682],[-68.774,3.686],[-68.774,3.716],[-68.756,3.732],[-68.731,3.719],[-68.685,3.722],[-68.673,3.725],[-68.655,3.722],[-68.653,3.728],[-68.661,3.735],[-68.675,3.742],[-68.671,3.751],[-68.654,3.754],[-68.642,3.74],[-68.634,3.729],[-68.624,3.73],[-68.609,3.736],[-68.6,3.734],[-68.589,3.74],[-68.579,3.741],[-68.57,3.737],[-68.56,3.727],[-68.558,3.724],[-68.548,3.727],[-68.548,3.735],[-68.554,3.744],[-68.564,3.752],[-68.563,3.763],[-68.548,3.759],[-68.541,3.754],[-68.525,3.747],[-68.511,3.738],[-68.506,3.742],[-68.508,3.75],[-68.508,3.755],[-68.51,3.765],[-68.509,3.77],[-68.492,3.783],[-68.483,3.791],[-68.472,3.793],[-68.455,3.796],[-68.438,3.804],[-68.437,3.809],[-68.438,3.82],[-68.439,3.825],[-68.423,3.822],[-68.414,3.813],[-68.4,3.805],[-68.387,3.805],[-68.384,3.814],[-68.385,3.823],[-68.397,3.832],[-68.411,3.84],[-68.424,3.847],[-68.428,3.856],[-68.425,3.866],[-68.422,3.868],[-68.406,3.868],[-68.397,3.868],[-68.383,3.865],[-68.377,3.861],[-68.371,3.861],[-68.358,3.863],[-68.35,3.866],[-68.347,3.873],[-68.354,3.887],[-68.354,3.894],[-68.354,3.9],[-68.354,3.909],[-68.354,3.914],[-68.347,3.922],[-68.339,3.926],[-68.339,3.931],[-68.338,3.941],[-68.331,3.94],[-68.316,3.933],[-68.305,3.93],[-68.294,3.928],[-68.273,3.929],[-68.257,3.928],[-68.235,3.922],[-68.215,3.912],[-68.206,3.914],[-68.2,3.918],[-68.2,3.925],[-68.2,3.93],[-68.202,3.934],[-68.204,3.937],[-68.212,3.942],[-68.222,3.948],[-68.212,3.948],[-68.199,3.947],[-68.189,3.946],[-68.179,3.942],[-68.169,3.939],[-68.155,3.938],[-68.142,3.939],[-68.128,3.94],[-68.121,3.932],[-68.124,3.923],[-68.126,3.914],[-68.128,3.899],[-68.125,3.896],[-68.109,3.898],[-68.102,3.903],[-68.098,3.917],[-68.092,3.924],[-68.08,3.926],[-68.074,3.919],[-68.075,3.909],[-68.077,3.902],[-68.077,3.896],[-68.073,3.897],[-68.063,3.9],[-68.06,3.907],[-68.058,3.912],[-68.057,3.922],[-68.055,3.926],[-68.051,3.938],[-68.042,3.951],[-68.035,3.956],[-68.023,3.951],[-68.022,3.936],[-68.021,3.928],[-68.012,3.924],[-68.0,3.923],[-67.99,3.923],[-67.974,3.912],[-67.953,3.909],[-67.944,3.905],[-67.935,3.903],[-67.93,3.898],[-67.924,3.888],[-67.921,3.878],[-67.916,3.869],[-67.911,3.86],[-67.906,3.86],[-67.898,3.86],[-67.893,3.868],[-67.884,3.874],[-67.87,3.88],[-67.865,3.883],[-67.853,3.888],[-67.843,3.896],[-67.838,3.906],[-67.818,3.918],[-67.809,3.926],[-67.802,3.931],[-67.786,3.944],[-67.782,3.949],[-67.774,3.953],[-67.767,3.955],[-67.758,3.957],[-67.747,3.961],[-67.732,3.965],[-67.713,3.988],[-67.713,3.983],[-67.713,3.978],[-67.711,3.964],[-67.713,3.95],[-67.709,3.931],[-67.704,3.919],[-67.702,3.907],[-67.7,3.899],[-67.698,3.883],[-67.688,3.861]]]}},{"type":"Feature","properties":{"n":"GUAVIARE"},"geometry":{"type":"Polygon","coordinates":[[[-71.265,2.838],[-71.259,2.833],[-71.235,2.835],[-71.227,2.84],[-71.217,2.845],[-71.204,2.85],[-71.191,2.845],[-71.174,2.838],[-71.167,2.836],[-71.154,2.84],[-71.155,2.843],[-71.156,2.848],[-71.152,2.853],[-71.132,2.846],[-71.123,2.838],[-71.108,2.843],[-71.103,2.847],[-71.095,2.846],[-71.071,2.835],[-71.058,2.827],[-71.059,2.811],[-71.061,2.788],[-71.057,2.778],[-71.041,2.789],[-71.027,2.801],[-71.022,2.803],[-71.001,2.795],[-70.984,2.796],[-70.965,2.796],[-70.953,2.792],[-70.957,2.781],[-70.956,2.758],[-70.949,2.75],[-70.937,2.76],[-70.942,2.772],[-70.945,2.788],[-70.944,2.811],[-70.936,2.821],[-70.921,2.812],[-70.912,2.787],[-70.906,2.774],[-70.9,2.768],[-70.888,2.763],[-70.889,2.772],[-70.885,2.784],[-70.874,2.794],[-70.862,2.789],[-70.86,2.788],[-70.865,2.764],[-70.878,2.745],[-70.866,2.741],[-70.863,2.746],[-70.851,2.756],[-70.827,2.755],[-70.805,2.754],[-70.782,2.752],[-70.785,2.742],[-70.802,2.737],[-70.805,2.726],[-70.768,2.729],[-70.753,2.737],[-70.735,2.746],[-70.723,2.743],[-70.722,2.731],[-70.72,2.717],[-70.714,2.708],[-70.699,2.714],[-70.681,2.729],[-70.666,2.745],[-70.656,2.756],[-70.657,2.766],[-70.665,2.783],[-70.66,2.817],[-70.64,2.808],[-70.632,2.788],[-70.626,2.763],[-70.616,2.757],[-70.613,2.767],[-70.612,2.781],[-70.601,2.798],[-70.564,2.776],[-70.542,2.763],[-70.526,2.754],[-70.516,2.747],[-70.502,2.747],[-70.86,2.542],[-70.857,2.533],[-70.849,2.521],[-70.839,2.511],[-70.844,2.503],[-70.84,2.494],[-70.814,2.49],[-70.8,2.492],[-70.787,2.497],[-70.773,2.503],[-70.761,2.5],[-70.755,2.48],[-70.747,2.462],[-70.727,2.452],[-70.706,2.418],[-70.698,2.408],[-70.69,2.394],[-70.687,2.375],[-70.676,2.361],[-70.666,2.346],[-70.656,2.328],[-70.645,2.3],[-70.639,2.283],[-70.627,2.268],[-70.609,2.258],[-70.582,2.246],[-70.567,2.241],[-70.551,2.235],[-70.538,2.232],[-70.526,2.235],[-70.51,2.236],[-70.51,2.226],[-70.501,2.215],[-70.499,2.211],[-70.506,2.202],[-70.5,2.197],[-70.491,2.199],[-70.484,2.193],[-70.472,2.194],[-70.465,2.199],[-70.466,2.207],[-70.451,2.213],[-70.444,2.214],[-70.435,2.22],[-70.428,2.216],[-70.409,2.218],[-70.396,2.223],[-70.397,2.216],[-70.397,2.21],[-70.39,2.21],[-70.386,2.204],[-70.359,2.198],[-70.344,2.204],[-70.342,2.191],[-70.338,2.185],[-70.326,2.184],[-70.322,2.176],[-70.313,2.176],[-70.294,2.187],[-70.289,2.196],[-70.3,2.198],[-70.299,2.212],[-70.288,2.211],[-70.275,2.205],[-70.261,2.207],[-70.238,2.217],[-70.239,2.208],[-70.241,2.202],[-70.233,2.202],[-70.226,2.201],[-70.218,2.2],[-70.205,2.198],[-70.195,2.199],[-70.186,2.209],[-70.174,2.201],[-70.163,2.203],[-70.164,2.214],[-70.158,2.214],[-70.156,2.221],[-70.151,2.227],[-70.134,2.222],[-70.113,2.221],[-70.092,2.226],[-70.078,2.23],[-70.066,2.24],[-70.046,2.248],[-70.045,2.24],[-70.047,2.232],[-70.039,2.232],[-70.041,2.225],[-70.027,2.225],[-70.017,2.225],[-69.998,2.215],[-70.009,2.21],[-70.019,2.207],[-70.024,2.197],[-70.01,2.185],[-70.005,2.175],[-70.021,2.154],[-70.032,2.139],[-70.052,2.124],[-70.056,2.112],[-70.061,2.103],[-70.069,2.094],[-70.095,2.08],[-70.11,2.076],[-70.123,2.07],[-70.126,2.058],[-70.122,2.048],[-70.119,2.039],[-70.117,2.033],[-70.127,2.033],[-70.144,2.027],[-70.159,2.016],[-70.175,2.006],[-70.188,1.997],[-70.191,1.991],[-70.202,1.989],[-70.21,1.988],[-70.213,1.979],[-70.221,1.983],[-70.223,1.984],[-70.234,1.984],[-70.258,1.982],[-70.272,1.981],[-70.28,1.978],[-70.282,1.977],[-70.299,1.977],[-70.295,1.973],[-70.298,1.969],[-70.304,1.968],[-70.314,1.966],[-70.324,1.957],[-70.339,1.952],[-70.353,1.952],[-70.36,1.958],[-70.367,1.959],[-70.369,1.959],[-70.372,1.959],[-70.375,1.956],[-70.379,1.954],[-70.392,1.953],[-70.398,1.952],[-70.409,1.947],[-70.416,1.945],[-70.422,1.942],[-70.429,1.947],[-70.43,1.95],[-70.438,1.957],[-70.439,1.952],[-70.441,1.945],[-70.457,1.941],[-70.469,1.94],[-70.467,1.936],[-70.469,1.926],[-70.485,1.918],[-70.5,1.911],[-70.506,1.908],[-70.51,1.906],[-70.512,1.909],[-70.521,1.913],[-70.532,1.912],[-70.538,1.908],[-70.554,1.892],[-70.568,1.892],[-70.587,1.892],[-70.604,1.889],[-70.62,1.891],[-70.63,1.886],[-70.645,1.881],[-70.664,1.874],[-70.67,1.872],[-70.684,1.87],[-70.689,1.869],[-70.702,1.868],[-70.711,1.872],[-70.723,1.874],[-70.733,1.876],[-70.738,1.879],[-70.754,1.886],[-70.756,1.88],[-70.756,1.875],[-70.767,1.873],[-70.771,1.878],[-70.779,1.884],[-70.793,1.881],[-70.807,1.878],[-70.825,1.875],[-70.841,1.87],[-70.844,1.871],[-70.86,1.878],[-70.883,1.873],[-70.888,1.873],[-70.896,1.879],[-70.914,1.843],[-70.919,1.832],[-70.925,1.824],[-70.933,1.819],[-70.938,1.814],[-70.943,1.811],[-70.949,1.805],[-70.954,1.8],[-70.963,1.795],[-70.973,1.79],[-70.984,1.783],[-70.989,1.779],[-70.998,1.775],[-71.012,1.77],[-71.024,1.766],[-71.027,1.764],[-71.036,1.758],[-71.044,1.757],[-71.051,1.757],[-71.055,1.758],[-71.06,1.758],[-71.066,1.757],[-71.072,1.754],[-71.081,1.753],[-71.082,1.75],[-71.084,1.748],[-71.089,1.743],[-71.092,1.739],[-71.099,1.732],[-71.106,1.726],[-71.113,1.719],[-71.157,1.707],[-71.176,1.698],[-71.182,1.696],[-71.19,1.694],[-71.199,1.689],[-71.205,1.686],[-71.209,1.681],[-71.218,1.672],[-71.229,1.66],[-71.236,1.652],[-71.243,1.645],[-71.25,1.637],[-71.256,1.631],[-71.263,1.627],[-71.274,1.625],[-71.285,1.626],[-71.291,1.629],[-71.3,1.639],[-71.308,1.642],[-71.319,1.649],[-71.328,1.655],[-71.337,1.66],[-71.342,1.663],[-71.352,1.663],[-71.355,1.664],[-71.36,1.671],[-71.367,1.676],[-71.373,1.679],[-71.379,1.681],[-71.387,1.683],[-71.393,1.683],[-71.395,1.681],[-71.398,1.674],[-71.399,1.661],[-71.403,1.644],[-71.406,1.628],[-71.406,1.62],[-71.411,1.601],[-71.415,1.578],[-71.418,1.554],[-71.42,1.551],[-71.422,1.548],[-71.423,1.544],[-71.425,1.54],[-71.429,1.537],[-71.432,1.536],[-71.435,1.536],[-71.439,1.535],[-71.445,1.535],[-71.451,1.533],[-71.458,1.525],[-71.463,1.51],[-71.468,1.497],[-71.474,1.477],[-71.479,1.461],[-71.484,1.445],[-71.487,1.434],[-71.494,1.421],[-71.498,1.409],[-71.5,1.405],[-71.498,1.404],[-71.497,1.398],[-71.497,1.394],[-71.497,1.388],[-71.498,1.381],[-71.5,1.375],[-71.505,1.36],[-71.516,1.344],[-71.519,1.336],[-71.52,1.316],[-71.53,1.308],[-71.533,1.295],[-71.533,1.28],[-71.538,1.266],[-71.542,1.26],[-71.544,1.257],[-71.546,1.245],[-71.555,1.238],[-71.555,1.234],[-71.558,1.228],[-71.553,1.206],[-71.551,1.19],[-71.553,1.179],[-71.544,1.171],[-71.533,1.158],[-71.526,1.131],[-71.526,1.128],[-71.518,1.114],[-71.516,1.105],[-71.514,1.099],[-71.509,1.087],[-71.507,1.077],[-71.511,1.074],[-71.517,1.074],[-71.529,1.075],[-71.537,1.077],[-71.543,1.083],[-71.544,1.089],[-71.547,1.119],[-71.554,1.127],[-71.562,1.13],[-71.569,1.128],[-71.573,1.116],[-71.57,1.107],[-71.566,1.101],[-71.559,1.093],[-71.561,1.084],[-71.576,1.082],[-71.59,1.088],[-71.592,1.086],[-71.595,1.07],[-71.588,1.063],[-71.59,1.051],[-71.601,1.034],[-71.607,1.015],[-71.616,1.011],[-71.624,1.007],[-71.638,1.0],[-71.645,0.995],[-71.66,0.973],[-71.668,0.96],[-71.675,0.955],[-71.693,0.947],[-71.696,0.947],[-71.715,0.953],[-71.731,0.948],[-71.745,0.956],[-71.765,0.95],[-71.775,0.92],[-71.791,0.896],[-71.795,0.888],[-71.802,0.874],[-71.811,0.847],[-71.814,0.846],[-71.835,0.826],[-71.847,0.818],[-71.857,0.807],[-71.869,0.791],[-71.882,0.78],[-71.899,0.765],[-71.926,0.743],[-71.936,0.733],[-71.96,0.707],[-71.977,0.693],[-71.992,0.677],[-72.005,0.667],[-72.024,0.65],[-72.038,0.642],[-72.042,0.639],[-72.045,0.637],[-72.058,0.636],[-72.074,0.634],[-72.086,0.629],[-72.097,0.626],[-72.088,0.635],[-72.084,0.638],[-72.085,0.648],[-72.095,0.664],[-72.103,0.665],[-72.112,0.665],[-72.122,0.669],[-72.129,0.678],[-72.132,0.69],[-72.139,0.705],[-72.141,0.705],[-72.144,0.705],[-72.148,0.699],[-72.151,0.695],[-72.163,0.693],[-72.168,0.697],[-72.171,0.701],[-72.183,0.703],[-72.173,0.693],[-72.177,0.683],[-72.189,0.682],[-72.196,0.691],[-72.205,0.693],[-72.212,0.693],[-72.216,0.688],[-72.219,0.678],[-72.23,0.673],[-72.239,0.676],[-72.243,0.692],[-72.242,0.703],[-72.243,0.719],[-72.243,0.726],[-72.245,0.737],[-72.254,0.743],[-72.264,0.758],[-72.273,0.764],[-72.28,0.763],[-72.279,0.754],[-72.277,0.747],[-72.281,0.741],[-72.296,0.752],[-72.307,0.762],[-72.321,0.774],[-72.323,0.78],[-72.314,0.79],[-72.307,0.792],[-72.309,0.804],[-72.315,0.821],[-72.313,0.833],[-72.306,0.842],[-72.313,0.85],[-72.328,0.846],[-72.339,0.847],[-72.34,0.838],[-72.338,0.827],[-72.337,0.817],[-72.348,0.812],[-72.356,0.83],[-72.359,0.839],[-72.358,0.848],[-72.354,0.853],[-72.357,0.863],[-72.365,0.876],[-72.363,0.89],[-72.362,0.902],[-72.369,0.903],[-72.396,0.891],[-72.406,0.89],[-72.401,0.905],[-72.397,0.916],[-72.401,0.926],[-72.413,0.936],[-72.424,0.95],[-72.423,0.963],[-72.417,0.972],[-72.43,0.987],[-72.436,0.998],[-72.437,1.009],[-72.442,1.013],[-72.454,1.023],[-72.457,1.03],[-72.472,1.047],[-72.484,1.056],[-72.488,1.058],[-72.502,1.056],[-72.509,1.054],[-72.531,1.053],[-72.583,1.08],[-72.612,1.095],[-72.627,1.112],[-72.638,1.122],[-72.66,1.146],[-72.67,1.157],[-72.676,1.157],[-72.676,1.147],[-72.678,1.14],[-72.686,1.145],[-72.699,1.145],[-72.704,1.149],[-72.717,1.16],[-72.731,1.164],[-72.739,1.164],[-72.747,1.161],[-72.749,1.145],[-72.743,1.136],[-72.766,1.127],[-72.768,1.128],[-72.781,1.137],[-72.787,1.14],[-72.792,1.151],[-72.792,1.159],[-72.805,1.16],[-72.813,1.158],[-72.836,1.16],[-72.844,1.164],[-72.844,1.153],[-72.844,1.15],[-72.856,1.147],[-72.868,1.15],[-72.878,1.149],[-72.883,1.147],[-72.877,1.142],[-72.875,1.131],[-72.891,1.127],[-72.898,1.12],[-72.898,1.11],[-72.885,1.098],[-72.877,1.094],[-72.874,1.086],[-72.885,1.083],[-72.894,1.08],[-72.904,1.078],[-72.91,1.074],[-72.903,1.067],[-72.902,1.058],[-72.901,1.053],[-72.896,1.053],[-72.886,1.045],[-72.885,1.037],[-72.882,1.029],[-72.892,1.024],[-72.899,1.028],[-72.888,1.012],[-72.891,1.008],[-72.902,1.008],[-72.919,1.001],[-72.921,0.998],[-72.937,0.998],[-72.942,0.998],[-72.947,0.997],[-72.951,0.985],[-72.955,0.973],[-72.955,0.967],[-72.971,0.962],[-72.979,0.947],[-72.982,0.942],[-72.993,0.939],[-72.999,0.937],[-73.009,0.94],[-73.014,0.94],[-73.016,0.925],[-73.011,0.917],[-73.019,0.91],[-73.035,0.907],[-73.051,0.902],[-73.059,0.901],[-73.074,0.896],[-73.086,0.891],[-73.097,0.888],[-73.109,0.895],[-73.128,0.899],[-73.151,0.907],[-73.17,0.933],[-73.191,0.946],[-73.202,0.956],[-73.203,0.971],[-73.212,0.982],[-73.228,0.981],[-73.251,0.987],[-73.259,0.996],[-73.263,1.008],[-73.277,1.021],[-73.301,1.035],[-73.322,1.054],[-73.337,1.062],[-73.354,1.082],[-73.364,1.093],[-73.374,1.1],[-73.394,1.117],[-73.411,1.146],[-73.419,1.155],[-73.437,1.165],[-73.439,1.172],[-73.436,1.181],[-73.436,1.189],[-73.44,1.199],[-73.441,1.209],[-73.44,1.216],[-73.445,1.23],[-73.451,1.255],[-73.455,1.278],[-73.474,1.287],[-73.489,1.309],[-73.492,1.321],[-73.501,1.337],[-73.511,1.349],[-73.523,1.357],[-73.536,1.368],[-73.544,1.383],[-73.556,1.379],[-73.559,1.386],[-73.576,1.423],[-73.587,1.441],[-73.605,1.461],[-73.618,1.476],[-73.635,1.479],[-73.654,1.49],[-73.655,1.503],[-73.65,1.512],[-73.653,1.526],[-73.656,1.548],[-73.656,1.567],[-73.658,1.588],[-73.657,1.6],[-73.66,1.608],[-73.66,1.611],[-73.647,1.964],[-73.633,2.317],[-73.634,2.318],[-73.648,2.323],[-73.648,2.333],[-73.645,2.335],[-73.638,2.337],[-73.632,2.337],[-73.622,2.343],[-73.619,2.354],[-73.616,2.36],[-73.605,2.366],[-73.597,2.356],[-73.588,2.342],[-73.577,2.331],[-73.563,2.344],[-73.556,2.357],[-73.549,2.365],[-73.536,2.342],[-73.536,2.336],[-73.537,2.33],[-73.533,2.323],[-73.526,2.324],[-73.516,2.334],[-73.493,2.341],[-73.487,2.335],[-73.484,2.329],[-73.479,2.318],[-73.475,2.318],[-73.466,2.32],[-73.465,2.332],[-73.466,2.339],[-73.468,2.346],[-73.475,2.355],[-73.477,2.362],[-73.464,2.367],[-73.457,2.366],[-73.45,2.352],[-73.45,2.34],[-73.45,2.33],[-73.447,2.322],[-73.438,2.326],[-73.427,2.329],[-73.422,2.33],[-73.412,2.331],[-73.402,2.326],[-73.404,2.319],[-73.406,2.306],[-73.396,2.306],[-73.388,2.312],[-73.395,2.318],[-73.395,2.324],[-73.395,2.329],[-73.392,2.335],[-73.384,2.342],[-73.374,2.344],[-73.363,2.335],[-73.368,2.318],[-73.369,2.31],[-73.36,2.313],[-73.353,2.321],[-73.346,2.328],[-73.339,2.328],[-73.334,2.322],[-73.322,2.322],[-73.312,2.323],[-73.306,2.325],[-73.294,2.33],[-73.276,2.342],[-73.263,2.333],[-73.254,2.342],[-73.254,2.349],[-73.261,2.35],[-73.28,2.349],[-73.281,2.358],[-73.266,2.362],[-73.255,2.366],[-73.248,2.374],[-73.243,2.381],[-73.231,2.385],[-73.226,2.375],[-73.224,2.369],[-73.213,2.37],[-73.201,2.374],[-73.182,2.379],[-73.176,2.37],[-73.178,2.36],[-73.178,2.356],[-73.178,2.349],[-73.168,2.351],[-73.163,2.353],[-73.155,2.355],[-73.153,2.355],[-73.143,2.358],[-73.154,2.365],[-73.159,2.373],[-73.164,2.382],[-73.159,2.385],[-73.151,2.386],[-73.144,2.388],[-73.13,2.381],[-73.128,2.365],[-73.121,2.365],[-73.114,2.372],[-73.107,2.383],[-73.104,2.387],[-73.094,2.392],[-73.087,2.401],[-73.081,2.407],[-73.076,2.411],[-73.066,2.413],[-73.057,2.407],[-73.052,2.402],[-73.046,2.401],[-73.036,2.403],[-73.025,2.411],[-73.013,2.417],[-73.006,2.424],[-73.0,2.42],[-72.986,2.413],[-72.983,2.398],[-72.978,2.39],[-72.965,2.389],[-72.97,2.404],[-72.977,2.417],[-72.98,2.431],[-72.985,2.449],[-72.978,2.453],[-72.964,2.447],[-72.954,2.445],[-72.947,2.443],[-72.938,2.444],[-72.938,2.455],[-72.946,2.465],[-72.969,2.476],[-72.974,2.488],[-72.967,2.49],[-72.955,2.492],[-72.949,2.5],[-72.949,2.512],[-72.945,2.523],[-72.934,2.529],[-72.917,2.538],[-72.906,2.546],[-72.875,2.561],[-72.859,2.572],[-72.854,2.576],[-72.842,2.582],[-72.813,2.583],[-72.8,2.575],[-72.787,2.562],[-72.779,2.563],[-72.754,2.55],[-72.742,2.561],[-72.736,2.576],[-72.734,2.591],[-72.732,2.6],[-72.724,2.603],[-72.706,2.603],[-72.698,2.596],[-72.694,2.584],[-72.688,2.563],[-72.683,2.552],[-72.672,2.56],[-72.669,2.576],[-72.665,2.585],[-72.661,2.597],[-72.65,2.598],[-72.629,2.591],[-72.617,2.583],[-72.604,2.583],[-72.597,2.584],[-72.59,2.591],[-72.59,2.602],[-72.601,2.609],[-72.613,2.62],[-72.619,2.636],[-72.603,2.636],[-72.577,2.636],[-72.561,2.636],[-72.543,2.651],[-72.539,2.665],[-72.53,2.682],[-72.518,2.683],[-72.493,2.683],[-72.469,2.677],[-72.454,2.68],[-72.434,2.689],[-72.42,2.703],[-72.398,2.719],[-72.381,2.732],[-72.364,2.745],[-72.345,2.753],[-72.329,2.754],[-72.317,2.752],[-72.301,2.749],[-72.291,2.751],[-72.291,2.767],[-72.289,2.771],[-72.276,2.777],[-72.259,2.763],[-72.237,2.742],[-72.218,2.728],[-72.213,2.729],[-72.205,2.729],[-72.198,2.735],[-72.198,2.742],[-72.2,2.753],[-72.208,2.76],[-72.214,2.775],[-72.215,2.786],[-72.218,2.799],[-72.222,2.811],[-72.221,2.829],[-72.215,2.829],[-72.2,2.828],[-72.182,2.833],[-72.167,2.845],[-72.149,2.856],[-72.13,2.838],[-72.121,2.822],[-72.108,2.809],[-72.084,2.797],[-72.065,2.795],[-72.048,2.794],[-72.032,2.792],[-72.027,2.787],[-72.017,2.779],[-72.006,2.77],[-71.999,2.771],[-71.986,2.777],[-71.973,2.784],[-71.96,2.79],[-71.94,2.791],[-71.905,2.795],[-71.876,2.799],[-71.854,2.801],[-71.835,2.806],[-71.823,2.81],[-71.822,2.812],[-71.818,2.818],[-71.815,2.822],[-71.802,2.821],[-71.799,2.816],[-71.791,2.812],[-71.787,2.814],[-71.787,2.82],[-71.789,2.826],[-71.79,2.835],[-71.787,2.846],[-71.782,2.858],[-71.766,2.852],[-71.748,2.84],[-71.73,2.824],[-71.712,2.819],[-71.701,2.826],[-71.689,2.829],[-71.676,2.826],[-71.677,2.82],[-71.678,2.807],[-71.668,2.808],[-71.659,2.812],[-71.627,2.811],[-71.597,2.811],[-71.593,2.814],[-71.593,2.816],[-71.591,2.823],[-71.579,2.826],[-71.563,2.826],[-71.552,2.835],[-71.538,2.832],[-71.528,2.835],[-71.518,2.832],[-71.511,2.831],[-71.502,2.829],[-71.499,2.828],[-71.496,2.826],[-71.491,2.828],[-71.489,2.832],[-71.487,2.837],[-71.476,2.849],[-71.465,2.844],[-71.453,2.835],[-71.431,2.822],[-71.419,2.817],[-71.413,2.816],[-71.396,2.816],[-71.394,2.825],[-71.391,2.831],[-71.391,2.84],[-71.382,2.85],[-71.372,2.847],[-71.368,2.84],[-71.368,2.833],[-71.364,2.837],[-71.349,2.849],[-71.337,2.867],[-71.331,2.876],[-71.324,2.878],[-71.312,2.869],[-71.304,2.849],[-71.289,2.838],[-71.265,2.838]]]}},{"type":"Feature","properties":{"n":"VAUPES"},"geometry":{"type":"Polygon","coordinates":[[[-70.113,1.985],[-70.115,1.976],[-70.119,1.963],[-70.125,1.953],[-70.131,1.944],[-70.137,1.936],[-70.145,1.93],[-70.153,1.928],[-70.164,1.926],[-70.179,1.922],[-70.189,1.922],[-70.19,1.913],[-70.187,1.905],[-70.186,1.892],[-70.184,1.884],[-70.181,1.869],[-70.182,1.857],[-70.183,1.846],[-70.183,1.835],[-70.177,1.824],[-70.168,1.821],[-70.146,1.819],[-70.139,1.815],[-70.13,1.804],[-70.118,1.789],[-70.105,1.778],[-70.095,1.768],[-70.084,1.758],[-70.068,1.746],[-70.044,1.73],[-70.024,1.719],[-70.003,1.705],[-69.986,1.702],[-69.968,1.699],[-69.951,1.696],[-69.924,1.692],[-69.897,1.68],[-69.882,1.677],[-69.866,1.666],[-69.854,1.667],[-69.854,1.653],[-69.853,1.041],[-69.846,1.039],[-69.836,1.036],[-69.833,1.033],[-69.822,1.037],[-69.818,1.045],[-69.799,1.056],[-69.768,1.068],[-69.733,1.068],[-69.72,1.063],[-69.721,1.054],[-69.719,1.042],[-69.693,1.043],[-69.669,1.055],[-69.655,1.056],[-69.634,1.054],[-69.617,1.049],[-69.591,1.035],[-69.581,1.036],[-69.538,1.04],[-69.51,1.039],[-69.467,1.019],[-69.466,1.015],[-69.444,1.016],[-69.411,1.023],[-69.399,1.028],[-69.368,1.041],[-69.346,1.038],[-69.329,1.033],[-69.315,1.024],[-69.279,1.008],[-69.261,0.999],[-69.236,0.982],[-69.231,0.966],[-69.231,0.951],[-69.235,0.936],[-69.232,0.92],[-69.218,0.905],[-69.199,0.902],[-69.199,0.892],[-69.213,0.892],[-69.21,0.87],[-69.204,0.861],[-69.184,0.847],[-69.173,0.82],[-69.178,0.804],[-69.186,0.793],[-69.193,0.784],[-69.185,0.767],[-69.182,0.746],[-69.185,0.722],[-69.194,0.711],[-69.203,0.7],[-69.206,0.692],[-69.198,0.666],[-69.186,0.658],[-69.167,0.651],[-69.151,0.635],[-69.148,0.616],[-69.144,0.603],[-69.151,0.597],[-69.163,0.599],[-69.177,0.6],[-69.193,0.601],[-69.207,0.6],[-69.216,0.598],[-69.224,0.587],[-69.23,0.568],[-69.241,0.565],[-69.253,0.565],[-69.265,0.566],[-69.281,0.567],[-69.293,0.567],[-69.296,0.573],[-69.308,0.589],[-69.315,0.602],[-69.322,0.6],[-69.337,0.596],[-69.359,0.591],[-69.37,0.591],[-69.373,0.59],[-69.374,0.584],[-69.391,0.585],[-69.398,0.604],[-69.411,0.618],[-69.429,0.634],[-69.442,0.641],[-69.459,0.652],[-69.471,0.664],[-69.494,0.685],[-69.506,0.685],[-69.521,0.685],[-69.532,0.673],[-69.539,0.66],[-69.552,0.646],[-69.557,0.64],[-69.579,0.63],[-69.59,0.624],[-69.608,0.612],[-69.624,0.603],[-69.623,0.596],[-69.623,0.591],[-69.629,0.588],[-69.635,0.588],[-69.644,0.587],[-69.649,0.587],[-69.659,0.594],[-69.662,0.609],[-69.667,0.615],[-69.678,0.614],[-69.697,0.61],[-69.71,0.605],[-69.722,0.604],[-69.732,0.602],[-69.739,0.598],[-69.74,0.586],[-69.74,0.574],[-69.749,0.566],[-69.757,0.561],[-69.789,0.552],[-69.803,0.547],[-69.816,0.539],[-69.825,0.538],[-69.837,0.538],[-69.857,0.541],[-69.868,0.54],[-69.891,0.539],[-69.911,0.536],[-69.936,0.531],[-69.947,0.524],[-69.949,0.518],[-69.965,0.517],[-69.976,0.522],[-69.985,0.522],[-70.0,0.52],[-70.014,0.514],[-70.02,0.508],[-70.026,0.501],[-70.036,0.495],[-70.046,0.493],[-70.053,0.491],[-70.056,0.24],[-70.069,-0.152],[-70.069,-0.154],[-70.064,-0.166],[-70.045,-0.19],[-70.03,-0.221],[-70.032,-0.238],[-70.021,-0.256],[-70.017,-0.262],[-70.005,-0.275],[-69.989,-0.292],[-69.979,-0.304],[-69.926,-0.361],[-69.921,-0.369],[-69.905,-0.371],[-69.901,-0.372],[-69.878,-0.366],[-69.864,-0.371],[-69.848,-0.384],[-69.837,-0.398],[-69.829,-0.411],[-69.821,-0.417],[-69.796,-0.425],[-69.791,-0.428],[-69.775,-0.433],[-69.762,-0.45],[-69.744,-0.468],[-69.725,-0.486],[-69.631,-0.529],[-69.626,-0.537],[-69.623,-0.554],[-69.623,-0.562],[-69.62,-0.577],[-69.618,-0.58],[-69.613,-0.591],[-69.604,-0.612],[-69.605,-0.63],[-69.603,-0.644],[-69.598,-0.651],[-69.591,-0.675],[-69.593,-0.683],[-69.595,-0.694],[-69.6,-0.707],[-69.61,-0.713],[-69.615,-0.724],[-69.621,-0.734],[-69.63,-0.761],[-69.633,-0.778],[-69.625,-0.79],[-69.617,-0.8],[-69.605,-0.809],[-69.591,-0.831],[-69.584,-0.844],[-69.568,-0.862],[-69.556,-0.878],[-69.539,-0.911],[-69.534,-0.92],[-69.533,-0.939],[-69.531,-0.947],[-69.53,-0.957],[-69.516,-0.968],[-69.513,-0.973],[-69.512,-0.974],[-69.489,-0.988],[-69.484,-1.0],[-69.479,-1.009],[-69.477,-1.013],[-69.459,-1.027],[-69.453,-1.035],[-69.45,-1.04],[-69.45,-1.049],[-69.449,-1.06],[-69.45,-1.065],[-69.448,-1.072],[-69.444,-1.078],[-69.433,-1.089],[-69.436,-1.111],[-69.436,-1.115],[-69.448,-1.115],[-69.459,-1.117],[-69.476,-1.128],[-69.489,-1.128],[-69.49,-1.141],[-69.485,-1.154],[-69.476,-1.166],[-69.475,-1.182],[-69.48,-1.189],[-69.49,-1.189],[-69.494,-1.19],[-69.489,-1.204],[-69.478,-1.217],[-69.478,-1.233],[-69.482,-1.244],[-69.487,-1.252],[-69.511,-1.251],[-69.529,-1.238],[-69.549,-1.226],[-69.56,-1.224],[-69.572,-1.223],[-69.58,-1.21],[-69.591,-1.202],[-69.606,-1.204],[-69.615,-1.206],[-69.63,-1.218],[-69.639,-1.232],[-69.64,-1.241],[-69.64,-1.258],[-69.66,-1.262],[-69.671,-1.259],[-69.683,-1.244],[-69.687,-1.231],[-69.682,-1.208],[-69.679,-1.188],[-69.683,-1.173],[-69.678,-1.164],[-69.668,-1.164],[-69.66,-1.155],[-69.663,-1.144],[-69.674,-1.136],[-69.685,-1.123],[-69.689,-1.112],[-69.696,-1.103],[-69.702,-1.093],[-69.718,-1.082],[-69.732,-1.072],[-69.737,-1.072],[-69.751,-1.069],[-69.761,-1.069],[-69.773,-1.072],[-69.782,-1.082],[-69.773,-1.091],[-69.768,-1.091],[-69.768,-1.101],[-69.764,-1.108],[-69.764,-1.117],[-69.743,-1.125],[-69.745,-1.132],[-69.752,-1.137],[-69.759,-1.137],[-69.772,-1.136],[-69.786,-1.131],[-69.791,-1.12],[-69.798,-1.109],[-69.817,-1.085],[-69.821,-1.082],[-69.825,-1.069],[-69.83,-1.07],[-69.84,-1.072],[-69.846,-1.077],[-69.862,-1.09],[-69.877,-1.111],[-69.887,-1.113],[-69.901,-1.114],[-69.904,-1.114],[-69.92,-1.117],[-69.93,-1.121],[-69.938,-1.127],[-69.95,-1.13],[-69.954,-1.132],[-69.963,-1.132],[-69.968,-1.126],[-69.974,-1.123],[-69.975,-1.119],[-69.973,-1.111],[-69.969,-1.106],[-69.951,-1.092],[-69.943,-1.062],[-69.948,-1.057],[-69.95,-1.041],[-69.947,-1.034],[-69.942,-1.026],[-69.928,-1.018],[-69.923,-1.017],[-69.915,-1.015],[-69.913,-1.012],[-69.921,-1.005],[-69.93,-0.999],[-69.948,-0.985],[-69.959,-0.984],[-69.966,-0.989],[-69.971,-0.996],[-69.975,-0.999],[-69.983,-1.0],[-70.0,-1.008],[-70.004,-1.004],[-70.01,-0.99],[-70.012,-0.98],[-70.018,-0.975],[-70.029,-0.968],[-70.037,-0.975],[-70.036,-0.989],[-70.035,-1.0],[-70.047,-1.01],[-70.051,-1.009],[-70.061,-1.0],[-70.067,-0.995],[-70.077,-0.986],[-70.107,-1.003],[-70.121,-1.013],[-70.137,-1.021],[-70.145,-1.033],[-70.142,-1.051],[-70.137,-1.055],[-70.124,-1.058],[-70.115,-1.055],[-70.1,-1.05],[-70.094,-1.052],[-70.088,-1.059],[-70.084,-1.073],[-70.084,-1.082],[-70.097,-1.09],[-70.111,-1.096],[-70.119,-1.1],[-70.126,-1.099],[-70.132,-1.122],[-70.139,-1.137],[-70.151,-1.149],[-70.166,-1.145],[-70.175,-1.134],[-70.182,-1.119],[-70.189,-1.105],[-70.206,-1.098],[-70.22,-1.096],[-70.224,-1.085],[-70.221,-1.074],[-70.212,-1.062],[-70.202,-1.053],[-70.195,-1.024],[-70.201,-1.017],[-70.22,-1.017],[-70.231,-1.025],[-70.239,-1.035],[-70.239,-1.041],[-70.242,-1.054],[-70.269,-1.054],[-70.28,-1.044],[-70.294,-1.021],[-70.3,-0.999],[-70.296,-0.989],[-70.291,-0.982],[-70.275,-0.981],[-70.265,-0.977],[-70.261,-0.969],[-70.248,-0.948],[-70.239,-0.932],[-70.236,-0.914],[-70.242,-0.894],[-70.262,-0.869],[-70.277,-0.858],[-70.284,-0.843],[-70.284,-0.832],[-70.289,-0.81],[-70.286,-0.803],[-70.283,-0.799],[-70.271,-0.788],[-70.258,-0.781],[-70.259,-0.771],[-70.264,-0.739],[-70.26,-0.726],[-70.259,-0.71],[-70.265,-0.691],[-70.267,-0.659],[-70.267,-0.635],[-70.275,-0.612],[-70.294,-0.6],[-70.308,-0.616],[-70.312,-0.623],[-70.316,-0.621],[-70.317,-0.608],[-70.312,-0.587],[-70.301,-0.573],[-70.292,-0.56],[-70.27,-0.545],[-70.258,-0.533],[-70.247,-0.522],[-70.238,-0.512],[-70.235,-0.512],[-70.224,-0.519],[-70.216,-0.516],[-70.208,-0.512],[-70.205,-0.503],[-70.209,-0.489],[-70.219,-0.484],[-70.237,-0.479],[-70.254,-0.479],[-70.269,-0.471],[-70.288,-0.458],[-70.299,-0.458],[-70.304,-0.464],[-70.31,-0.475],[-70.316,-0.481],[-70.334,-0.48],[-70.342,-0.482],[-70.354,-0.485],[-70.359,-0.488],[-70.364,-0.492],[-70.364,-0.499],[-70.36,-0.501],[-70.356,-0.503],[-70.354,-0.504],[-70.343,-0.51],[-70.336,-0.514],[-70.328,-0.519],[-70.343,-0.519],[-70.368,-0.526],[-70.38,-0.517],[-70.386,-0.509],[-70.395,-0.502],[-70.408,-0.504],[-70.43,-0.513],[-70.444,-0.52],[-70.459,-0.521],[-70.458,-0.516],[-70.457,-0.513],[-70.458,-0.493],[-70.461,-0.485],[-70.466,-0.479],[-70.473,-0.468],[-70.482,-0.454],[-70.489,-0.442],[-70.497,-0.432],[-70.5,-0.429],[-70.514,-0.414],[-70.524,-0.407],[-70.533,-0.402],[-70.54,-0.401],[-70.547,-0.405],[-70.557,-0.401],[-70.564,-0.4],[-70.562,-0.408],[-70.576,-0.414],[-70.584,-0.418],[-70.596,-0.413],[-70.604,-0.405],[-70.62,-0.388],[-70.634,-0.368],[-70.643,-0.363],[-70.659,-0.363],[-70.667,-0.372],[-70.671,-0.379],[-70.695,-0.363],[-70.706,-0.354],[-70.725,-0.345],[-70.748,-0.332],[-70.764,-0.325],[-70.768,-0.332],[-70.784,-0.341],[-70.788,-0.35],[-70.789,-0.356],[-70.79,-0.363],[-70.796,-0.372],[-70.805,-0.377],[-70.814,-0.382],[-70.822,-0.382],[-70.834,-0.382],[-70.845,-0.385],[-70.852,-0.389],[-70.86,-0.381],[-70.863,-0.375],[-70.867,-0.371],[-70.868,-0.369],[-70.876,-0.352],[-70.891,-0.346],[-70.9,-0.339],[-70.901,-0.333],[-70.901,-0.312],[-70.898,-0.298],[-70.896,-0.29],[-70.901,-0.276],[-70.91,-0.268],[-70.913,-0.257],[-70.913,-0.251],[-70.915,-0.245],[-70.927,-0.237],[-70.928,-0.232],[-70.93,-0.229],[-70.933,-0.227],[-70.936,-0.226],[-70.94,-0.223],[-70.943,-0.211],[-70.948,-0.203],[-70.95,-0.199],[-70.954,-0.194],[-70.959,-0.189],[-70.957,-0.179],[-70.953,-0.175],[-70.945,-0.166],[-70.941,-0.164],[-70.933,-0.165],[-70.929,-0.166],[-70.925,-0.166],[-70.921,-0.163],[-70.919,-0.16],[-70.918,-0.154],[-70.932,-0.138],[-70.944,-0.122],[-70.951,-0.113],[-70.954,-0.1],[-70.962,-0.087],[-70.967,-0.084],[-70.982,-0.071],[-70.993,-0.062],[-71.01,-0.049],[-71.017,-0.046],[-71.028,-0.043],[-71.039,-0.047],[-71.05,-0.05],[-71.049,-0.058],[-71.049,-0.063],[-71.054,-0.07],[-71.061,-0.065],[-71.069,-0.058],[-71.072,-0.053],[-71.07,-0.049],[-71.066,-0.043],[-71.068,-0.038],[-71.08,-0.034],[-71.091,-0.033],[-71.1,-0.032],[-71.112,-0.026],[-71.118,-0.029],[-71.129,-0.023],[-71.129,-0.014],[-71.133,-0.005],[-71.146,-0.0],[-71.152,-0.008],[-71.164,-0.008],[-71.167,0.001],[-71.17,0.011],[-71.179,0.03],[-71.185,0.042],[-71.195,0.058],[-71.21,0.062],[-71.221,0.064],[-71.223,0.057],[-71.231,0.056],[-71.239,0.058],[-71.245,0.052],[-71.247,0.043],[-71.248,0.033],[-71.25,0.029],[-71.261,0.03],[-71.279,0.033],[-71.285,0.039],[-71.297,0.046],[-71.305,0.043],[-71.306,0.04],[-71.317,0.044],[-71.321,0.051],[-71.326,0.058],[-71.329,0.065],[-71.332,0.075],[-71.343,0.084],[-71.351,0.091],[-71.355,0.102],[-71.355,0.111],[-71.359,0.125],[-71.369,0.131],[-71.369,0.124],[-71.372,0.113],[-71.376,0.112],[-71.386,0.119],[-71.396,0.128],[-71.401,0.13],[-71.406,0.14],[-71.411,0.152],[-71.412,0.159],[-71.421,0.16],[-71.427,0.159],[-71.43,0.147],[-71.43,0.135],[-71.43,0.129],[-71.434,0.123],[-71.437,0.118],[-71.451,0.118],[-71.467,0.121],[-71.47,0.121],[-71.486,0.118],[-71.483,0.126],[-71.477,0.135],[-71.483,0.147],[-71.488,0.148],[-71.494,0.139],[-71.495,0.129],[-71.511,0.116],[-71.513,0.12],[-71.517,0.105],[-71.524,0.103],[-71.544,0.093],[-71.556,0.096],[-71.552,0.112],[-71.546,0.128],[-71.548,0.14],[-71.559,0.146],[-71.58,0.145],[-71.6,0.142],[-71.603,0.144],[-71.594,0.152],[-71.59,0.163],[-71.58,0.171],[-71.581,0.18],[-71.583,0.179],[-71.603,0.166],[-71.615,0.161],[-71.623,0.162],[-71.634,0.158],[-71.651,0.156],[-71.647,0.165],[-71.638,0.179],[-71.635,0.185],[-71.63,0.196],[-71.636,0.198],[-71.648,0.193],[-71.654,0.184],[-71.656,0.18],[-71.667,0.178],[-71.678,0.183],[-71.684,0.194],[-71.691,0.202],[-71.705,0.215],[-71.714,0.225],[-71.729,0.24],[-71.734,0.248],[-71.735,0.255],[-71.723,0.262],[-71.723,0.288],[-71.727,0.288],[-71.732,0.285],[-71.746,0.273],[-71.755,0.262],[-71.76,0.262],[-71.768,0.265],[-71.769,0.275],[-71.769,0.284],[-71.77,0.294],[-71.78,0.296],[-71.789,0.294],[-71.795,0.298],[-71.799,0.306],[-71.803,0.31],[-71.803,0.317],[-71.785,0.331],[-71.795,0.332],[-71.809,0.329],[-71.82,0.335],[-71.826,0.336],[-71.824,0.329],[-71.815,0.324],[-71.818,0.315],[-71.823,0.313],[-71.833,0.315],[-71.859,0.315],[-71.857,0.327],[-71.855,0.332],[-71.85,0.344],[-71.859,0.359],[-71.859,0.364],[-71.848,0.366],[-71.839,0.371],[-71.854,0.389],[-71.868,0.405],[-71.888,0.405],[-71.899,0.404],[-71.916,0.417],[-71.92,0.418],[-71.931,0.425],[-71.924,0.432],[-71.926,0.441],[-71.933,0.449],[-71.946,0.455],[-71.945,0.466],[-71.931,0.475],[-71.93,0.481],[-71.946,0.493],[-71.946,0.5],[-71.946,0.507],[-71.946,0.52],[-71.949,0.525],[-71.959,0.532],[-71.96,0.547],[-71.969,0.545],[-71.973,0.54],[-71.969,0.531],[-71.96,0.516],[-71.96,0.511],[-71.969,0.509],[-71.976,0.518],[-71.993,0.528],[-72.002,0.529],[-72.009,0.546],[-72.014,0.568],[-72.017,0.567],[-72.015,0.576],[-72.012,0.58],[-72.001,0.588],[-71.998,0.601],[-72.008,0.603],[-72.012,0.602],[-72.013,0.613],[-72.013,0.618],[-72.015,0.628],[-72.02,0.628],[-72.03,0.634],[-72.042,0.639],[-72.038,0.642],[-72.024,0.65],[-72.005,0.667],[-71.992,0.677],[-71.977,0.693],[-71.96,0.707],[-71.936,0.733],[-71.926,0.743],[-71.899,0.765],[-71.882,0.78],[-71.869,0.791],[-71.857,0.807],[-71.847,0.818],[-71.835,0.826],[-71.814,0.846],[-71.811,0.847],[-71.802,0.874],[-71.795,0.888],[-71.791,0.896],[-71.775,0.92],[-71.765,0.95],[-71.745,0.956],[-71.731,0.948],[-71.715,0.953],[-71.696,0.947],[-71.693,0.947],[-71.675,0.955],[-71.668,0.96],[-71.66,0.973],[-71.645,0.995],[-71.638,1.0],[-71.624,1.007],[-71.616,1.011],[-71.607,1.015],[-71.601,1.034],[-71.59,1.051],[-71.588,1.063],[-71.595,1.07],[-71.592,1.086],[-71.59,1.088],[-71.576,1.082],[-71.561,1.084],[-71.559,1.093],[-71.566,1.101],[-71.57,1.107],[-71.573,1.116],[-71.569,1.128],[-71.562,1.13],[-71.554,1.127],[-71.547,1.119],[-71.544,1.089],[-71.543,1.083],[-71.537,1.077],[-71.529,1.075],[-71.517,1.074],[-71.511,1.074],[-71.507,1.077],[-71.509,1.087],[-71.514,1.099],[-71.516,1.105],[-71.518,1.114],[-71.526,1.128],[-71.526,1.131],[-71.533,1.158],[-71.544,1.171],[-71.553,1.179],[-71.551,1.19],[-71.553,1.206],[-71.558,1.228],[-71.555,1.234],[-71.555,1.238],[-71.546,1.245],[-71.544,1.257],[-71.542,1.26],[-71.538,1.266],[-71.533,1.28],[-71.533,1.295],[-71.53,1.308],[-71.52,1.316],[-71.519,1.336],[-71.516,1.344],[-71.505,1.36],[-71.5,1.375],[-71.498,1.381],[-71.497,1.388],[-71.497,1.394],[-71.497,1.398],[-71.498,1.404],[-71.5,1.405],[-71.498,1.409],[-71.494,1.421],[-71.487,1.434],[-71.484,1.445],[-71.479,1.461],[-71.474,1.477],[-71.468,1.497],[-71.463,1.51],[-71.458,1.525],[-71.451,1.533],[-71.445,1.535],[-71.439,1.535],[-71.435,1.536],[-71.432,1.536],[-71.429,1.537],[-71.425,1.54],[-71.423,1.544],[-71.422,1.548],[-71.42,1.551],[-71.418,1.554],[-71.415,1.578],[-71.411,1.601],[-71.406,1.62],[-71.406,1.628],[-71.403,1.644],[-71.399,1.661],[-71.398,1.674],[-71.395,1.681],[-71.393,1.683],[-71.387,1.683],[-71.379,1.681],[-71.373,1.679],[-71.367,1.676],[-71.36,1.671],[-71.355,1.664],[-71.352,1.663],[-71.342,1.663],[-71.337,1.66],[-71.328,1.655],[-71.319,1.649],[-71.308,1.642],[-71.3,1.639],[-71.291,1.629],[-71.285,1.626],[-71.274,1.625],[-71.263,1.627],[-71.256,1.631],[-71.25,1.637],[-71.243,1.645],[-71.236,1.652],[-71.229,1.66],[-71.218,1.672],[-71.209,1.681],[-71.205,1.686],[-71.199,1.689],[-71.19,1.694],[-71.182,1.696],[-71.176,1.698],[-71.157,1.707],[-71.113,1.719],[-71.106,1.726],[-71.099,1.732],[-71.092,1.739],[-71.089,1.743],[-71.084,1.748],[-71.082,1.75],[-71.081,1.753],[-71.072,1.754],[-71.066,1.757],[-71.06,1.758],[-71.055,1.758],[-71.051,1.757],[-71.044,1.757],[-71.036,1.758],[-71.027,1.764],[-71.024,1.766],[-71.012,1.77],[-70.998,1.775],[-70.989,1.779],[-70.984,1.783],[-70.973,1.79],[-70.963,1.795],[-70.954,1.8],[-70.949,1.805],[-70.943,1.811],[-70.938,1.814],[-70.933,1.819],[-70.925,1.824],[-70.919,1.832],[-70.914,1.843],[-70.896,1.879],[-70.888,1.873],[-70.883,1.873],[-70.86,1.878],[-70.844,1.871],[-70.841,1.87],[-70.825,1.875],[-70.807,1.878],[-70.793,1.881],[-70.779,1.884],[-70.771,1.878],[-70.767,1.873],[-70.756,1.875],[-70.756,1.88],[-70.754,1.886],[-70.738,1.879],[-70.733,1.876],[-70.723,1.874],[-70.711,1.872],[-70.702,1.868],[-70.689,1.869],[-70.684,1.87],[-70.67,1.872],[-70.664,1.874],[-70.645,1.881],[-70.63,1.886],[-70.62,1.891],[-70.604,1.889],[-70.587,1.892],[-70.568,1.892],[-70.554,1.892],[-70.538,1.908],[-70.532,1.912],[-70.521,1.913],[-70.512,1.909],[-70.51,1.906],[-70.506,1.908],[-70.5,1.911],[-70.485,1.918],[-70.469,1.926],[-70.467,1.936],[-70.469,1.94],[-70.457,1.941],[-70.441,1.945],[-70.439,1.952],[-70.438,1.957],[-70.43,1.95],[-70.429,1.947],[-70.422,1.942],[-70.416,1.945],[-70.409,1.947],[-70.398,1.952],[-70.392,1.953],[-70.379,1.954],[-70.375,1.956],[-70.372,1.959],[-70.369,1.959],[-70.367,1.959],[-70.36,1.958],[-70.353,1.952],[-70.339,1.952],[-70.324,1.957],[-70.314,1.966],[-70.304,1.968],[-70.298,1.969],[-70.295,1.973],[-70.299,1.977],[-70.282,1.977],[-70.28,1.978],[-70.272,1.981],[-70.258,1.982],[-70.234,1.984],[-70.223,1.984],[-70.221,1.983],[-70.213,1.979],[-70.21,1.988],[-70.202,1.989],[-70.191,1.991],[-70.188,1.997],[-70.175,2.006],[-70.159,2.016],[-70.144,2.027],[-70.127,2.033],[-70.117,2.033],[-70.114,2.033],[-70.114,2.027],[-70.111,2.016],[-70.11,2.004],[-70.113,1.985]]]}},{"type":"Feature","properties":{"n":"VICHADA"},"geometry":{"type":"Polygon","coordinates":[[[-67.797,6.28],[-67.768,6.272],[-67.754,6.272],[-67.711,6.272],[-67.678,6.264],[-67.627,6.261],[-67.591,6.256],[-67.57,6.245],[-67.543,6.22],[-67.525,6.208],[-67.504,6.196],[-67.51,6.16],[-67.521,6.141],[-67.526,6.126],[-67.514,6.073],[-67.509,6.058],[-67.477,6.03],[-67.462,6.007],[-67.459,5.985],[-67.475,5.965],[-67.503,5.94],[-67.514,5.928],[-67.525,5.913],[-67.544,5.895],[-67.564,5.874],[-67.601,5.835],[-67.623,5.806],[-67.63,5.77],[-67.637,5.745],[-67.64,5.719],[-67.64,5.698],[-67.647,5.665],[-67.651,5.644],[-67.652,5.63],[-67.651,5.619],[-67.652,5.589],[-67.648,5.565],[-67.641,5.531],[-67.636,5.523],[-67.64,5.505],[-67.644,5.502],[-67.649,5.492],[-67.652,5.478],[-67.664,5.463],[-67.677,5.437],[-67.691,5.427],[-67.72,5.415],[-67.752,5.396],[-67.791,5.372],[-67.807,5.359],[-67.829,5.341],[-67.846,5.328],[-67.854,5.316],[-67.866,5.295],[-67.884,5.265],[-67.892,5.246],[-67.89,5.231],[-67.877,5.215],[-67.872,5.205],[-67.867,5.19],[-67.863,5.174],[-67.863,5.156],[-67.861,5.144],[-67.868,5.129],[-67.879,5.118],[-67.872,5.097],[-67.863,5.089],[-67.853,5.066],[-67.853,5.054],[-67.848,5.038],[-67.835,5.032],[-67.835,5.012],[-67.839,4.999],[-67.842,4.992],[-67.846,4.974],[-67.851,4.953],[-67.855,4.945],[-67.865,4.92],[-67.871,4.888],[-67.877,4.854],[-67.879,4.844],[-67.881,4.834],[-67.879,4.814],[-67.874,4.798],[-67.873,4.781],[-67.872,4.773],[-67.871,4.751],[-67.873,4.736],[-67.874,4.723],[-67.877,4.71],[-67.879,4.687],[-67.888,4.672],[-67.895,4.624],[-67.909,4.589],[-67.911,4.578],[-67.916,4.551],[-67.911,4.531],[-67.901,4.505],[-67.9,4.502],[-67.883,4.471],[-67.845,4.444],[-67.833,4.425],[-67.83,4.412],[-67.817,4.382],[-67.815,4.361],[-67.815,4.349],[-67.812,4.328],[-67.813,4.309],[-67.815,4.296],[-67.817,4.277],[-67.821,4.262],[-67.82,4.247],[-67.817,4.223],[-67.817,4.21],[-67.816,4.2],[-67.816,4.183],[-67.808,4.168],[-67.793,4.142],[-67.776,4.116],[-67.766,4.097],[-67.748,4.074],[-67.738,4.056],[-67.737,4.032],[-67.714,3.997],[-67.713,3.988],[-67.732,3.965],[-67.747,3.961],[-67.758,3.957],[-67.767,3.955],[-67.774,3.953],[-67.782,3.949],[-67.786,3.944],[-67.802,3.931],[-67.809,3.926],[-67.818,3.918],[-67.838,3.906],[-67.843,3.896],[-67.853,3.888],[-67.865,3.883],[-67.87,3.88],[-67.884,3.874],[-67.893,3.868],[-67.898,3.86],[-67.906,3.86],[-67.911,3.86],[-67.916,3.869],[-67.921,3.878],[-67.924,3.888],[-67.93,3.898],[-67.935,3.903],[-67.944,3.905],[-67.953,3.909],[-67.974,3.912],[-67.99,3.923],[-68.0,3.923],[-68.012,3.924],[-68.021,3.928],[-68.022,3.936],[-68.023,3.951],[-68.035,3.956],[-68.042,3.951],[-68.051,3.938],[-68.055,3.926],[-68.057,3.922],[-68.058,3.912],[-68.06,3.907],[-68.063,3.9],[-68.073,3.897],[-68.077,3.896],[-68.077,3.902],[-68.075,3.909],[-68.074,3.919],[-68.08,3.926],[-68.092,3.924],[-68.098,3.917],[-68.102,3.903],[-68.109,3.898],[-68.125,3.896],[-68.128,3.899],[-68.126,3.914],[-68.124,3.923],[-68.121,3.932],[-68.128,3.94],[-68.142,3.939],[-68.155,3.938],[-68.169,3.939],[-68.179,3.942],[-68.189,3.946],[-68.199,3.947],[-68.212,3.948],[-68.222,3.948],[-68.212,3.942],[-68.204,3.937],[-68.202,3.934],[-68.2,3.93],[-68.2,3.925],[-68.2,3.918],[-68.206,3.914],[-68.215,3.912],[-68.235,3.922],[-68.257,3.928],[-68.273,3.929],[-68.294,3.928],[-68.305,3.93],[-68.316,3.933],[-68.331,3.94],[-68.338,3.941],[-68.339,3.931],[-68.339,3.926],[-68.347,3.922],[-68.354,3.914],[-68.354,3.909],[-68.354,3.9],[-68.354,3.894],[-68.354,3.887],[-68.347,3.873],[-68.35,3.866],[-68.358,3.863],[-68.371,3.861],[-68.377,3.861],[-68.383,3.865],[-68.397,3.868],[-68.406,3.868],[-68.422,3.868],[-68.425,3.866],[-68.428,3.856],[-68.424,3.847],[-68.411,3.84],[-68.397,3.832],[-68.385,3.823],[-68.384,3.814],[-68.387,3.805],[-68.4,3.805],[-68.414,3.813],[-68.423,3.822],[-68.439,3.825],[-68.438,3.82],[-68.437,3.809],[-68.438,3.804],[-68.455,3.796],[-68.472,3.793],[-68.483,3.791],[-68.492,3.783],[-68.509,3.77],[-68.51,3.765],[-68.508,3.755],[-68.508,3.75],[-68.506,3.742],[-68.511,3.738],[-68.525,3.747],[-68.541,3.754],[-68.548,3.759],[-68.563,3.763],[-68.564,3.752],[-68.554,3.744],[-68.548,3.735],[-68.548,3.727],[-68.558,3.724],[-68.56,3.727],[-68.57,3.737],[-68.579,3.741],[-68.589,3.74],[-68.6,3.734],[-68.609,3.736],[-68.624,3.73],[-68.634,3.729],[-68.642,3.74],[-68.654,3.754],[-68.671,3.751],[-68.675,3.742],[-68.661,3.735],[-68.653,3.728],[-68.655,3.722],[-68.673,3.725],[-68.685,3.722],[-68.731,3.719],[-68.756,3.732],[-68.774,3.716],[-68.774,3.686],[-68.775,3.682],[-68.782,3.676],[-68.79,3.673],[-68.794,3.673],[-68.807,3.676],[-68.819,3.683],[-68.83,3.686],[-68.856,3.68],[-68.853,3.668],[-68.837,3.651],[-68.83,3.641],[-68.826,3.631],[-68.831,3.627],[-68.842,3.632],[-68.86,3.642],[-68.878,3.643],[-68.895,3.646],[-68.905,3.65],[-68.918,3.655],[-68.918,3.672],[-68.924,3.682],[-68.933,3.694],[-68.947,3.69],[-68.945,3.68],[-68.937,3.667],[-68.934,3.653],[-68.932,3.642],[-68.934,3.636],[-68.938,3.632],[-68.945,3.632],[-68.956,3.638],[-68.968,3.642],[-68.979,3.642],[-68.995,3.635],[-69.018,3.628],[-69.035,3.613],[-69.046,3.603],[-69.053,3.593],[-69.061,3.593],[-69.066,3.603],[-69.071,3.61],[-69.081,3.609],[-69.099,3.604],[-69.102,3.616],[-69.102,3.626],[-69.112,3.636],[-69.131,3.623],[-69.144,3.618],[-69.161,3.608],[-69.162,3.603],[-69.177,3.593],[-69.193,3.602],[-69.173,3.614],[-69.164,3.627],[-69.17,3.641],[-69.192,3.636],[-69.197,3.65],[-69.212,3.658],[-69.217,3.643],[-69.22,3.636],[-69.231,3.631],[-69.241,3.631],[-69.243,3.637],[-69.241,3.648],[-69.242,3.661],[-69.264,3.672],[-69.272,3.677],[-69.274,3.664],[-69.271,3.655],[-69.263,3.631],[-69.265,3.612],[-69.272,3.606],[-69.276,3.603],[-69.302,3.595],[-69.302,3.609],[-69.301,3.619],[-69.297,3.634],[-69.293,3.64],[-69.287,3.653],[-69.29,3.663],[-69.306,3.668],[-69.332,3.657],[-69.351,3.643],[-69.374,3.63],[-69.397,3.62],[-69.405,3.62],[-69.412,3.625],[-69.427,3.634],[-69.433,3.643],[-69.44,3.657],[-69.451,3.668],[-69.467,3.674],[-69.479,3.659],[-69.487,3.64],[-69.489,3.629],[-69.498,3.617],[-69.504,3.635],[-69.52,3.641],[-69.543,3.641],[-69.565,3.64],[-69.58,3.642],[-69.6,3.635],[-69.592,3.631],[-69.589,3.612],[-69.593,3.58],[-69.594,3.553],[-69.597,3.533],[-69.608,3.528],[-69.611,3.543],[-69.619,3.552],[-69.628,3.533],[-69.641,3.525],[-69.65,3.531],[-69.664,3.537],[-69.68,3.527],[-69.684,3.511],[-69.697,3.492],[-69.699,3.493],[-69.702,3.515],[-69.702,3.526],[-69.712,3.541],[-69.725,3.546],[-69.743,3.54],[-69.736,3.532],[-69.725,3.514],[-69.727,3.507],[-69.737,3.506],[-69.751,3.512],[-69.762,3.516],[-69.78,3.519],[-69.792,3.507],[-69.791,3.487],[-69.791,3.475],[-69.798,3.463],[-69.804,3.462],[-69.808,3.466],[-69.811,3.477],[-69.815,3.489],[-69.822,3.501],[-69.831,3.51],[-69.843,3.512],[-69.854,3.501],[-69.853,3.491],[-69.849,3.477],[-69.842,3.471],[-69.828,3.455],[-69.82,3.443],[-69.811,3.431],[-69.805,3.419],[-69.809,3.415],[-69.816,3.414],[-69.827,3.416],[-69.835,3.423],[-69.844,3.436],[-69.851,3.448],[-69.86,3.46],[-69.869,3.475],[-69.873,3.481],[-69.883,3.493],[-69.896,3.502],[-69.913,3.504],[-69.917,3.493],[-69.906,3.48],[-69.894,3.474],[-69.887,3.467],[-69.88,3.45],[-69.876,3.439],[-69.869,3.425],[-69.862,3.405],[-69.868,3.397],[-69.869,3.38],[-69.87,3.371],[-69.877,3.367],[-69.888,3.369],[-69.898,3.376],[-69.914,3.385],[-69.933,3.403],[-69.958,3.419],[-69.964,3.396],[-69.955,3.384],[-69.947,3.369],[-69.942,3.358],[-69.945,3.354],[-69.96,3.344],[-69.968,3.343],[-69.977,3.337],[-69.983,3.332],[-70.001,3.33],[-70.009,3.335],[-70.012,3.346],[-70.016,3.358],[-70.02,3.365],[-70.024,3.372],[-70.035,3.378],[-70.056,3.373],[-70.056,3.372],[-70.081,3.351],[-70.092,3.345],[-70.098,3.341],[-70.105,3.345],[-70.113,3.349],[-70.129,3.34],[-70.131,3.329],[-70.14,3.323],[-70.156,3.318],[-70.172,3.307],[-70.168,3.296],[-70.157,3.287],[-70.143,3.279],[-70.132,3.267],[-70.12,3.263],[-70.109,3.257],[-70.107,3.248],[-70.119,3.242],[-70.134,3.243],[-70.139,3.24],[-70.151,3.235],[-70.144,3.212],[-70.128,3.201],[-70.121,3.186],[-70.12,3.165],[-70.124,3.157],[-70.135,3.157],[-70.141,3.165],[-70.153,3.179],[-70.167,3.184],[-70.172,3.175],[-70.165,3.165],[-70.164,3.141],[-70.176,3.128],[-70.185,3.128],[-70.194,3.145],[-70.205,3.15],[-70.212,3.155],[-70.218,3.148],[-70.216,3.14],[-70.222,3.134],[-70.23,3.131],[-70.24,3.117],[-70.248,3.105],[-70.253,3.1],[-70.273,3.083],[-70.28,3.075],[-70.291,3.053],[-70.298,3.049],[-70.311,3.039],[-70.314,3.029],[-70.298,3.033],[-70.283,3.028],[-70.275,3.026],[-70.264,3.022],[-70.257,3.013],[-70.254,3.001],[-70.271,2.992],[-70.29,2.995],[-70.298,2.985],[-70.287,2.97],[-70.28,2.948],[-70.277,2.935],[-70.28,2.911],[-70.285,2.899],[-70.294,2.884],[-70.301,2.876],[-70.315,2.872],[-70.33,2.866],[-70.347,2.854],[-70.35,2.842],[-70.343,2.829],[-70.35,2.807],[-70.369,2.801],[-70.399,2.796],[-70.421,2.794],[-70.453,2.78],[-70.465,2.775],[-70.487,2.77],[-70.502,2.753],[-70.502,2.747],[-70.516,2.747],[-70.526,2.754],[-70.542,2.763],[-70.564,2.776],[-70.601,2.798],[-70.612,2.781],[-70.613,2.767],[-70.616,2.757],[-70.626,2.763],[-70.632,2.788],[-70.64,2.808],[-70.66,2.817],[-70.665,2.783],[-70.657,2.766],[-70.656,2.756],[-70.666,2.745],[-70.681,2.729],[-70.699,2.714],[-70.714,2.708],[-70.72,2.717],[-70.722,2.731],[-70.723,2.743],[-70.735,2.746],[-70.753,2.737],[-70.768,2.729],[-70.805,2.726],[-70.802,2.737],[-70.785,2.742],[-70.782,2.752],[-70.805,2.754],[-70.827,2.755],[-70.851,2.756],[-70.863,2.746],[-70.866,2.741],[-70.878,2.745],[-70.865,2.764],[-70.86,2.788],[-70.862,2.789],[-70.874,2.794],[-70.885,2.784],[-70.889,2.772],[-70.888,2.763],[-70.9,2.768],[-70.906,2.774],[-70.912,2.787],[-70.921,2.812],[-70.936,2.821],[-70.944,2.811],[-70.945,2.788],[-70.942,2.772],[-70.937,2.76],[-70.949,2.75],[-70.956,2.758],[-70.957,2.781],[-70.953,2.792],[-70.965,2.796],[-70.984,2.796],[-71.001,2.795],[-71.022,2.803],[-71.027,2.801],[-71.041,2.789],[-71.057,2.778],[-71.061,2.788],[-71.059,2.811],[-71.058,2.827],[-71.071,2.835],[-71.095,2.846],[-71.098,3.343],[-71.086,4.187],[-71.08,4.445],[-71.075,4.672],[-71.085,4.86],[-71.085,4.863],[-71.082,4.866],[-71.076,4.875],[-71.067,4.886],[-71.063,4.89],[-71.039,4.916],[-71.036,4.918],[-71.029,4.928],[-71.024,4.934],[-71.017,4.947],[-71.012,4.962],[-71.007,4.972],[-71.002,4.988],[-70.999,5.0],[-70.999,5.003],[-70.989,5.022],[-70.988,5.035],[-70.981,5.045],[-70.977,5.054],[-70.972,5.062],[-70.963,5.073],[-70.954,5.083],[-70.944,5.083],[-70.929,5.086],[-70.922,5.088],[-70.915,5.089],[-70.913,5.089],[-70.895,5.093],[-70.868,5.105],[-70.852,5.12],[-70.848,5.133],[-70.836,5.149],[-70.82,5.157],[-70.804,5.166],[-70.789,5.175],[-70.77,5.189],[-70.752,5.198],[-70.74,5.208],[-70.726,5.226],[-70.714,5.24],[-70.705,5.255],[-70.697,5.268],[-70.695,5.306],[-70.692,5.322],[-70.683,5.331],[-70.669,5.341],[-70.651,5.354],[-70.639,5.361],[-70.633,5.364],[-70.601,5.384],[-70.596,5.391],[-70.577,5.407],[-70.563,5.415],[-70.548,5.423],[-70.535,5.434],[-70.523,5.448],[-70.51,5.459],[-70.501,5.468],[-70.486,5.477],[-70.446,5.502],[-70.442,5.504],[-70.433,5.51],[-70.418,5.518],[-70.401,5.523],[-70.391,5.529],[-70.388,5.529],[-70.381,5.531],[-70.363,5.534],[-70.349,5.534],[-70.324,5.533],[-70.296,5.533],[-70.276,5.536],[-70.256,5.54],[-70.24,5.545],[-70.221,5.558],[-70.205,5.565],[-70.188,5.566],[-70.142,5.588],[-70.128,5.598],[-70.126,5.618],[-70.124,5.623],[-70.116,5.634],[-70.1,5.635],[-70.088,5.64],[-70.05,5.654],[-70.049,5.666],[-70.052,5.678],[-70.047,5.695],[-70.037,5.71],[-70.02,5.722],[-70.003,5.741],[-69.999,5.763],[-69.98,5.798],[-69.971,5.818],[-69.955,5.836],[-69.942,5.858],[-69.938,5.876],[-69.931,5.889],[-69.923,5.892],[-69.907,5.909],[-69.892,5.927],[-69.882,5.955],[-69.875,5.967],[-69.861,5.983],[-69.853,5.991],[-69.85,6.001],[-69.848,6.005],[-69.846,6.009],[-69.821,6.002],[-69.806,6.0],[-69.794,6.005],[-69.784,6.009],[-69.771,6.005],[-69.739,5.998],[-69.713,5.991],[-69.696,5.993],[-69.679,5.993],[-69.655,5.991],[-69.632,5.989],[-69.623,5.989],[-69.607,5.992],[-69.591,6.002],[-69.564,6.007],[-69.542,6.018],[-69.521,6.02],[-69.49,6.023],[-69.481,6.022],[-69.47,6.031],[-69.458,6.033],[-69.452,6.04],[-69.452,6.051],[-69.448,6.056],[-69.443,6.066],[-69.447,6.069],[-69.436,6.07],[-69.415,6.08],[-69.392,6.09],[-69.365,6.104],[-69.356,6.096],[-69.352,6.082],[-69.329,6.051],[-69.308,6.047],[-69.247,6.062],[-69.234,6.071],[-69.217,6.099],[-69.189,6.11],[-69.175,6.124],[-69.155,6.152],[-69.137,6.185],[-69.121,6.184],[-69.093,6.176],[-69.025,6.175],[-68.991,6.173],[-68.97,6.148],[-68.949,6.15],[-68.907,6.155],[-68.876,6.155],[-68.857,6.15],[-68.815,6.126],[-68.776,6.12],[-68.704,6.105],[-68.665,6.105],[-68.634,6.111],[-68.607,6.127],[-68.575,6.124],[-68.563,6.107],[-68.556,6.107],[-68.52,6.125],[-68.471,6.148],[-68.445,6.153],[-68.416,6.156],[-68.34,6.149],[-68.317,6.149],[-68.287,6.156],[-68.263,6.172],[-68.237,6.184],[-68.172,6.202],[-68.126,6.209],[-68.098,6.198],[-68.078,6.192],[-68.065,6.186],[-68.044,6.187],[-68.032,6.187],[-68.004,6.175],[-67.977,6.187],[-67.961,6.195],[-67.937,6.235],[-67.904,6.253],[-67.853,6.277],[-67.824,6.295],[-67.797,6.28]]]}},{"type":"Feature","properties":{"n":"ARCHIPIELAGO DE SAN ANDRES PROVIDENCIA Y SANTA CATALINA"},"geometry":{"type":"MultiPolygon","coordinates":[[[[-81.713,12.595],[-81.712,12.595],[-81.712,12.596],[-81.711,12.596],[-81.71,12.596],[-81.71,12.597],[-81.709,12.597],[-81.708,12.597],[-81.707,12.597],[-81.706,12.596],[-81.706,12.595],[-81.705,12.595],[-81.704,12.595],[-81.704,12.594],[-81.704,12.593],[-81.704,12.592],[-81.703,12.592],[-81.703,12.591],[-81.703,12.59],[-81.702,12.59],[-81.702,12.589],[-81.701,12.589],[-81.7,12.589],[-81.699,12.589],[-81.698,12.589],[-81.698,12.588],[-81.697,12.588],[-81.696,12.588],[-81.696,12.587],[-81.695,12.587],[-81.695,12.586],[-81.694,12.586],[-81.693,12.586],[-81.692,12.586],[-81.691,12.586],[-81.691,12.585],[-81.692,12.585],[-81.691,12.585],[-81.69,12.585],[-81.69,12.584],[-81.69,12.583],[-81.691,12.583],[-81.691,12.582],[-81.691,12.583],[-81.692,12.582],[-81.692,12.583],[-81.692,12.582],[-81.693,12.582],[-81.693,12.583],[-81.694,12.583],[-81.694,12.582],[-81.694,12.583],[-81.695,12.583],[-81.696,12.583],[-81.697,12.583],[-81.698,12.583],[-81.698,12.582],[-81.698,12.583],[-81.699,12.583],[-81.699,12.582],[-81.7,12.582],[-81.701,12.582],[-81.701,12.581],[-81.702,12.581],[-81.702,12.58],[-81.703,12.58],[-81.704,12.58],[-81.704,12.579],[-81.705,12.579],[-81.704,12.579],[-81.705,12.579],[-81.705,12.578],[-81.706,12.578],[-81.706,12.577],[-81.704,12.575],[-81.703,12.575],[-81.703,12.574],[-81.703,12.573],[-81.704,12.573],[-81.704,12.572],[-81.704,12.573],[-81.704,12.572],[-81.705,12.572],[-81.705,12.571],[-81.706,12.571],[-81.707,12.571],[-81.707,12.572],[-81.708,12.572],[-81.709,12.572],[-81.709,12.573],[-81.71,12.573],[-81.709,12.573],[-81.708,12.573],[-81.707,12.573],[-81.708,12.574],[-81.709,12.574],[-81.71,12.574],[-81.71,12.575],[-81.711,12.575],[-81.71,12.575],[-81.71,12.574],[-81.711,12.574],[-81.711,12.573],[-81.71,12.573],[-81.711,12.573],[-81.711,12.572],[-81.711,12.573],[-81.71,12.573],[-81.71,12.572],[-81.709,12.572],[-81.71,12.572],[-81.71,12.571],[-81.709,12.571],[-81.709,12.57],[-81.708,12.57],[-81.708,12.571],[-81.707,12.571],[-81.707,12.572],[-81.707,12.571],[-81.706,12.571],[-81.707,12.571],[-81.707,12.57],[-81.706,12.57],[-81.705,12.57],[-81.704,12.57],[-81.704,12.569],[-81.703,12.569],[-81.704,12.569],[-81.703,12.569],[-81.703,12.568],[-81.704,12.568],[-81.704,12.567],[-81.705,12.567],[-81.706,12.567],[-81.705,12.567],[-81.706,12.567],[-81.706,12.566],[-81.707,12.567],[-81.708,12.567],[-81.709,12.567],[-81.71,12.567],[-81.71,12.566],[-81.711,12.566],[-81.71,12.565],[-81.711,12.565],[-81.71,12.565],[-81.71,12.564],[-81.709,12.564],[-81.708,12.564],[-81.708,12.563],[-81.708,12.564],[-81.708,12.563],[-81.708,12.564],[-81.707,12.564],[-81.707,12.563],[-81.707,12.562],[-81.707,12.561],[-81.707,12.56],[-81.707,12.559],[-81.707,12.558],[-81.707,12.557],[-81.707,12.556],[-81.707,12.555],[-81.708,12.555],[-81.708,12.554],[-81.707,12.554],[-81.708,12.554],[-81.708,12.553],[-81.708,12.552],[-81.708,12.551],[-81.708,12.55],[-81.707,12.55],[-81.707,12.549],[-81.707,12.548],[-81.707,12.547],[-81.707,12.546],[-81.708,12.546],[-81.709,12.546],[-81.709,12.545],[-81.71,12.545],[-81.711,12.545],[-81.711,12.544],[-81.711,12.543],[-81.711,12.542],[-81.711,12.541],[-81.711,12.54],[-81.711,12.539],[-81.711,12.538],[-81.71,12.538],[-81.71,12.537],[-81.71,12.536],[-81.711,12.536],[-81.71,12.536],[-81.71,12.535],[-81.71,12.534],[-81.71,12.533],[-81.711,12.533],[-81.711,12.532],[-81.711,12.531],[-81.712,12.531],[-81.712,12.53],[-81.713,12.53],[-81.713,12.529],[-81.714,12.528],[-81.715,12.528],[-81.715,12.527],[-81.716,12.527],[-81.716,12.526],[-81.717,12.526],[-81.717,12.525],[-81.717,12.524],[-81.717,12.523],[-81.717,12.522],[-81.717,12.521],[-81.717,12.52],[-81.717,12.519],[-81.717,12.518],[-81.718,12.518],[-81.718,12.517],[-81.718,12.516],[-81.718,12.515],[-81.718,12.514],[-81.718,12.513],[-81.718,12.512],[-81.718,12.511],[-81.719,12.511],[-81.719,12.51],[-81.719,12.509],[-81.719,12.508],[-81.719,12.507],[-81.719,12.506],[-81.72,12.506],[-81.72,12.505],[-81.721,12.504],[-81.721,12.503],[-81.72,12.503],[-81.721,12.503],[-81.721,12.502],[-81.721,12.501],[-81.722,12.501],[-81.722,12.5],[-81.722,12.499],[-81.723,12.499],[-81.723,12.498],[-81.724,12.498],[-81.724,12.497],[-81.724,12.496],[-81.724,12.495],[-81.725,12.495],[-81.725,12.494],[-81.725,12.493],[-81.726,12.493],[-81.726,12.492],[-81.726,12.491],[-81.727,12.491],[-81.727,12.49],[-81.728,12.489],[-81.728,12.488],[-81.729,12.488],[-81.729,12.487],[-81.729,12.486],[-81.73,12.486],[-81.73,12.485],[-81.731,12.484],[-81.731,12.483],[-81.732,12.483],[-81.733,12.483],[-81.734,12.483],[-81.734,12.484],[-81.735,12.484],[-81.735,12.485],[-81.736,12.485],[-81.736,12.486],[-81.736,12.487],[-81.737,12.487],[-81.737,12.488],[-81.737,12.489],[-81.738,12.489],[-81.738,12.49],[-81.738,12.491],[-81.738,12.492],[-81.739,12.493],[-81.739,12.494],[-81.739,12.495],[-81.738,12.495],[-81.738,12.496],[-81.739,12.497],[-81.738,12.497],[-81.738,12.498],[-81.739,12.498],[-81.738,12.498],[-81.738,12.499],[-81.738,12.5],[-81.737,12.501],[-81.737,12.502],[-81.736,12.502],[-81.736,12.503],[-81.735,12.503],[-81.735,12.504],[-81.735,12.505],[-81.734,12.505],[-81.734,12.506],[-81.733,12.506],[-81.733,12.507],[-81.733,12.508],[-81.733,12.509],[-81.733,12.51],[-81.733,12.511],[-81.733,12.512],[-81.733,12.513],[-81.733,12.514],[-81.734,12.514],[-81.733,12.514],[-81.734,12.514],[-81.733,12.514],[-81.733,12.515],[-81.733,12.516],[-81.733,12.517],[-81.733,12.518],[-81.733,12.519],[-81.733,12.52],[-81.733,12.521],[-81.732,12.521],[-81.733,12.521],[-81.732,12.521],[-81.733,12.521],[-81.732,12.521],[-81.733,12.521],[-81.733,12.522],[-81.732,12.522],[-81.732,12.523],[-81.732,12.524],[-81.732,12.525],[-81.732,12.526],[-81.733,12.526],[-81.733,12.527],[-81.733,12.528],[-81.733,12.527],[-81.732,12.527],[-81.732,12.528],[-81.731,12.528],[-81.731,12.529],[-81.732,12.529],[-81.733,12.529],[-81.734,12.529],[-81.734,12.53],[-81.735,12.53],[-81.736,12.53],[-81.737,12.531],[-81.737,12.53],[-81.737,12.531],[-81.738,12.531],[-81.738,12.532],[-81.739,12.532],[-81.739,12.533],[-81.739,12.534],[-81.739,12.535],[-81.738,12.536],[-81.738,12.537],[-81.737,12.537],[-81.737,12.538],[-81.737,12.539],[-81.737,12.54],[-81.736,12.54],[-81.736,12.541],[-81.736,12.542],[-81.736,12.543],[-81.736,12.544],[-81.735,12.544],[-81.735,12.545],[-81.735,12.546],[-81.735,12.547],[-81.735,12.548],[-81.735,12.549],[-81.734,12.549],[-81.733,12.549],[-81.733,12.55],[-81.733,12.551],[-81.734,12.551],[-81.734,12.552],[-81.735,12.552],[-81.734,12.552],[-81.735,12.552],[-81.735,12.553],[-81.735,12.554],[-81.735,12.555],[-81.735,12.556],[-81.735,12.557],[-81.736,12.557],[-81.736,12.558],[-81.736,12.559],[-81.735,12.559],[-81.735,12.56],[-81.735,12.561],[-81.734,12.561],[-81.734,12.562],[-81.733,12.562],[-81.733,12.563],[-81.732,12.563],[-81.732,12.564],[-81.731,12.564],[-81.731,12.565],[-81.731,12.566],[-81.73,12.566],[-81.73,12.567],[-81.729,12.567],[-81.729,12.568],[-81.728,12.568],[-81.728,12.569],[-81.727,12.569],[-81.727,12.57],[-81.726,12.57],[-81.727,12.57],[-81.727,12.571],[-81.727,12.572],[-81.727,12.573],[-81.726,12.573],[-81.726,12.574],[-81.726,12.575],[-81.726,12.576],[-81.726,12.577],[-81.726,12.578],[-81.726,12.579],[-81.726,12.58],[-81.726,12.581],[-81.725,12.581],[-81.725,12.582],[-81.725,12.583],[-81.724,12.583],[-81.724,12.584],[-81.723,12.584],[-81.723,12.585],[-81.722,12.585],[-81.722,12.586],[-81.721,12.586],[-81.721,12.587],[-81.72,12.587],[-81.72,12.588],[-81.719,12.588],[-81.719,12.589],[-81.718,12.589],[-81.717,12.59],[-81.717,12.591],[-81.716,12.591],[-81.716,12.592],[-81.715,12.592],[-81.715,12.593],[-81.714,12.593],[-81.714,12.594],[-81.713,12.594],[-81.713,12.595]]],[[[-81.373,13.389],[-81.373,13.388],[-81.373,13.387],[-81.374,13.387],[-81.374,13.386],[-81.374,13.385],[-81.375,13.385],[-81.375,13.386],[-81.376,13.386],[-81.376,13.385],[-81.377,13.385],[-81.378,13.385],[-81.379,13.385],[-81.379,13.384],[-81.38,13.384],[-81.38,13.385],[-81.381,13.385],[-81.381,13.386],[-81.381,13.387],[-81.382,13.387],[-81.383,13.387],[-81.383,13.388],[-81.384,13.388],[-81.384,13.389],[-81.385,13.389],[-81.384,13.389],[-81.384,13.39],[-81.384,13.391],[-81.385,13.391],[-81.384,13.391],[-81.384,13.392],[-81.384,13.393],[-81.383,13.393],[-81.383,13.394],[-81.383,13.395],[-81.383,13.394],[-81.382,13.394],[-81.382,13.395],[-81.381,13.395],[-81.381,13.396],[-81.38,13.396],[-81.379,13.396],[-81.378,13.396],[-81.378,13.397],[-81.378,13.396],[-81.378,13.397],[-81.377,13.397],[-81.377,13.396],[-81.376,13.396],[-81.376,13.397],[-81.375,13.397],[-81.374,13.397],[-81.373,13.397],[-81.372,13.397],[-81.372,13.396],[-81.373,13.396],[-81.373,13.395],[-81.374,13.395],[-81.374,13.394],[-81.375,13.394],[-81.375,13.393],[-81.375,13.392],[-81.374,13.392],[-81.374,13.391],[-81.375,13.391],[-81.374,13.391],[-81.375,13.391],[-81.375,13.39],[-81.374,13.39],[-81.373,13.39],[-81.372,13.39],[-81.372,13.389],[-81.373,13.389],[-81.373,13.388],[-81.373,13.389]]],[[[-81.37,13.386],[-81.37,13.387],[-81.37,13.386],[-81.37,13.387],[-81.37,13.388],[-81.369,13.388],[-81.369,13.389],[-81.368,13.389],[-81.368,13.388],[-81.367,13.388],[-81.367,13.387],[-81.367,13.386],[-81.366,13.386],[-81.366,13.385],[-81.366,13.384],[-81.366,13.383],[-81.366,13.382],[-81.365,13.382],[-81.364,13.382],[-81.364,13.381],[-81.364,13.382],[-81.363,13.381],[-81.362,13.381],[-81.361,13.381],[-81.361,13.382],[-81.361,13.381],[-81.36,13.381],[-81.359,13.381],[-81.358,13.381],[-81.358,13.38],[-81.357,13.38],[-81.357,13.379],[-81.358,13.379],[-81.358,13.378],[-81.358,13.377],[-81.359,13.377],[-81.359,13.376],[-81.36,13.376],[-81.36,13.375],[-81.361,13.375],[-81.361,13.374],[-81.362,13.374],[-81.362,13.373],[-81.361,13.373],[-81.36,13.373],[-81.36,13.372],[-81.361,13.372],[-81.36,13.372],[-81.361,13.372],[-81.361,13.371],[-81.36,13.371],[-81.36,13.37],[-81.36,13.369],[-81.359,13.369],[-81.359,13.368],[-81.359,13.367],[-81.358,13.367],[-81.359,13.367],[-81.358,13.367],[-81.358,13.366],[-81.358,13.365],[-81.357,13.365],[-81.357,13.364],[-81.358,13.364],[-81.359,13.364],[-81.36,13.364],[-81.36,13.363],[-81.361,13.363],[-81.36,13.363],[-81.36,13.362],[-81.36,13.363],[-81.36,13.362],[-81.36,13.363],[-81.359,13.363],[-81.358,13.363],[-81.358,13.364],[-81.357,13.364],[-81.357,13.363],[-81.356,13.363],[-81.356,13.364],[-81.355,13.364],[-81.354,13.364],[-81.354,13.365],[-81.354,13.364],[-81.354,13.365],[-81.353,13.365],[-81.353,13.364],[-81.352,13.364],[-81.352,13.363],[-81.352,13.362],[-81.353,13.362],[-81.353,13.361],[-81.353,13.36],[-81.353,13.359],[-81.354,13.359],[-81.355,13.359],[-81.356,13.359],[-81.356,13.358],[-81.357,13.358],[-81.358,13.358],[-81.358,13.357],[-81.359,13.357],[-81.359,13.356],[-81.36,13.356],[-81.36,13.355],[-81.359,13.355],[-81.359,13.354],[-81.359,13.353],[-81.359,13.352],[-81.36,13.352],[-81.359,13.352],[-81.359,13.351],[-81.359,13.35],[-81.359,13.349],[-81.359,13.348],[-81.359,13.347],[-81.359,13.346],[-81.359,13.345],[-81.359,13.344],[-81.36,13.344],[-81.36,13.343],[-81.36,13.342],[-81.361,13.342],[-81.361,13.341],[-81.362,13.341],[-81.362,13.34],[-81.362,13.339],[-81.363,13.339],[-81.363,13.338],[-81.363,13.337],[-81.364,13.337],[-81.364,13.336],[-81.364,13.337],[-81.365,13.337],[-81.365,13.336],[-81.366,13.336],[-81.367,13.336],[-81.368,13.336],[-81.369,13.336],[-81.37,13.335],[-81.371,13.335],[-81.372,13.335],[-81.372,13.334],[-81.373,13.334],[-81.373,13.333],[-81.373,13.332],[-81.374,13.332],[-81.375,13.332],[-81.375,13.331],[-81.376,13.331],[-81.376,13.33],[-81.376,13.329],[-81.377,13.329],[-81.377,13.328],[-81.378,13.328],[-81.378,13.327],[-81.379,13.327],[-81.38,13.327],[-81.38,13.326],[-81.381,13.326],[-81.382,13.326],[-81.382,13.327],[-81.383,13.327],[-81.384,13.327],[-81.385,13.326],[-81.386,13.326],[-81.387,13.326],[-81.387,13.325],[-81.388,13.325],[-81.388,13.324],[-81.389,13.324],[-81.389,13.323],[-81.39,13.323],[-81.391,13.323],[-81.392,13.323],[-81.392,13.324],[-81.393,13.324],[-81.394,13.324],[-81.393,13.324],[-81.393,13.325],[-81.394,13.325],[-81.393,13.325],[-81.394,13.325],[-81.394,13.326],[-81.394,13.327],[-81.394,13.328],[-81.395,13.328],[-81.395,13.329],[-81.396,13.329],[-81.395,13.329],[-81.395,13.33],[-81.395,13.331],[-81.395,13.332],[-81.394,13.332],[-81.394,13.333],[-81.394,13.334],[-81.394,13.335],[-81.395,13.335],[-81.395,13.336],[-81.395,13.337],[-81.396,13.337],[-81.396,13.338],[-81.396,13.339],[-81.396,13.34],[-81.397,13.34],[-81.397,13.341],[-81.398,13.341],[-81.399,13.341],[-81.399,13.342],[-81.4,13.342],[-81.399,13.342],[-81.399,13.343],[-81.399,13.344],[-81.399,13.345],[-81.398,13.345],[-81.398,13.346],[-81.397,13.346],[-81.397,13.347],[-81.397,13.348],[-81.397,13.349],[-81.397,13.35],[-81.396,13.35],[-81.396,13.351],[-81.396,13.352],[-81.396,13.353],[-81.396,13.354],[-81.397,13.354],[-81.397,13.355],[-81.397,13.356],[-81.397,13.357],[-81.396,13.357],[-81.396,13.358],[-81.397,13.358],[-81.397,13.359],[-81.396,13.359],[-81.396,13.36],[-81.395,13.36],[-81.395,13.361],[-81.396,13.361],[-81.396,13.362],[-81.395,13.362],[-81.395,13.363],[-81.394,13.363],[-81.394,13.364],[-81.393,13.365],[-81.393,13.366],[-81.392,13.366],[-81.392,13.367],[-81.392,13.368],[-81.392,13.369],[-81.391,13.369],[-81.391,13.37],[-81.391,13.369],[-81.391,13.37],[-81.39,13.37],[-81.39,13.371],[-81.389,13.371],[-81.389,13.372],[-81.389,13.373],[-81.388,13.373],[-81.387,13.373],[-81.386,13.373],[-81.386,13.374],[-81.385,13.374],[-81.385,13.375],[-81.384,13.375],[-81.384,13.374],[-81.383,13.374],[-81.382,13.374],[-81.382,13.373],[-81.381,13.373],[-81.381,13.372],[-81.381,13.373],[-81.38,13.373],[-81.379,13.373],[-81.379,13.372],[-81.378,13.372],[-81.378,13.373],[-81.377,13.373],[-81.376,13.373],[-81.376,13.374],[-81.375,13.374],[-81.375,13.375],[-81.374,13.375],[-81.374,13.376],[-81.373,13.376],[-81.373,13.377],[-81.373,13.378],[-81.373,13.379],[-81.374,13.379],[-81.374,13.38],[-81.374,13.381],[-81.374,13.382],[-81.373,13.382],[-81.373,13.383],[-81.373,13.384],[-81.374,13.384],[-81.373,13.384],[-81.373,13.385],[-81.372,13.385],[-81.371,13.385],[-81.371,13.386],[-81.371,13.385],[-81.371,13.386],[-81.37,13.386]]]]}}]}